,outlier_variable,iqr_flag,modified_z_flag,modified_z_score,longitude,latitude,housing_median_age,total_rooms,total_bedrooms,population,households,median_income,median_house_value,ocean_proximity
52,latitude,False,True,3.526044715447163,-121.83,40.69,14.0,821.0,170.0,477.0,129.0,3.15,87500.0,INLAND
58,latitude,False,True,3.6795894308943184,-121.89,40.97,26.0,1183.0,276.0,513.0,206.0,2.225,52000.0,INLAND
194,latitude,False,True,3.6137845528455395,-122.45,40.85,20.0,2701.0,573.0,892.0,358.0,2.7736,107800.0,INLAND
215,latitude,False,True,3.5699146341463535,-124.16,40.77,35.0,2141.0,438.0,1053.0,434.0,2.8529,85600.0,NEAR OCEAN
249,latitude,False,True,3.575398373983751,-124.18,40.78,34.0,1592.0,364.0,950.0,317.0,2.1607,67000.0,NEAR OCEAN
437,latitude,False,True,3.5808821138211484,-123.48,40.79,15.0,619.0,160.0,287.0,104.0,1.9107,79200.0,INLAND
640,latitude,False,True,3.515077235772369,-124.14,40.67,23.0,580.0,117.0,320.0,109.0,4.2054,130600.0,NEAR OCEAN
679,latitude,False,True,3.50410975609757,-120.77,40.65,11.0,2635.0,667.0,280.0,132.0,1.7214,118300.0,INLAND
718,latitude,False,True,3.887971544715459,-120.51,41.35,16.0,2843.0,564.0,892.0,386.0,2.5074,69100.0,INLAND
778,latitude,False,True,3.6302357723577354,-123.53,40.88,20.0,2680.0,599.0,918.0,345.0,2.2115,75000.0,INLAND
815,latitude,False,True,3.575398373983751,-124.16,40.78,46.0,1975.0,346.0,791.0,349.0,3.8,81800.0,NEAR OCEAN
880,latitude,False,True,4.101837398373997,-124.16,41.74,15.0,2715.0,569.0,1532.0,530.0,2.1829,69500.0,NEAR OCEAN
1313,latitude,False,True,3.8715203252032633,-122.09,41.32,52.0,4019.0,824.0,1728.0,706.0,2.2462,62900.0,INLAND
1390,latitude,False,True,4.030548780487816,-120.55,41.61,22.0,9047.0,1831.0,4276.0,1622.0,2.0802,47900.0,INLAND
1487,latitude,False,True,3.992162601626027,-120.87,41.54,21.0,1091.0,208.0,660.0,188.0,2.2321,34600.0,INLAND
1993,latitude,False,True,3.6576544715447254,-122.81,40.93,16.0,2050.0,471.0,588.0,195.0,2.7083,88900.0,INLAND
2287,latitude,False,True,3.6466869918699274,-124.08,40.91,13.0,2522.0,719.0,1381.0,628.0,1.6667,78800.0,NEAR OCEAN
2364,latitude,False,True,4.025065040650419,-123.41,41.6,23.0,1654.0,369.0,669.0,273.0,1.965,65400.0,INLAND
2459,latitude,False,True,3.5808821138211484,-124.16,40.79,46.0,3042.0,597.0,1206.0,541.0,2.1135,90600.0,NEAR OCEAN
2520,latitude,False,True,3.5863658536585454,-124.16,40.8,52.0,2167.0,480.0,908.0,451.0,1.6111,74700.0,NEAR OCEAN
2681,latitude,False,True,3.893455284552856,-124.08,41.36,29.0,1029.0,239.0,509.0,196.0,2.0156,62800.0,NEAR OCEAN
2742,latitude,False,True,3.5863658536585454,-124.17,40.8,52.0,1557.0,344.0,758.0,319.0,1.8529,62500.0,NEAR OCEAN
2851,latitude,False,True,3.5808821138211484,-124.13,40.79,32.0,2017.0,359.0,855.0,346.0,3.5833,92800.0,NEAR OCEAN
2863,latitude,False,True,3.635719512195133,-121.67,40.89,17.0,2548.0,537.0,1118.0,461.0,2.267,57800.0,INLAND
2939,latitude,False,True,3.707008130081313,-124.16,41.02,23.0,1672.0,385.0,1060.0,390.0,2.1726,75500.0,NEAR OCEAN
2978,latitude,False,True,3.9208739837398467,-122.37,41.41,28.0,1729.0,419.0,929.0,370.0,1.27,53100.0,INLAND
3124,latitude,False,True,3.8495853658536694,-122.45,41.28,15.0,2740.0,503.0,1188.0,445.0,3.4519,128800.0,INLAND
3141,latitude,False,True,3.7179756097561074,-121.45,41.04,33.0,2029.0,378.0,936.0,343.0,2.67,77500.0,INLAND
3207,latitude,False,True,4.112804878048791,-122.73,41.76,19.0,2200.0,414.0,950.0,367.0,2.5357,94200.0,INLAND
3222,latitude,False,True,4.134739837398383,-124.17,41.8,16.0,2739.0,480.0,1259.0,436.0,3.7557,109400.0,NEAR OCEAN
3232,latitude,False,True,3.5095934959349675,-122.36,40.66,17.0,2786.0,559.0,1528.0,517.0,2.0119,75800.0,INLAND
3460,latitude,False,True,3.526044715447163,-122.36,40.69,32.0,3611.0,772.0,2060.0,759.0,1.7427,60600.0,INLAND
3514,latitude,False,True,3.8715203252032633,-123.85,41.32,31.0,938.0,238.0,425.0,157.0,1.0486,36700.0,<1H OCEAN
3690,latitude,False,True,3.6137845528455395,-121.07,40.85,17.0,976.0,202.0,511.0,175.0,3.6641,80800.0,INLAND
3734,latitude,False,True,3.5918495934959465,-124.11,40.81,23.0,959.0,212.0,425.0,175.0,2.5536,96100.0,NEAR OCEAN
3814,latitude,False,True,3.575398373983751,-124.13,40.78,34.0,2142.0,420.0,1056.0,382.0,2.1101,86900.0,NEAR OCEAN
3979,latitude,False,True,3.575398373983751,-124.18,40.78,37.0,1453.0,293.0,867.0,310.0,2.5536,70200.0,NEAR OCEAN
4055,latitude,False,True,3.5699146341463535,-124.14,40.77,27.0,3046.0,605.0,1407.0,571.0,2.9143,99600.0,NEAR OCEAN
4071,latitude,False,True,3.537012195121962,-122.32,40.71,18.0,2879.0,578.0,1399.0,586.0,2.4036,105400.0,INLAND
4373,latitude,False,True,3.575398373983751,-124.16,40.78,43.0,2241.0,446.0,932.0,395.0,2.9038,82000.0,NEAR OCEAN
4419,latitude,False,True,4.140223577235785,-124.15,41.81,17.0,3276.0,628.0,3546.0,585.0,2.2868,103100.0,NEAR OCEAN
4441,latitude,False,True,3.663138211382123,-124.05,40.94,14.0,1452.0,217.0,516.0,181.0,5.0329,165600.0,NEAR OCEAN
4459,latitude,False,True,3.5699146341463535,-124.19,40.77,30.0,2975.0,634.0,1367.0,583.0,2.442,69000.0,NEAR OCEAN
4741,latitude,False,True,3.5479796747967565,-124.19,40.73,21.0,5694.0,1056.0,2907.0,972.0,3.5363,90100.0,NEAR OCEAN
5004,latitude,False,True,3.537012195121962,-122.4,40.71,22.0,2390.0,484.0,1131.0,452.0,2.1458,84700.0,INLAND
5082,latitude,False,True,3.9044227642276548,-122.28,41.38,15.0,5266.0,1031.0,2147.0,885.0,2.8036,110100.0,INLAND
5104,latitude,False,True,4.118288617886192,-124.21,41.77,17.0,3461.0,722.0,1947.0,647.0,2.5795,68400.0,NEAR OCEAN
5226,latitude,False,True,4.178609756097575,-123.83,41.88,18.0,1504.0,357.0,660.0,258.0,3.13,116700.0,<1H OCEAN
5286,latitude,False,True,3.6302357723577354,-124.06,40.88,12.0,2087.0,424.0,1603.0,438.0,2.5667,139500.0,NEAR OCEAN
5297,latitude,False,True,3.6137845528455395,-123.13,40.85,18.0,1650.0,377.0,675.0,282.0,1.8933,84700.0,INLAND
5383,latitude,False,True,3.9482926829268408,-122.9,41.46,31.0,1277.0,263.0,600.0,241.0,1.7292,61700.0,INLAND
5532,latitude,False,True,4.134739837398383,-123.38,41.8,25.0,1941.0,477.0,1000.0,390.0,2.2976,54400.0,INLAND
5638,latitude,False,True,4.079902439024403,-122.92,41.7,23.0,4017.0,792.0,1634.0,619.0,2.3571,62000.0,INLAND
5651,latitude,False,True,3.822166666666676,-122.27,41.23,40.0,1958.0,386.0,725.0,331.0,2.1898,65500.0,INLAND
5815,latitude,False,True,3.866036585365866,-121.18,41.31,22.0,2124.0,432.0,829.0,313.0,2.4519,57500.0,INLAND
5926,latitude,False,True,3.6905569105691174,-123.35,40.99,23.0,141.0,59.0,47.0,23.0,1.125,66000.0,INLAND
6072,latitude,False,True,3.734426829268303,-121.11,41.07,26.0,1707.0,308.0,761.0,250.0,2.7188,48100.0,INLAND
6341,latitude,False,True,4.129256097560987,-120.08,41.79,34.0,1355.0,262.0,434.0,178.0,2.0903,56100.0,INLAND
6344,latitude,False,True,3.6192682926829365,-124.09,40.86,25.0,1322.0,387.0,794.0,379.0,1.1742,75000.0,NEAR OCEAN
6362,latitude,False,True,3.701524390243912,-123.52,41.01,17.0,1564.0,345.0,517.0,222.0,2.1542,83800.0,INLAND
6419,latitude,False,True,3.5095934959349675,-123.74,40.66,25.0,2395.0,431.0,983.0,375.0,3.0469,136000.0,<1H OCEAN
6644,latitude,False,True,4.156674796747981,-124.3,41.84,17.0,2677.0,531.0,1244.0,456.0,3.0313,103600.0,NEAR OCEAN
6645,latitude,False,True,3.6576544715447254,-124.11,40.93,25.0,2392.0,474.0,1298.0,461.0,3.5076,73600.0,NEAR OCEAN
6691,latitude,False,True,3.5918495934959465,-124.23,40.81,52.0,1112.0,209.0,544.0,172.0,3.3462,50800.0,NEAR OCEAN
6885,latitude,False,True,4.101837398373997,-122.61,41.74,15.0,4206.0,922.0,1863.0,869.0,2.0591,55700.0,INLAND
6912,latitude,False,True,4.167642276422775,-121.93,41.86,28.0,4225.0,835.0,1908.0,686.0,1.74,44000.0,INLAND
7013,latitude,False,True,3.542495934959359,-124.14,40.72,18.0,2581.0,499.0,1375.0,503.0,2.8446,100500.0,NEAR OCEAN
7299,latitude,False,True,3.6302357723577354,-123.98,40.88,41.0,1719.0,372.0,844.0,336.0,2.6923,84200.0,<1H OCEAN
7379,latitude,False,True,3.5808821138211484,-124.14,40.79,38.0,1552.0,290.0,873.0,291.0,2.4896,81000.0,NEAR OCEAN
7418,latitude,False,True,3.5589471544715545,-124.17,40.75,13.0,2171.0,339.0,951.0,353.0,4.8516,116100.0,NEAR OCEAN
7622,latitude,False,True,4.096353658536596,-124.22,41.73,28.0,3003.0,699.0,1530.0,653.0,1.7038,78300.0,NEAR OCEAN
7856,latitude,False,True,3.6521707317073284,-124.0,40.92,29.0,1429.0,,672.0,266.0,2.9485,98800.0,<1H OCEAN
7946,latitude,False,True,4.134739837398383,-124.3,41.8,19.0,2672.0,552.0,1298.0,478.0,1.9797,85800.0,NEAR OCEAN
8053,latitude,False,True,3.761845528455294,-121.47,41.12,22.0,2737.0,512.0,1168.0,442.0,2.83,88700.0,INLAND
8233,latitude,False,True,3.5808821138211484,-124.13,40.79,29.0,2474.0,453.0,1130.0,427.0,2.8833,83000.0,NEAR OCEAN
8285,latitude,False,True,3.5918495934959465,-124.07,40.81,23.0,2103.0,411.0,1019.0,387.0,2.9911,119700.0,NEAR OCEAN
8480,latitude,False,True,3.575398373983751,-124.17,40.78,39.0,1606.0,330.0,731.0,327.0,1.6369,68300.0,NEAR OCEAN
8487,latitude,False,True,4.123772357723589,-121.62,41.78,40.0,3272.0,663.0,1467.0,553.0,1.7885,43500.0,INLAND
8528,latitude,False,True,3.8715203252032633,-122.3,41.32,13.0,2300.0,513.0,1151.0,488.0,2.1571,81500.0,INLAND
8588,latitude,False,True,3.9318414634146452,-122.49,41.43,19.0,3689.0,644.0,1544.0,566.0,3.125,76100.0,INLAND
8600,latitude,False,True,3.635719512195133,-122.31,40.89,18.0,754.0,161.0,247.0,107.0,2.2583,78800.0,INLAND
8728,latitude,False,True,3.5589471544715545,-122.79,40.75,17.0,3851.0,818.0,1352.0,560.0,2.125,71700.0,INLAND
8868,latitude,False,True,3.6192682926829365,-124.06,40.86,34.0,4183.0,,1891.0,669.0,3.2216,98100.0,NEAR OCEAN
8894,latitude,False,True,3.7179756097561074,-124.1,41.04,26.0,1633.0,380.0,890.0,370.0,1.9741,97900.0,NEAR OCEAN
9039,latitude,False,True,3.5918495934959465,-124.15,40.81,50.0,340.0,74.0,235.0,83.0,1.75,67500.0,NEAR OCEAN
9139,latitude,False,True,3.564430894308952,-122.89,40.76,14.0,712.0,131.0,270.0,90.0,2.3958,102100.0,INLAND
9165,latitude,False,True,3.767329268292695,-124.06,41.13,22.0,3263.0,799.0,1384.0,578.0,2.4708,119400.0,NEAR OCEAN
9214,latitude,False,True,4.057967479674806,-122.26,41.66,17.0,1885.0,350.0,953.0,328.0,2.1607,61400.0,INLAND
9225,latitude,False,True,4.200544715447167,-124.16,41.92,19.0,1668.0,324.0,841.0,283.0,2.1336,75000.0,NEAR OCEAN
9381,latitude,False,True,3.866036585365866,-122.32,41.31,45.0,1393.0,294.0,521.0,249.0,1.1915,71900.0,INLAND
9447,latitude,False,True,3.624752032520334,-121.67,40.87,31.0,1581.0,299.0,776.0,287.0,2.9063,77800.0,INLAND
9501,latitude,False,True,3.970227642276434,-121.76,41.5,31.0,602.0,153.0,112.0,47.0,1.0667,34200.0,INLAND
9651,latitude,False,True,3.575398373983751,-124.15,40.78,36.0,2112.0,374.0,829.0,368.0,3.3984,90000.0,NEAR OCEAN
9695,latitude,False,True,3.5205609756097656,-122.36,40.68,28.0,1745.0,379.0,1011.0,370.0,2.0391,59800.0,INLAND
9816,latitude,False,True,3.564430894308952,-124.15,40.76,24.0,2858.0,511.0,1388.0,512.0,3.375,100600.0,NEAR OCEAN
9825,latitude,False,True,3.5808821138211484,-124.18,40.79,40.0,1398.0,311.0,788.0,279.0,1.4668,64600.0,NEAR OCEAN
9846,latitude,False,True,4.090869918699198,-122.65,41.72,15.0,3643.0,801.0,1784.0,743.0,1.8533,57500.0,INLAND
9865,latitude,False,True,3.5534634146341575,-124.17,40.74,17.0,2026.0,338.0,873.0,313.0,4.0357,128900.0,NEAR OCEAN
9885,latitude,False,True,3.575398373983751,-122.93,40.78,20.0,3758.0,798.0,1685.0,757.0,2.3667,91200.0,INLAND
9886,latitude,False,True,4.096353658536596,-122.64,41.73,50.0,1525.0,308.0,661.0,285.0,2.2206,63200.0,INLAND
10278,latitude,False,True,3.5699146341463535,-122.96,40.77,29.0,1637.0,297.0,753.0,270.0,3.2891,93100.0,INLAND
10402,latitude,False,True,3.5863658536585454,-124.02,40.8,22.0,2588.0,435.0,1198.0,442.0,3.9792,133900.0,<1H OCEAN
10419,latitude,False,True,3.5479796747967565,-124.1,40.73,33.0,644.0,129.0,334.0,121.0,3.9659,111800.0,NEAR OCEAN
10580,latitude,False,True,3.5699146341463535,-123.28,40.77,25.0,767.0,206.0,301.0,121.0,1.625,79200.0,INLAND
10620,latitude,False,True,3.8111991869918813,-122.34,41.21,26.0,178.0,40.0,55.0,25.0,2.0375,57500.0,INLAND
10660,latitude,False,True,3.805715447154484,-122.27,41.2,52.0,4513.0,985.0,1926.0,815.0,1.5923,56000.0,INLAND
10719,latitude,False,True,3.5808821138211484,-124.15,40.79,37.0,2692.0,488.0,1263.0,486.0,3.0216,86400.0,NEAR OCEAN
10737,latitude,False,True,3.5863658536585454,-124.17,40.8,52.0,661.0,316.0,392.0,244.0,0.957,60000.0,NEAR OCEAN
10810,latitude,False,True,3.5589471544715545,-122.56,40.75,20.0,1182.0,250.0,512.0,210.0,1.7935,74500.0,INLAND
10922,latitude,False,True,3.6576544715447254,-124.11,40.93,17.0,1661.0,329.0,948.0,357.0,2.7639,90200.0,NEAR OCEAN
11008,latitude,False,True,3.756361788617897,-123.63,41.11,19.0,1797.0,384.0,1033.0,327.0,1.4911,59200.0,<1H OCEAN
11197,latitude,False,True,4.041516260162615,-122.64,41.63,19.0,2722.0,479.0,1108.0,430.0,3.1062,100000.0,INLAND
11237,latitude,False,True,4.112804878048791,-124.17,41.76,20.0,2673.0,538.0,1282.0,514.0,2.4605,105900.0,NEAR OCEAN
11300,latitude,False,True,3.668621951219524,-124.1,40.95,17.0,1485.0,345.0,823.0,316.0,1.8993,78400.0,NEAR OCEAN
11351,latitude,False,True,3.6302357723577354,-121.65,40.88,15.0,2909.0,549.0,1537.0,522.0,3.0179,61300.0,INLAND
11557,latitude,False,True,3.5589471544715545,-122.31,40.75,18.0,1411.0,330.0,494.0,227.0,1.4911,75800.0,INLAND
11808,latitude,False,True,3.668621951219524,-124.09,40.95,18.0,2250.0,484.0,1248.0,472.0,2.5893,99600.0,NEAR OCEAN
11939,latitude,False,True,4.074418699187002,-122.56,41.69,21.0,2010.0,360.0,947.0,306.0,2.4107,70100.0,INLAND
11978,latitude,False,True,3.7782967479674894,-122.68,41.15,32.0,817.0,206.0,224.0,89.0,3.631,90400.0,INLAND
12029,latitude,False,True,3.597333333333344,-121.41,40.82,16.0,2668.0,516.0,915.0,362.0,2.3393,90300.0,INLAND
12081,latitude,False,True,3.8605528455284643,-123.66,41.3,22.0,1580.0,372.0,686.0,264.0,1.8065,62700.0,<1H OCEAN
12234,latitude,False,True,3.6521707317073284,-121.63,40.92,23.0,1922.0,411.0,872.0,350.0,2.2337,64500.0,INLAND
12293,latitude,False,True,3.6302357723577354,-124.15,40.88,33.0,2235.0,506.0,1165.0,441.0,1.725,57500.0,NEAR OCEAN
12547,latitude,False,True,3.5863658536585454,-124.13,40.8,31.0,2152.0,462.0,1259.0,420.0,2.2478,81100.0,NEAR OCEAN
12699,latitude,False,True,3.5808821138211484,-124.16,40.79,52.0,2148.0,421.0,975.0,430.0,2.2566,92700.0,NEAR OCEAN
12741,latitude,False,True,4.123772357723589,-124.19,41.78,15.0,3140.0,714.0,1645.0,640.0,1.6654,74600.0,NEAR OCEAN
12895,latitude,False,True,3.564430894308952,-124.17,40.76,26.0,1776.0,361.0,992.0,380.0,2.8056,82800.0,NEAR OCEAN
13008,latitude,False,True,3.745394308943102,-123.72,41.09,19.0,1970.0,431.0,1166.0,363.0,1.8208,50000.0,<1H OCEAN
13044,latitude,False,True,3.685073170731716,-120.38,40.98,27.0,777.0,185.0,318.0,115.0,1.6833,40000.0,INLAND
13143,latitude,False,True,3.992162601626027,-123.92,41.54,22.0,2920.0,636.0,1382.0,499.0,2.0202,71100.0,NEAR OCEAN
13153,latitude,False,True,3.761845528455294,-120.96,41.12,29.0,779.0,136.0,364.0,123.0,2.5,59200.0,INLAND
13333,latitude,False,True,3.6137845528455395,-124.05,40.85,31.0,2414.0,428.0,1005.0,401.0,3.5156,143000.0,NEAR OCEAN
13408,latitude,False,True,3.542495934959359,-124.02,40.72,28.0,3513.0,634.0,1658.0,598.0,3.8095,119900.0,<1H OCEAN
13431,latitude,False,True,4.101837398373997,-122.64,41.74,33.0,2644.0,459.0,1113.0,483.0,3.3095,81300.0,INLAND
13678,latitude,False,True,3.6905569105691174,-124.08,40.99,18.0,3297.0,662.0,1554.0,578.0,2.6847,111300.0,NEAR OCEAN
13729,latitude,False,True,3.50410975609757,-122.31,40.65,11.0,3664.0,647.0,1686.0,613.0,2.9338,141600.0,INLAND
13869,latitude,False,True,3.5095934959349675,-122.25,40.66,15.0,2771.0,546.0,1423.0,505.0,3.6413,108500.0,INLAND
13930,latitude,False,True,3.5863658536585454,-124.14,40.8,32.0,1373.0,312.0,872.0,306.0,2.5,72600.0,NEAR OCEAN
14040,latitude,False,True,3.5205609756097656,-122.35,40.68,36.0,1822.0,449.0,930.0,399.0,1.3801,56600.0,INLAND
14202,latitude,False,True,3.5863658536585454,-124.16,40.8,52.0,1703.0,500.0,952.0,435.0,1.1386,74100.0,NEAR OCEAN
14207,latitude,False,True,3.6576544715447254,-123.88,40.93,28.0,1272.0,259.0,519.0,220.0,3.2891,106300.0,<1H OCEAN
14358,latitude,False,True,3.624752032520334,-124.09,40.87,44.0,692.0,206.0,398.0,211.0,1.1576,87500.0,NEAR OCEAN
14396,latitude,False,True,3.515077235772369,-122.38,40.67,10.0,2281.0,444.0,1274.0,438.0,2.212,65600.0,INLAND
7,total_rooms,True,True,5.034176507537688,-117.04,32.6,20.0,8052.0,1461.0,5094.0,1430.0,4.2241,139800.0,NEAR OCEAN
44,total_rooms,True,True,6.656027010050251,-117.44,33.99,12.0,9966.0,1517.0,5008.0,1492.0,4.5625,171300.0,INLAND
73,total_rooms,True,True,4.468138819095477,-118.57,34.27,20.0,7384.0,845.0,2795.0,872.0,9.6047,500001.0,<1H OCEAN
74,total_rooms,True,True,6.763641959798995,-122.01,37.91,21.0,10093.0,1269.0,3645.0,1219.0,7.6877,367700.0,NEAR BAY
82,total_rooms,True,True,7.138175879396985,-117.79,33.8,11.0,10535.0,1620.0,4409.0,1622.0,6.67,283200.0,<1H OCEAN
86,total_rooms,True,True,18.434356155778893,-118.72,34.14,7.0,23866.0,4407.0,9873.0,4012.0,5.4032,318500.0,NEAR OCEAN
89,total_rooms,True,True,7.248332914572864,-117.1,33.14,7.0,10665.0,2576.0,4917.0,2424.0,2.3171,159500.0,<1H OCEAN
101,total_rooms,True,True,3.6046771356783918,-118.5,34.03,32.0,6365.0,1784.0,2767.0,1698.0,3.6451,383300.0,<1H OCEAN
109,total_rooms,True,False,3.380126256281407,-117.94,33.99,18.0,6100.0,1018.0,3112.0,982.0,4.9932,284000.0,<1H OCEAN
113,total_rooms,True,True,5.874759422110553,-116.86,33.05,17.0,9044.0,1689.0,5030.0,1596.0,3.6348,164500.0,<1H OCEAN
120,total_rooms,True,False,3.150491206030151,-116.98,33.77,12.0,5829.0,1309.0,2711.0,1118.0,1.9707,107900.0,INLAND
128,total_rooms,True,True,4.231724874371859,-117.82,33.68,3.0,7105.0,1459.0,3068.0,1241.0,6.1395,358000.0,<1H OCEAN
148,total_rooms,True,True,3.6555188442211057,-121.85,37.24,17.0,6425.0,1268.0,3934.0,1238.0,5.1228,237600.0,<1H OCEAN
196,total_rooms,True,True,13.105297738693466,-117.54,34.12,4.0,17577.0,2819.0,7766.0,2473.0,5.1333,181800.0,INLAND
199,total_rooms,True,True,4.603716708542714,-117.58,34.0,2.0,7544.0,1516.0,2801.0,1001.0,4.0037,245200.0,INLAND
209,total_rooms,True,True,5.193480527638191,-117.79,33.73,3.0,8240.0,1410.0,3318.0,1270.0,7.2074,291300.0,<1H OCEAN
220,total_rooms,True,True,3.885153894472362,-116.99,32.83,20.0,6696.0,1326.0,3687.0,1291.0,3.1979,154600.0,<1H OCEAN
294,total_rooms,True,True,3.879222361809045,-117.88,34.06,23.0,6689.0,1124.0,3081.0,1047.0,5.9254,491200.0,<1H OCEAN
303,total_rooms,True,True,4.3223925879396985,-121.44,38.51,27.0,7212.0,1606.0,4828.0,1549.0,2.214,82400.0,INLAND
328,total_rooms,True,False,3.190317211055276,-120.64,35.46,6.0,5876.0,1406.0,2877.0,1304.0,2.5437,146400.0,<1H OCEAN
337,total_rooms,True,True,13.311206658291457,-117.86,33.99,10.0,17820.0,2812.0,8686.0,2666.0,6.3875,310700.0,<1H OCEAN
342,total_rooms,True,True,4.918935301507537,-117.05,33.05,6.0,7916.0,1293.0,2741.0,1204.0,5.6436,278600.0,<1H OCEAN
351,total_rooms,True,True,6.20184108040201,-118.46,33.97,18.0,9430.0,2473.0,3408.0,2003.0,6.1726,500001.0,<1H OCEAN
357,total_rooms,True,True,3.5902719849246227,-118.01,33.87,25.0,6348.0,1615.0,4188.0,1497.0,3.139,185700.0,<1H OCEAN
362,total_rooms,True,False,3.3242003768844217,-117.49,34.04,4.0,6034.0,1170.0,3527.0,1098.0,4.1775,143700.0,INLAND
406,total_rooms,True,True,5.611229899497487,-119.15,34.83,6.0,8733.0,1600.0,2006.0,736.0,4.5724,168400.0,INLAND
408,total_rooms,True,True,5.482430904522613,-121.8,36.68,18.0,8581.0,1957.0,6071.0,1889.0,3.0,162200.0,<1H OCEAN
420,total_rooms,True,True,3.733476130653266,-117.96,33.68,24.0,6517.0,1279.0,3441.0,1198.0,4.25,152100.0,<1H OCEAN
438,total_rooms,True,True,3.9292167085427137,-118.51,34.14,28.0,6748.0,904.0,2431.0,876.0,12.8879,500001.0,<1H OCEAN
440,total_rooms,True,True,4.037679020100502,-121.52,38.51,23.0,6876.0,1456.0,2942.0,1386.0,3.0963,156900.0,INLAND
475,total_rooms,True,True,4.957066582914573,-117.91,33.67,16.0,7961.0,2276.0,5014.0,2116.0,3.512,218400.0,<1H OCEAN
478,total_rooms,True,True,6.093378768844221,-117.14,33.07,12.0,9302.0,1603.0,4074.0,1504.0,4.3513,199600.0,<1H OCEAN
479,total_rooms,True,True,3.659755653266332,-118.53,34.17,18.0,6430.0,1412.0,2897.0,1348.0,3.855,243800.0,<1H OCEAN
497,total_rooms,True,True,4.27070351758794,-117.39,34.38,4.0,7151.0,1295.0,3527.0,1170.0,3.5696,129700.0,INLAND
499,total_rooms,True,False,3.407241834170854,-117.88,34.08,30.0,6132.0,1538.0,3147.0,1449.0,2.7763,187800.0,<1H OCEAN
524,total_rooms,True,False,3.031860552763819,-122.47,37.67,20.0,5689.0,992.0,3752.0,1002.0,5.5845,304300.0,NEAR OCEAN
525,total_rooms,True,True,5.466331030150753,-117.79,33.88,17.0,8562.0,1351.0,3822.0,1316.0,6.0829,252600.0,<1H OCEAN
531,total_rooms,True,True,5.793412688442211,-116.83,34.25,15.0,8948.0,1985.0,1316.0,514.0,2.7375,90800.0,INLAND
566,total_rooms,True,True,4.152072864321608,-119.01,35.28,10.0,7011.0,1453.0,4163.0,1307.0,2.7659,77500.0,INLAND
569,total_rooms,True,True,18.47587688442211,-117.27,33.15,4.0,23915.0,4135.0,10877.0,3958.0,4.6357,244900.0,NEAR OCEAN
576,total_rooms,True,False,3.3741947236180905,-121.54,38.5,15.0,6093.0,1051.0,2415.0,997.0,4.2075,183600.0,INLAND
580,total_rooms,True,True,4.231724874371859,-117.24,33.93,12.0,7105.0,1447.0,4520.0,1333.0,3.2705,113200.0,INLAND
589,total_rooms,True,True,5.164670226130654,-117.32,33.25,7.0,8206.0,1523.0,4399.0,1423.0,3.6301,170900.0,<1H OCEAN
603,total_rooms,True,True,8.254998743718593,-118.59,34.18,7.0,11853.0,2691.0,4404.0,2447.0,4.2009,271300.0,<1H OCEAN
604,total_rooms,True,True,6.750084170854271,-116.53,33.85,16.0,10077.0,2186.0,3048.0,1337.0,2.9647,110900.0,INLAND
609,total_rooms,True,True,3.666534547738693,-116.62,34.23,14.0,6438.0,1719.0,1586.0,691.0,1.6136,67400.0,INLAND
635,total_rooms,True,True,5.007060929648241,-117.22,34.26,16.0,8020.0,1432.0,1749.0,540.0,4.9716,162500.0,INLAND
651,total_rooms,True,True,4.592701005025126,-117.91,33.76,22.0,7531.0,1569.0,5254.0,1523.0,3.8506,167400.0,<1H OCEAN
660,total_rooms,True,True,8.851541457286432,-116.36,33.88,11.0,12557.0,3098.0,2453.0,1232.0,1.7844,78500.0,INLAND
670,total_rooms,True,True,10.54541771356784,-118.26,34.18,32.0,14556.0,2077.0,5459.0,2017.0,8.1657,500001.0,<1H OCEAN
672,total_rooms,True,True,8.82527324120603,-117.22,34.54,8.0,12526.0,2495.0,6133.0,2324.0,2.9072,119200.0,INLAND
676,total_rooms,True,False,3.091175879396985,-116.93,32.79,23.0,5759.0,1258.0,3108.0,1202.0,3.0927,140600.0,<1H OCEAN
698,total_rooms,True,True,4.823183417085427,-122.05,37.93,15.0,7803.0,1603.0,2957.0,1546.0,4.45,184900.0,NEAR BAY
717,total_rooms,True,False,3.309795226130653,-117.88,33.66,26.0,6017.0,1244.0,2673.0,1135.0,3.5426,295400.0,<1H OCEAN
746,total_rooms,True,True,9.698055904522613,-117.62,34.15,16.0,13556.0,1704.0,5669.0,1668.0,6.5138,311500.0,INLAND
777,total_rooms,True,True,4.98248743718593,-121.84,37.24,24.0,7991.0,1286.0,4017.0,1213.0,5.4741,238800.0,<1H OCEAN
785,total_rooms,True,True,6.877188442211056,-116.52,33.82,21.0,10227.0,2315.0,3623.0,1734.0,2.5212,145200.0,INLAND
791,total_rooms,True,True,6.074736809045226,-119.23,34.46,34.0,9280.0,1765.0,4514.0,1693.0,3.2026,227600.0,<1H OCEAN
803,total_rooms,True,False,3.280984924623115,-117.35,34.09,14.0,5983.0,1224.0,3255.0,1150.0,2.5902,111500.0,INLAND
805,total_rooms,True,False,3.27844283919598,-118.25,34.14,25.0,5980.0,1856.0,5217.0,1772.0,2.506,184500.0,<1H OCEAN
842,total_rooms,True,True,11.937633165829146,-122.01,37.57,14.0,16199.0,2993.0,8117.0,2847.0,5.8322,281800.0,NEAR BAY
859,total_rooms,True,True,24.013386306532663,-117.2,33.58,2.0,30450.0,5033.0,9419.0,3197.0,4.5936,174300.0,<1H OCEAN
863,total_rooms,True,False,3.4182575376884423,-118.51,34.3,24.0,6145.0,868.0,2710.0,875.0,7.5078,344000.0,<1H OCEAN
874,total_rooms,True,True,8.438876256281405,-121.75,37.71,11.0,12070.0,2220.0,5826.0,2125.0,4.8624,192400.0,INLAND
914,total_rooms,True,False,3.019997487437186,-121.91,36.99,23.0,5675.0,964.0,2197.0,880.0,4.8693,322300.0,NEAR OCEAN
919,total_rooms,True,True,9.259122487437185,-118.33,33.83,5.0,13038.0,2679.0,5272.0,2523.0,5.5023,286400.0,<1H OCEAN
925,total_rooms,True,False,3.3869051507537686,-118.27,33.87,21.0,6108.0,1130.0,3244.0,1113.0,4.2768,181400.0,<1H OCEAN
993,total_rooms,True,True,3.5479038944723618,-117.08,32.57,9.0,6298.0,1512.0,4451.0,1456.0,2.569,88300.0,NEAR OCEAN
1011,total_rooms,True,True,15.339790829145729,-121.33,38.77,3.0,20214.0,3559.0,8361.0,3112.0,4.2259,169300.0,INLAND
1031,total_rooms,True,True,3.7411023869346733,-122.5,37.97,25.0,6526.0,1902.0,5917.0,1812.0,2.7273,187500.0,NEAR BAY
1045,total_rooms,True,True,5.297706030150754,-119.93,36.32,25.0,8363.0,1636.0,7679.0,1580.0,2.0285,106300.0,INLAND
1048,total_rooms,True,True,3.9453165829145727,-118.64,34.17,26.0,6767.0,903.0,2574.0,883.0,7.7846,409000.0,<1H OCEAN
1055,total_rooms,True,True,11.760534547738693,-118.88,34.02,19.0,15990.0,2611.0,5175.0,2173.0,7.7848,500001.0,NEAR OCEAN
1061,total_rooms,True,False,3.264037688442211,-117.34,33.21,12.0,5963.0,1372.0,3015.0,1124.0,2.7386,216100.0,NEAR OCEAN
1078,total_rooms,True,False,3.234380025125628,-120.85,38.69,18.0,5928.0,1097.0,2697.0,1096.0,3.4872,141400.0,INLAND
1079,total_rooms,True,False,3.160659547738693,-117.25,34.53,13.0,5841.0,955.0,2455.0,915.0,4.1333,158200.0,INLAND
1134,total_rooms,True,True,5.164670226130654,-118.27,34.22,34.0,8206.0,1186.0,3141.0,1150.0,7.2812,462200.0,<1H OCEAN
1143,total_rooms,True,True,4.767257537688442,-122.61,37.99,40.0,7737.0,1488.0,3108.0,1349.0,4.4375,289600.0,NEAR OCEAN
1147,total_rooms,True,True,6.922945979899497,-117.84,33.82,24.0,10281.0,1689.0,4926.0,1629.0,4.7946,251200.0,<1H OCEAN
1182,total_rooms,True,True,4.459665201005025,-117.69,33.52,3.0,7374.0,1444.0,3214.0,1279.0,4.538,278200.0,<1H OCEAN
1191,total_rooms,True,False,3.1487964824120604,-117.24,33.05,11.0,5827.0,882.0,2588.0,842.0,6.4027,344200.0,NEAR OCEAN
1211,total_rooms,True,False,3.0267763819095475,-122.12,37.91,34.0,5683.0,755.0,1962.0,723.0,8.3678,455300.0,NEAR BAY
1215,total_rooms,True,True,5.591740577889447,-116.91,32.75,5.0,8710.0,1614.0,4372.0,1527.0,4.7813,240900.0,<1H OCEAN
1232,total_rooms,True,True,11.406337311557788,-118.8,34.19,4.0,15572.0,2222.0,5495.0,2152.0,8.6499,500001.0,<1H OCEAN
1237,total_rooms,True,True,4.618121859296482,-117.14,34.01,26.0,7561.0,1051.0,2909.0,1012.0,7.2972,269600.0,INLAND
1245,total_rooms,True,False,3.3530106783919593,-117.44,34.45,6.0,6068.0,1137.0,3094.0,947.0,3.5167,130900.0,INLAND
1305,total_rooms,True,True,4.374929020100502,-122.47,37.99,22.0,7274.0,1002.0,2468.0,957.0,7.494,439200.0,NEAR BAY
1312,total_rooms,True,True,7.004292713567838,-116.06,34.15,15.0,10377.0,2331.0,4507.0,1807.0,2.2466,66800.0,INLAND
1318,total_rooms,True,True,3.653824120603015,-117.24,32.98,4.0,6423.0,1042.0,2607.0,983.0,7.6348,337000.0,NEAR OCEAN
1350,total_rooms,True,True,4.706247487437186,-118.54,34.28,10.0,7665.0,999.0,3517.0,998.0,10.8805,500001.0,<1H OCEAN
1390,total_rooms,True,True,5.877301507537688,-120.55,41.61,22.0,9047.0,1831.0,4276.0,1622.0,2.0802,47900.0,INLAND
1392,total_rooms,True,True,5.428199748743718,-122.04,38.27,16.0,8517.0,1910.0,4508.0,1837.0,3.1853,129600.0,INLAND
1400,total_rooms,True,False,3.4631677135678394,-121.16,38.67,21.0,6198.0,1223.0,2827.0,1179.0,3.7796,159000.0,INLAND
1402,total_rooms,True,True,3.662297738693467,-117.83,33.75,22.0,6433.0,1174.0,2703.0,1125.0,4.9957,296400.0,<1H OCEAN
1404,total_rooms,True,True,22.15596922110553,-121.92,37.53,7.0,28258.0,3864.0,12203.0,3701.0,8.4045,451100.0,<1H OCEAN
1405,total_rooms,True,True,6.317929648241206,-122.2,38.1,5.0,9567.0,1729.0,4620.0,1580.0,4.4821,210000.0,NEAR BAY
1408,total_rooms,True,True,5.414641959798995,-121.32,38.64,19.0,8501.0,1558.0,3576.0,1467.0,3.6523,158500.0,INLAND
1417,total_rooms,True,True,6.778047110552763,-117.25,33.93,8.0,10110.0,1761.0,5804.0,1703.0,4.2654,137600.0,INLAND
1446,total_rooms,True,True,5.967121859296482,-117.07,33.0,4.0,9153.0,1866.0,3775.0,1698.0,4.955,241500.0,<1H OCEAN
1466,total_rooms,True,True,5.664613693467337,-116.14,34.45,12.0,8796.0,1721.0,11139.0,1680.0,2.2612,137500.0,INLAND
1471,total_rooms,True,True,4.30798743718593,-122.05,38.26,21.0,7195.0,1416.0,3927.0,1377.0,3.0912,126300.0,INLAND
1488,total_rooms,True,True,7.873685929648241,-119.27,34.17,15.0,11403.0,2131.0,3327.0,1585.0,4.3693,423300.0,NEAR OCEAN
1498,total_rooms,True,True,4.891819723618091,-121.65,36.69,21.0,7884.0,2011.0,4907.0,1919.0,2.7367,160300.0,<1H OCEAN
1500,total_rooms,True,True,3.765675879396985,-122.52,37.98,31.0,6555.0,1571.0,2962.0,1464.0,2.8903,324200.0,NEAR BAY
1532,total_rooms,True,False,3.2521746231155775,-118.26,34.17,20.0,5949.0,1417.0,2593.0,1337.0,3.8576,318600.0,<1H OCEAN
1537,total_rooms,True,False,3.0937179648241204,-120.47,34.98,6.0,5762.0,1115.0,2551.0,919.0,3.0723,137300.0,<1H OCEAN
1555,total_rooms,True,True,3.78431783919598,-118.47,34.06,26.0,6577.0,1789.0,2937.0,1652.0,4.801,500001.0,<1H OCEAN
1609,total_rooms,True,True,4.34696608040201,-121.57,37.0,18.0,7241.0,1225.0,4168.0,1138.0,4.5714,260300.0,INLAND
1629,total_rooms,True,True,3.5843404522613063,-117.08,33.16,11.0,6341.0,1030.0,2697.0,977.0,4.8554,206700.0,<1H OCEAN
1657,total_rooms,True,True,9.57095163316583,-118.45,34.44,16.0,13406.0,2574.0,7030.0,2440.0,4.6861,187900.0,<1H OCEAN
1681,total_rooms,True,True,11.957122487437188,-118.77,34.24,6.0,16222.0,2309.0,6700.0,2080.0,6.4963,308100.0,<1H OCEAN
1684,total_rooms,True,True,4.467291457286432,-119.2,35.37,6.0,7383.0,1095.0,3415.0,1059.0,5.3119,157300.0,INLAND
1692,total_rooms,True,True,5.297706030150754,-121.44,37.73,7.0,8363.0,1314.0,3907.0,1068.0,5.3321,208100.0,INLAND
1753,total_rooms,True,True,7.728787060301507,-117.31,33.94,7.0,11232.0,1791.0,4218.0,1644.0,5.2713,216500.0,INLAND
1760,total_rooms,True,False,3.008134422110553,-118.87,34.18,21.0,5661.0,1369.0,3188.0,1308.0,3.4676,212800.0,<1H OCEAN
1766,total_rooms,True,True,4.377471105527638,-121.25,38.72,10.0,7277.0,1168.0,3507.0,1131.0,4.485,179400.0,INLAND
1792,total_rooms,True,True,4.5986325376884425,-117.4,33.85,9.0,7538.0,1125.0,3450.0,1077.0,5.4625,223600.0,INLAND
1795,total_rooms,True,True,5.319737437185929,-118.49,34.26,25.0,8389.0,1872.0,4483.0,1747.0,3.5497,261300.0,<1H OCEAN
1803,total_rooms,True,True,12.935825376884422,-118.52,34.17,20.0,17377.0,4457.0,7450.0,4204.0,3.2154,259600.0,<1H OCEAN
1861,total_rooms,True,True,3.8741381909547736,-116.43,34.1,17.0,6683.0,1296.0,2677.0,1227.0,2.4828,84000.0,INLAND
1880,total_rooms,True,True,4.081741834170854,-116.56,34.06,15.0,6928.0,1529.0,2568.0,1075.0,2.5405,69600.0,INLAND
1888,total_rooms,True,True,12.22065201005025,-117.36,34.48,3.0,16533.0,2549.0,7588.0,2285.0,3.9792,122100.0,INLAND
1904,total_rooms,True,True,4.025815954773869,-117.0,34.87,16.0,6862.0,1292.0,3562.0,1126.0,3.6091,87200.0,INLAND
1924,total_rooms,True,True,6.521296482412061,-119.04,34.23,21.0,9807.0,1614.0,4199.0,1554.0,5.0145,246600.0,<1H OCEAN
1927,total_rooms,True,False,3.1911645728643214,-117.37,34.13,18.0,5877.0,1043.0,3114.0,1002.0,4.0294,133200.0,INLAND
1964,total_rooms,True,True,11.777481783919598,-117.29,33.63,7.0,16010.0,2726.0,7139.0,2426.0,3.8056,162200.0,<1H OCEAN
1970,total_rooms,True,True,4.3918762562814075,-118.16,34.6,5.0,7294.0,1139.0,3123.0,930.0,4.9904,154100.0,INLAND
1987,total_rooms,True,False,3.4758781407035175,-119.23,34.15,18.0,6213.0,1188.0,2679.0,1000.0,3.748,380400.0,NEAR OCEAN
1994,total_rooms,True,True,9.062534547738693,-117.57,34.15,3.0,12806.0,2219.0,4249.0,1499.0,5.485,343100.0,INLAND
2008,total_rooms,True,True,4.7816626884422115,-121.89,37.23,20.0,7754.0,976.0,3094.0,941.0,8.19,361600.0,<1H OCEAN
2013,total_rooms,True,True,6.325555904522613,-122.09,37.91,18.0,9576.0,1455.0,3486.0,1380.0,7.0895,306900.0,NEAR BAY
2028,total_rooms,True,True,3.89786432160804,-117.04,32.97,13.0,6711.0,1256.0,3683.0,1220.0,4.5746,175700.0,<1H OCEAN
2043,total_rooms,True,False,3.011523869346733,-121.83,36.61,27.0,5665.0,1281.0,3612.0,1191.0,3.0542,142100.0,<1H OCEAN
2072,total_rooms,True,True,5.65868216080402,-116.49,33.8,13.0,8789.0,1875.0,1274.0,688.0,3.7396,148900.0,INLAND
2081,total_rooms,True,True,8.810868090452262,-116.38,33.71,17.0,12509.0,2460.0,2737.0,1423.0,4.5556,258100.0,INLAND
2100,total_rooms,True,True,5.852728015075376,-117.12,32.95,4.0,9018.0,1572.0,4438.0,1498.0,4.988,263700.0,<1H OCEAN
2119,total_rooms,True,False,3.465709798994975,-121.92,37.28,26.0,6201.0,783.0,2381.0,819.0,7.9819,397000.0,<1H OCEAN
2126,total_rooms,True,True,4.0749629396984925,-122.06,38.27,14.0,6920.0,996.0,3196.0,978.0,5.0672,171300.0,INLAND
2179,total_rooms,True,True,6.284882537688442,-118.38,34.01,18.0,9528.0,2075.0,3922.0,1920.0,4.7612,304100.0,<1H OCEAN
2182,total_rooms,True,True,5.673087311557789,-117.04,32.65,8.0,8806.0,1401.0,3159.0,1059.0,4.2155,247800.0,NEAR OCEAN
2184,total_rooms,True,True,5.951869346733669,-122.08,37.96,21.0,9135.0,1534.0,3748.0,1502.0,6.0859,266000.0,NEAR BAY
2214,total_rooms,True,True,6.491638819095478,-122.62,38.4,10.0,9772.0,1308.0,3741.0,1242.0,6.5261,324700.0,<1H OCEAN
2231,total_rooms,True,True,3.93514824120603,-117.5,33.87,4.0,6755.0,1017.0,2866.0,850.0,5.0493,239800.0,INLAND
2233,total_rooms,True,False,3.4860464824120605,-121.36,38.56,17.0,6225.0,938.0,3064.0,947.0,5.2881,138000.0,INLAND
2240,total_rooms,True,True,6.506043969849246,-121.98,37.32,17.0,9789.0,2552.0,4748.0,2206.0,4.2531,279800.0,<1H OCEAN
2241,total_rooms,True,True,7.2339277638190955,-122.05,37.57,7.0,10648.0,1818.0,6075.0,1797.0,6.1047,278200.0,NEAR BAY
2260,total_rooms,True,False,3.451304648241206,-122.36,37.54,23.0,6184.0,747.0,2165.0,700.0,10.1675,500001.0,NEAR OCEAN
2269,total_rooms,True,True,4.2935822864321604,-121.95,37.81,5.0,7178.0,898.0,2823.0,907.0,9.0776,450400.0,<1H OCEAN
2277,total_rooms,True,True,3.7453391959798994,-118.03,34.01,10.0,6531.0,1036.0,2975.0,1018.0,6.2319,403700.0,<1H OCEAN
2280,total_rooms,True,True,3.8868486180904522,-117.7,33.53,5.0,6698.0,1254.0,2834.0,1139.0,5.9088,288500.0,<1H OCEAN
2285,total_rooms,True,True,8.188904522613065,-117.23,33.89,5.0,11775.0,2031.0,6686.0,1911.0,4.1953,136600.0,INLAND
2298,total_rooms,True,True,19.509658291457285,-117.42,33.35,14.0,25135.0,4819.0,35682.0,4769.0,2.5729,134400.0,<1H OCEAN
2340,total_rooms,True,True,11.216528266331657,-118.55,34.44,14.0,15348.0,2366.0,7087.0,2169.0,6.3277,237700.0,INLAND
2351,total_rooms,True,True,3.725849874371859,-122.57,38.27,7.0,6508.0,1028.0,2902.0,1010.0,5.3707,250500.0,<1H OCEAN
2359,total_rooms,True,True,13.011240577889447,-117.08,32.97,3.0,17466.0,3336.0,7644.0,2895.0,5.4584,246500.0,<1H OCEAN
2366,total_rooms,True,True,4.257993090452261,-122.06,37.96,10.0,7136.0,1691.0,2959.0,1507.0,3.9816,182000.0,NEAR BAY
2374,total_rooms,True,True,7.239859296482412,-118.02,34.57,4.0,10655.0,1706.0,5391.0,1529.0,5.083,151300.0,INLAND
2399,total_rooms,True,True,4.842672738693468,-117.62,33.64,2.0,7826.0,893.0,2985.0,790.0,10.1531,484100.0,<1H OCEAN
2411,total_rooms,True,True,6.908540829145728,-118.07,34.56,5.0,10264.0,1821.0,5871.0,1790.0,4.2329,145500.0,INLAND
2424,total_rooms,True,True,11.607162060301507,-117.61,34.14,14.0,15809.0,2485.0,7363.0,2410.0,5.5198,245600.0,INLAND
2447,total_rooms,True,True,9.831939070351758,-122.31,40.55,11.0,13714.0,2302.0,6511.0,2267.0,3.5522,100100.0,INLAND
2454,total_rooms,True,True,4.887582914572865,-117.03,32.75,24.0,7879.0,1655.0,3898.0,1534.0,3.0897,187300.0,NEAR OCEAN
2496,total_rooms,True,True,10.653880025125627,-121.6,37.9,5.0,14684.0,2252.0,4276.0,1722.0,6.9051,340900.0,INLAND
2522,total_rooms,True,True,4.080894472361809,-122.47,37.81,45.0,6927.0,1258.0,4715.0,1165.0,3.4051,500001.0,NEAR BAY
2528,total_rooms,True,True,3.624166457286432,-117.73,33.53,3.0,6388.0,920.0,2129.0,819.0,7.8915,420600.0,<1H OCEAN
2540,total_rooms,True,True,6.59416959798995,-117.9,33.98,20.0,9893.0,2283.0,7228.0,2159.0,3.253,186700.0,<1H OCEAN
2555,total_rooms,True,True,3.575866834170854,-118.53,34.25,20.0,6331.0,1537.0,2957.0,1509.0,3.3892,323100.0,<1H OCEAN
2582,total_rooms,True,True,11.44870540201005,-122.56,38.06,19.0,15622.0,2721.0,6109.0,2615.0,5.0965,295300.0,NEAR BAY
2588,total_rooms,True,True,4.369844849246231,-118.88,34.19,16.0,7268.0,1729.0,3232.0,1653.0,3.3703,228700.0,<1H OCEAN
2592,total_rooms,True,True,8.240593592964824,-116.38,33.73,10.0,11836.0,2405.0,3811.0,1570.0,4.0079,134500.0,INLAND
2594,total_rooms,True,True,7.215285804020101,-118.19,34.22,32.0,10626.0,1504.0,4353.0,1482.0,9.8413,500001.0,<1H OCEAN
2599,total_rooms,True,False,3.4563888190954772,-116.37,33.72,19.0,6190.0,1355.0,2242.0,1043.0,3.0021,152300.0,INLAND
2614,total_rooms,True,True,13.765392587939699,-117.21,33.97,3.0,18356.0,2537.0,8437.0,2342.0,5.6409,197700.0,INLAND
2629,total_rooms,True,True,11.183481155778894,-121.49,38.62,8.0,15309.0,2996.0,7463.0,2885.0,3.9143,129700.0,INLAND
2633,total_rooms,True,True,3.774149497487437,-118.01,33.71,18.0,6565.0,1357.0,3079.0,1248.0,4.7515,295600.0,<1H OCEAN
2635,total_rooms,True,True,12.11981595477387,-117.92,33.98,10.0,16414.0,2919.0,8907.0,2714.0,6.1552,362500.0,<1H OCEAN
2661,total_rooms,True,False,3.011523869346733,-121.42,38.47,11.0,5665.0,1507.0,3422.0,1299.0,2.3343,97800.0,INLAND
2703,total_rooms,True,True,6.295050879396984,-121.9,37.67,7.0,9540.0,1294.0,3926.0,1229.0,7.4353,389800.0,<1H OCEAN
2735,total_rooms,True,True,5.673087311557789,-116.37,33.69,7.0,8806.0,1542.0,858.0,448.0,7.8005,318100.0,INLAND
2759,total_rooms,True,True,4.193593592964824,-117.9,33.68,25.0,7060.0,1159.0,3903.0,1139.0,4.8359,249200.0,<1H OCEAN
2763,total_rooms,True,False,3.2140433417085426,-122.01,37.03,21.0,5904.0,956.0,2616.0,916.0,5.9039,355300.0,NEAR OCEAN
2767,total_rooms,True,True,3.89616959798995,-117.61,34.12,17.0,6709.0,1198.0,3954.0,1161.0,4.6997,156900.0,INLAND
2769,total_rooms,True,True,3.9097273869346734,-121.56,37.08,17.0,6725.0,1051.0,3439.0,1027.0,6.4313,393100.0,<1H OCEAN
2821,total_rooms,True,True,3.522483040201005,-119.13,35.22,5.0,6268.0,1003.0,3269.0,980.0,5.1457,118200.0,INLAND
2823,total_rooms,True,True,9.392158291457285,-117.23,33.94,7.0,13195.0,2696.0,6763.0,2437.0,3.5851,142000.0,INLAND
2830,total_rooms,True,True,16.84301067839196,-117.12,33.49,4.0,21988.0,4055.0,8824.0,3252.0,3.9963,191100.0,<1H OCEAN
2834,total_rooms,True,False,3.16489635678392,-117.54,33.76,5.0,5846.0,1035.0,3258.0,1001.0,4.7965,160800.0,<1H OCEAN
2894,total_rooms,True,True,4.9680822864321605,-117.31,33.11,7.0,7974.0,1703.0,2904.0,1550.0,4.1282,188100.0,NEAR OCEAN
2921,total_rooms,True,False,3.341994974874372,-117.02,32.69,7.0,6055.0,1004.0,3031.0,952.0,4.436,135000.0,NEAR OCEAN
2946,total_rooms,True,True,4.130888819095477,-120.42,34.91,4.0,6986.0,1217.0,2801.0,1212.0,3.2135,212700.0,<1H OCEAN
2955,total_rooms,True,True,4.312224246231156,-119.12,34.38,28.0,7200.0,1281.0,3793.0,1238.0,4.075,237900.0,<1H OCEAN
2957,total_rooms,True,True,7.163596733668341,-117.47,34.12,6.0,10565.0,1767.0,5690.0,1555.0,4.1797,141000.0,INLAND
2958,total_rooms,True,False,3.330979271356784,-117.27,34.4,8.0,6042.0,979.0,3031.0,991.0,3.3438,124400.0,INLAND
2966,total_rooms,True,True,3.7529654522613063,-118.0,33.97,30.0,6540.0,991.0,3124.0,953.0,6.0663,372600.0,<1H OCEAN
3015,total_rooms,True,True,3.9766689698492463,-122.38,37.73,15.0,6804.0,1664.0,4737.0,1581.0,1.4133,203400.0,NEAR BAY
3016,total_rooms,True,True,8.22534108040201,-117.58,34.14,7.0,11818.0,1745.0,5499.0,1600.0,5.3678,231700.0,INLAND
3025,total_rooms,True,False,3.012371231155779,-121.44,38.47,5.0,5666.0,1178.0,3139.0,1131.0,3.3608,108900.0,INLAND
3032,total_rooms,True,False,3.008981783919598,-117.68,34.08,21.0,5662.0,1185.0,3067.0,1055.0,3.3482,137300.0,INLAND
3073,total_rooms,True,True,6.179809673366834,-116.26,33.72,10.0,9404.0,1827.0,3208.0,1283.0,3.1086,105800.0,INLAND
3082,total_rooms,True,True,4.353744974874372,-116.5,33.95,10.0,7249.0,1882.0,4274.0,1621.0,1.6983,66600.0,INLAND
3088,total_rooms,True,False,3.4529993718592964,-122.43,37.79,52.0,6186.0,1566.0,2065.0,1374.0,5.8543,500001.0,NEAR BAY
3099,total_rooms,True,False,3.4563888190954772,-117.4,34.09,5.0,6190.0,993.0,3615.0,963.0,4.4034,133200.0,INLAND
3109,total_rooms,True,True,3.7411023869346733,-118.37,34.16,6.0,6526.0,2007.0,3298.0,1790.0,2.7231,250000.0,<1H OCEAN
3110,total_rooms,True,True,5.457857412060301,-117.25,33.12,8.0,8552.0,1437.0,3335.0,1323.0,5.311,255800.0,NEAR OCEAN
3117,total_rooms,True,True,6.653484924623116,-122.1,37.63,18.0,9963.0,2031.0,5613.0,1946.0,3.8171,187200.0,NEAR BAY
3146,total_rooms,True,True,3.992768844221106,-117.18,32.81,19.0,6823.0,1509.0,3784.0,1509.0,3.1032,179500.0,NEAR OCEAN
3155,total_rooms,True,True,7.545756909547738,-118.36,33.84,22.0,11016.0,3170.0,6664.0,2838.0,3.703,361300.0,<1H OCEAN
3168,total_rooms,True,False,3.000508165829146,-119.77,34.44,24.0,5652.0,1313.0,2312.0,1294.0,2.4717,295300.0,NEAR OCEAN
3175,total_rooms,True,True,11.261438442211055,-117.01,32.83,17.0,15401.0,3280.0,7302.0,3176.0,3.3067,121900.0,<1H OCEAN
3178,total_rooms,True,True,4.063947236180905,-117.24,33.77,9.0,6907.0,1379.0,3665.0,1290.0,2.8401,104200.0,INLAND
3181,total_rooms,True,True,3.628403266331658,-118.02,33.73,24.0,6393.0,1141.0,2743.0,1057.0,5.1384,336900.0,<1H OCEAN
3184,total_rooms,True,True,6.011184673366834,-121.28,37.82,10.0,9205.0,1774.0,5935.0,1673.0,3.65,119400.0,INLAND
3185,total_rooms,True,True,4.29019283919598,-118.3,34.18,13.0,7174.0,1997.0,4293.0,1872.0,3.0973,251900.0,<1H OCEAN
3195,total_rooms,True,True,9.703140075376885,-117.52,33.99,14.0,13562.0,2057.0,7600.0,2086.0,5.2759,182900.0,INLAND
3210,total_rooms,True,True,8.684611180904522,-121.13,38.66,2.0,12360.0,1747.0,4438.0,1470.0,6.2503,222500.0,INLAND
3211,total_rooms,True,True,4.7731890703517585,-121.82,39.75,29.0,7744.0,1375.0,3316.0,1365.0,3.0253,111400.0,INLAND
3224,total_rooms,True,True,4.226640703517588,-122.22,37.86,21.0,7099.0,1106.0,2401.0,1138.0,8.3014,358500.0,NEAR BAY
3243,total_rooms,True,True,4.171562185929648,-117.65,33.46,19.0,7034.0,1139.0,2824.0,1068.0,6.0873,277300.0,<1H OCEAN
3255,total_rooms,True,True,5.213817211055276,-118.38,34.09,24.0,8264.0,2437.0,3148.0,2274.0,3.5659,281300.0,<1H OCEAN
3274,total_rooms,True,False,3.438594221105528,-121.24,37.82,9.0,6169.0,959.0,3378.0,945.0,5.1047,157900.0,INLAND
3312,total_rooms,True,True,6.134899497487437,-119.06,35.35,20.0,9351.0,2139.0,4584.0,1953.0,2.575,69900.0,INLAND
3323,total_rooms,True,True,6.079820979899498,-117.37,33.94,14.0,9286.0,1269.0,3565.0,1238.0,6.6635,219600.0,INLAND
3341,total_rooms,True,True,5.989153266331658,-117.23,33.96,5.0,9179.0,1361.0,4573.0,1294.0,5.253,163300.0,INLAND
3346,total_rooms,True,True,6.745847361809044,-117.42,33.98,16.0,10072.0,2043.0,5913.0,1909.0,3.0606,119500.0,INLAND
3379,total_rooms,True,True,3.8588856783919594,-117.07,33.03,14.0,6665.0,1231.0,2026.0,1001.0,5.09,268500.0,<1H OCEAN
3404,total_rooms,True,True,5.649361180904522,-121.98,38.29,4.0,8778.0,1291.0,4010.0,1188.0,5.4399,187100.0,INLAND
3427,total_rooms,True,True,4.967234924623115,-121.94,38.37,17.0,7973.0,1591.0,2899.0,1502.0,2.8357,120100.0,INLAND
3430,total_rooms,True,True,5.924753768844221,-118.11,33.77,15.0,9103.0,1847.0,3333.0,1712.0,5.1508,367300.0,NEAR OCEAN
3451,total_rooms,True,False,3.095412688442211,-117.07,34.05,14.0,5764.0,1006.0,1876.0,841.0,1.9694,173200.0,INLAND
3509,total_rooms,True,True,6.3162349246231155,-117.88,33.63,21.0,9565.0,2289.0,3162.0,1831.0,4.7024,345400.0,<1H OCEAN
3511,total_rooms,True,True,5.083323492462312,-118.01,33.74,25.0,8110.0,1264.0,3613.0,1232.0,6.0609,264900.0,<1H OCEAN
3516,total_rooms,True,True,5.530730527638191,-121.86,37.0,16.0,8638.0,1392.0,3706.0,1251.0,5.503,351800.0,<1H OCEAN
3574,total_rooms,True,True,3.887695979899497,-118.37,33.97,32.0,6699.0,1781.0,2725.0,1544.0,3.3889,285700.0,<1H OCEAN
3585,total_rooms,True,True,5.495141331658291,-119.01,35.3,7.0,8596.0,1597.0,4893.0,1520.0,3.9054,80900.0,INLAND
3588,total_rooms,True,True,12.134221105527638,-117.58,33.85,6.0,16431.0,2640.0,8222.0,2553.0,5.2861,195100.0,INLAND
3605,total_rooms,True,True,3.935995603015075,-117.88,34.01,16.0,6756.0,1332.0,4429.0,1299.0,4.7589,178200.0,<1H OCEAN
3608,total_rooms,True,True,3.6631451005025126,-118.33,34.24,31.0,6434.0,1188.0,3540.0,1131.0,4.2639,293300.0,<1H OCEAN
3653,total_rooms,True,True,5.925601130653267,-121.54,38.49,6.0,9104.0,1535.0,3759.0,1481.0,5.1442,174500.0,INLAND
3659,total_rooms,True,True,5.43667336683417,-117.66,33.65,13.0,8527.0,1364.0,4597.0,1393.0,6.2242,237900.0,<1H OCEAN
3661,total_rooms,True,False,2.998813442211055,-121.91,37.28,29.0,5650.0,817.0,2098.0,813.0,6.4285,337300.0,<1H OCEAN
3723,total_rooms,True,False,3.2081118090452265,-117.66,35.62,11.0,5897.0,1138.0,2728.0,1072.0,4.15,85700.0,INLAND
3726,total_rooms,True,True,4.474917713567839,-117.68,34.1,11.0,7392.0,1796.0,3841.0,1621.0,2.8326,163000.0,INLAND
3729,total_rooms,True,False,3.293695351758794,-117.45,33.93,20.0,5998.0,1320.0,3185.0,1199.0,3.2731,113900.0,INLAND
3752,total_rooms,True,True,5.165517587939698,-117.55,33.85,4.0,8207.0,1373.0,3887.0,1304.0,4.8686,195300.0,INLAND
3767,total_rooms,True,True,6.773810301507537,-116.47,33.81,7.0,10105.0,2481.0,6274.0,2095.0,2.4497,90900.0,INLAND
3773,total_rooms,True,True,5.343463567839196,-118.48,35.14,4.0,8417.0,1657.0,4631.0,1468.0,3.6949,115800.0,INLAND
3788,total_rooms,True,False,3.103886306532663,-117.67,33.63,9.0,5774.0,1320.0,3086.0,1265.0,4.4063,202200.0,<1H OCEAN
3793,total_rooms,True,True,3.5962035175879397,-121.88,36.96,18.0,6355.0,1100.0,2304.0,972.0,6.0281,321100.0,NEAR OCEAN
3808,total_rooms,True,True,4.426618090452261,-122.28,37.49,25.0,7335.0,1157.0,2626.0,1049.0,6.5475,500001.0,NEAR OCEAN
3813,total_rooms,True,True,3.5936614321608036,-122.0,37.51,7.0,6352.0,1390.0,3223.0,1316.0,4.9867,181700.0,<1H OCEAN
3833,total_rooms,True,False,3.230143216080402,-118.28,33.83,18.0,5923.0,1409.0,3887.0,1322.0,3.4712,194400.0,<1H OCEAN
3848,total_rooms,True,True,6.883967336683417,-117.49,33.9,7.0,10235.0,2238.0,5271.0,2094.0,3.6071,159100.0,INLAND
3915,total_rooms,True,True,16.765900753768843,-121.35,38.72,2.0,21897.0,3513.0,8652.0,2873.0,4.5432,151300.0,INLAND
3921,total_rooms,True,True,3.5962035175879397,-121.59,37.02,14.0,6355.0,1279.0,3704.0,1224.0,4.4233,228600.0,INLAND
3931,total_rooms,True,False,3.16489635678392,-117.26,32.82,34.0,5846.0,785.0,1817.0,747.0,8.496,500001.0,NEAR OCEAN
3945,total_rooms,True,True,4.969777010050251,-122.25,37.56,19.0,7976.0,1406.0,3437.0,1338.0,5.6396,430300.0,NEAR BAY
3948,total_rooms,True,True,4.108857412060301,-116.46,33.79,10.0,6960.0,1487.0,1130.0,661.0,2.1411,136400.0,INLAND
3961,total_rooms,True,True,9.822618090452261,-117.08,32.83,7.0,13703.0,2352.0,4446.0,1856.0,6.4335,260600.0,<1H OCEAN
3963,total_rooms,True,True,4.3503555276381904,-121.86,37.22,18.0,7245.0,1029.0,2893.0,1049.0,6.9508,361200.0,<1H OCEAN
4002,total_rooms,True,True,4.496949120603015,-118.52,34.02,24.0,7418.0,1755.0,2713.0,1577.0,5.0867,500001.0,<1H OCEAN
4027,total_rooms,True,True,5.2121224874371865,-118.4,34.13,32.0,8262.0,1156.0,2712.0,1125.0,10.5575,500001.0,<1H OCEAN
4037,total_rooms,True,True,4.289345477386934,-121.26,38.74,22.0,7173.0,1314.0,3526.0,1316.0,3.3941,135900.0,INLAND
4059,total_rooms,True,True,4.443565326633165,-122.3,37.84,14.0,7355.0,2408.0,3100.0,2051.0,4.0018,143800.0,NEAR BAY
4063,total_rooms,True,True,9.116765703517588,-117.46,34.04,3.0,12870.0,2315.0,5820.0,1759.0,4.2429,147300.0,INLAND
4064,total_rooms,True,True,6.864478015075377,-122.1,37.93,20.0,10212.0,1424.0,4083.0,1374.0,8.039,382200.0,NEAR BAY
4098,total_rooms,True,True,9.104055276381908,-122.06,37.4,21.0,12855.0,3226.0,7273.0,3052.0,4.3351,267400.0,NEAR BAY
4108,total_rooms,True,True,5.047734296482412,-121.77,37.67,20.0,8068.0,1217.0,3489.0,1259.0,5.7907,264200.0,INLAND
4123,total_rooms,True,True,6.053552763819095,-117.85,34.11,25.0,9255.0,1659.0,4944.0,1627.0,4.5708,223000.0,INLAND
4124,total_rooms,True,False,3.4690992462311554,-122.61,38.09,18.0,6205.0,821.0,2311.0,756.0,6.9081,368700.0,<1H OCEAN
4133,total_rooms,True,True,4.1681727386934675,-122.0,38.28,3.0,7030.0,1191.0,3238.0,1055.0,4.962,161700.0,INLAND
4143,total_rooms,True,False,3.0496551507537686,-117.55,34.14,3.0,5710.0,919.0,2874.0,886.0,5.3638,206300.0,INLAND
4160,total_rooms,True,False,3.3691105527638188,-116.54,33.81,24.0,6087.0,1217.0,1721.0,833.0,3.1493,199400.0,INLAND
4164,total_rooms,True,True,9.434526381909548,-117.32,33.15,15.0,13245.0,2212.0,5495.0,2060.0,5.4904,262100.0,NEAR OCEAN
4173,total_rooms,True,True,7.685571608040201,-121.83,37.31,19.0,11181.0,1895.0,7817.0,1853.0,5.6058,232700.0,<1H OCEAN
4197,total_rooms,True,False,3.46655716080402,-119.73,36.74,14.0,6202.0,1551.0,5561.0,1435.0,1.6073,64700.0,INLAND
4214,total_rooms,True,True,6.263698492462311,-119.2,34.19,19.0,9503.0,1769.0,6370.0,1718.0,5.0016,218500.0,NEAR OCEAN
4230,total_rooms,True,True,3.856343592964824,-118.13,33.95,24.0,6662.0,1852.0,3792.0,1735.0,3.1104,230000.0,<1H OCEAN
4232,total_rooms,True,True,5.196869974874372,-118.49,34.43,15.0,8244.0,1409.0,4453.0,1357.0,5.4829,199600.0,<1H OCEAN
4259,total_rooms,True,True,4.335950376884422,-121.41,38.56,17.0,7228.0,1369.0,2455.0,1365.0,5.1385,179500.0,INLAND
4260,total_rooms,True,True,3.9376903266331658,-117.41,34.11,12.0,6758.0,1550.0,3204.0,1279.0,2.5181,105500.0,INLAND
4283,total_rooms,True,True,4.132583542713568,-116.85,34.26,18.0,6988.0,1635.0,2044.0,726.0,2.4308,90600.0,INLAND
4289,total_rooms,True,True,4.547790829145728,-118.35,34.11,33.0,7478.0,1678.0,2701.0,1500.0,4.1717,500001.0,<1H OCEAN
4290,total_rooms,True,True,3.904643216080402,-121.94,37.73,22.0,6719.0,1068.0,2843.0,994.0,6.1265,260300.0,<1H OCEAN
4297,total_rooms,True,True,5.9018749999999995,-118.2,34.69,5.0,9076.0,1503.0,7694.0,1278.0,4.875,163400.0,INLAND
4313,total_rooms,True,False,3.425883793969849,-118.6,34.26,18.0,6154.0,1070.0,3010.0,1034.0,5.6392,271500.0,<1H OCEAN
4327,total_rooms,True,False,3.2038749999999996,-121.67,36.58,11.0,5892.0,837.0,2327.0,812.0,6.1551,291800.0,<1H OCEAN
4362,total_rooms,True,True,3.500451633165829,-117.07,33.0,4.0,6242.0,1258.0,2211.0,1116.0,4.25,281600.0,<1H OCEAN
4396,total_rooms,True,True,4.726584170854271,-120.91,38.98,13.0,7689.0,1415.0,3264.0,1198.0,3.653,146800.0,INLAND
4401,total_rooms,True,True,3.912269472361809,-122.46,37.63,22.0,6728.0,1382.0,3783.0,1310.0,5.0479,280400.0,NEAR OCEAN
4406,total_rooms,True,False,3.1843856783919593,-122.06,37.9,25.0,5869.0,1685.0,2669.0,1554.0,2.6998,216100.0,NEAR BAY
4422,total_rooms,True,True,3.6987342964824124,-118.58,34.17,18.0,6476.0,1082.0,2413.0,958.0,5.6327,500001.0,<1H OCEAN
4477,total_rooms,True,True,4.696079145728643,-121.86,39.78,12.0,7653.0,1578.0,3628.0,1494.0,3.0905,117800.0,INLAND
4493,total_rooms,True,False,3.396226130653266,-118.15,34.12,36.0,6119.0,1513.0,2719.0,1402.0,3.8427,319700.0,<1H OCEAN
4503,total_rooms,True,True,13.1171608040201,-118.42,33.75,22.0,17591.0,2604.0,6897.0,2492.0,8.2831,500001.0,NEAR OCEAN
4504,total_rooms,True,True,3.687718592964824,-117.27,34.45,8.0,6463.0,1095.0,3213.0,1031.0,3.2215,108800.0,INLAND
4512,total_rooms,True,True,6.108631281407035,-118.48,34.14,31.0,9320.0,1143.0,2980.0,1109.0,10.3599,500001.0,<1H OCEAN
4520,total_rooms,True,True,10.425092336683417,-121.35,38.7,5.0,14414.0,2979.0,7608.0,2832.0,3.5802,129600.0,INLAND
4531,total_rooms,True,False,3.4945201005025126,-117.29,33.19,18.0,6235.0,1233.0,4127.0,1162.0,3.0704,151600.0,NEAR OCEAN
4555,total_rooms,True,True,3.95463756281407,-122.33,38.31,14.0,6778.0,947.0,2768.0,1014.0,6.1953,258900.0,NEAR BAY
4668,total_rooms,True,False,3.053891959798995,-118.16,34.11,31.0,5715.0,1154.0,2639.0,1079.0,4.1661,364400.0,<1H OCEAN
4675,total_rooms,True,True,3.6529767587939697,-122.16,37.17,35.0,6422.0,1380.0,2755.0,1064.0,5.0165,202300.0,NEAR OCEAN
4689,total_rooms,True,True,5.698508165829145,-117.94,33.91,18.0,8836.0,1527.0,3946.0,1451.0,5.6441,313000.0,<1H OCEAN
4690,total_rooms,True,True,21.68314133165829,-117.87,34.04,7.0,27700.0,4179.0,15037.0,4072.0,6.6288,339700.0,<1H OCEAN
4718,total_rooms,True,False,3.4191048994974875,-120.48,37.34,8.0,6146.0,1017.0,2821.0,987.0,4.67,127600.0,INLAND
4723,total_rooms,True,True,4.1724095477386935,-119.05,35.32,11.0,7035.0,1455.0,3525.0,1387.0,3.4827,93600.0,INLAND
4741,total_rooms,True,False,3.036097361809045,-124.19,40.73,21.0,5694.0,1056.0,2907.0,972.0,3.5363,90100.0,NEAR OCEAN
4767,total_rooms,True,False,3.034402638190955,-116.19,33.69,11.0,5692.0,1346.0,5682.0,1273.0,2.5383,74000.0,INLAND
4800,total_rooms,True,True,6.584848618090452,-118.14,34.57,6.0,9882.0,1892.0,4892.0,1621.0,3.7636,167600.0,INLAND
4855,total_rooms,True,True,4.974861180904523,-119.16,34.17,17.0,7982.0,1603.0,6437.0,1596.0,4.1279,223900.0,NEAR OCEAN
4867,total_rooms,True,True,4.585074748743719,-118.28,34.07,25.0,7522.0,3179.0,7221.0,2902.0,2.0173,177500.0,<1H OCEAN
4878,total_rooms,True,True,3.58010364321608,-118.12,33.92,27.0,6336.0,1628.0,4673.0,1505.0,2.5893,183700.0,<1H OCEAN
4901,total_rooms,True,True,5.610382537688442,-118.22,33.86,16.0,8732.0,1489.0,3944.0,1493.0,5.1948,203500.0,<1H OCEAN
4906,total_rooms,True,False,3.2064170854271357,-117.17,32.68,16.0,5895.0,1424.0,873.0,522.0,7.3669,187500.0,NEAR OCEAN
4922,total_rooms,True,True,5.048581658291457,-117.75,34.1,21.0,8069.0,2174.0,4369.0,2036.0,3.2756,156800.0,INLAND
4925,total_rooms,True,True,16.961641331658292,-117.75,34.01,4.0,22128.0,3522.0,10450.0,3258.0,6.1287,289600.0,<1H OCEAN
4931,total_rooms,True,True,3.780081030150754,-118.41,34.32,18.0,6572.0,1105.0,3473.0,1067.0,5.2987,203400.0,<1H OCEAN
5013,total_rooms,True,True,4.217319723618091,-121.28,38.55,35.0,7088.0,1279.0,4885.0,1272.0,2.6981,112500.0,INLAND
5029,total_rooms,True,False,3.371652638190955,-122.23,37.46,36.0,6090.0,1057.0,3081.0,1075.0,5.6629,343600.0,NEAR OCEAN
5041,total_rooms,True,True,4.776578517587939,-118.52,34.4,5.0,7748.0,1557.0,4768.0,1393.0,5.305,311200.0,<1H OCEAN
5050,total_rooms,True,True,4.132583542713568,-117.27,34.39,6.0,6988.0,1121.0,3660.0,1092.0,4.2224,125700.0,INLAND
5071,total_rooms,True,False,3.316574120603015,-117.6,34.11,18.0,6025.0,1062.0,3360.0,1028.0,4.8889,155700.0,INLAND
5075,total_rooms,True,False,3.1072757537688442,-122.15,37.71,18.0,5778.0,1526.0,2441.0,1352.0,3.1682,202700.0,NEAR BAY
5079,total_rooms,True,True,4.743531407035176,-121.48,38.62,23.0,7709.0,1279.0,4147.0,1262.0,3.8272,96600.0,INLAND
5107,total_rooms,True,True,8.086373743718593,-117.23,33.91,9.0,11654.0,2100.0,7596.0,2127.0,4.0473,127200.0,INLAND
5119,total_rooms,True,True,3.8232964824120605,-118.04,33.84,21.0,6623.0,1204.0,3193.0,1129.0,4.5395,256000.0,<1H OCEAN
5125,total_rooms,True,True,5.220596105527639,-118.35,33.74,25.0,8272.0,1132.0,3392.0,1132.0,10.0973,500001.0,NEAR OCEAN
5128,total_rooms,True,True,5.241780150753769,-121.42,37.71,7.0,8297.0,1433.0,4189.0,1271.0,4.3696,170700.0,INLAND
5142,total_rooms,True,False,3.3894472361809047,-120.46,37.33,17.0,6111.0,1171.0,2950.0,1104.0,3.2852,98800.0,INLAND
5143,total_rooms,True,True,3.904643216080402,-122.75,38.54,6.0,6719.0,1016.0,2699.0,997.0,5.4886,254200.0,<1H OCEAN
5148,total_rooms,True,False,3.2140433417085426,-117.32,34.54,9.0,5904.0,1165.0,3489.0,1063.0,3.125,92800.0,INLAND
5157,total_rooms,True,True,7.744886934673367,-118.68,34.13,9.0,11251.0,1594.0,3029.0,1227.0,6.7273,500001.0,<1H OCEAN
5160,total_rooms,True,False,3.125070351758794,-116.82,34.24,11.0,5799.0,1527.0,713.0,262.0,2.5147,84700.0,INLAND
5175,total_rooms,True,False,3.4148680904522615,-121.67,38.54,13.0,6141.0,1019.0,2553.0,967.0,4.2432,326500.0,INLAND
5207,total_rooms,True,True,6.650095477386934,-117.84,34.04,4.0,9959.0,1544.0,4904.0,1429.0,6.9754,402500.0,<1H OCEAN
5224,total_rooms,True,True,7.413568467336684,-118.62,34.26,15.0,10860.0,1653.0,4178.0,1581.0,6.3249,262100.0,<1H OCEAN
5237,total_rooms,True,False,3.3724999999999996,-117.29,33.1,6.0,6091.0,1018.0,2064.0,957.0,5.1837,259800.0,NEAR OCEAN
5243,total_rooms,True,True,3.8063492462311554,-118.49,34.11,27.0,6603.0,879.0,2336.0,868.0,13.2935,500001.0,<1H OCEAN
5272,total_rooms,True,True,3.761439070351759,-122.01,38.25,11.0,6550.0,1149.0,3570.0,1123.0,3.8583,137900.0,INLAND
5279,total_rooms,True,True,3.611456030150754,-122.29,37.41,30.0,6373.0,854.0,2149.0,798.0,10.6868,500001.0,NEAR OCEAN
5287,total_rooms,True,True,4.673200376884422,-117.6,33.87,15.0,7626.0,1570.0,3823.0,1415.0,3.4419,138100.0,INLAND
5292,total_rooms,True,True,6.493333542713568,-121.32,38.59,21.0,9774.0,1777.0,4674.0,1712.0,3.6817,136100.0,INLAND
5344,total_rooms,True,True,16.101569095477387,-118.43,34.43,5.0,21113.0,4386.0,9842.0,3886.0,4.2037,194600.0,<1H OCEAN
5345,total_rooms,True,True,3.740255025125628,-117.04,32.9,6.0,6525.0,826.0,3146.0,806.0,9.2858,436100.0,<1H OCEAN
5347,total_rooms,True,True,9.443,-121.06,38.7,9.0,13255.0,1739.0,5001.0,1627.0,6.314,228900.0,INLAND
5375,total_rooms,True,True,3.5241777638190954,-118.43,34.15,28.0,6270.0,1706.0,2549.0,1497.0,3.2241,295800.0,<1H OCEAN
5398,total_rooms,True,True,4.830809673366834,-121.26,38.7,9.0,7812.0,1348.0,3275.0,1178.0,4.3826,146600.0,INLAND
5407,total_rooms,True,True,4.824030778894472,-116.93,33.93,13.0,7804.0,1594.0,3297.0,1469.0,2.0549,95600.0,INLAND
5418,total_rooms,True,False,3.1352386934673366,-121.96,37.51,22.0,5811.0,1125.0,3215.0,1086.0,4.4107,223500.0,<1H OCEAN
5466,total_rooms,True,True,4.223251256281407,-116.42,33.79,12.0,7095.0,1260.0,1179.0,570.0,4.9444,285000.0,INLAND
5467,total_rooms,True,False,3.402157663316583,-117.14,33.12,7.0,6126.0,1032.0,2662.0,923.0,4.9005,264000.0,<1H OCEAN
5491,total_rooms,True,False,3.019997487437186,-117.53,33.94,21.0,5675.0,935.0,2834.0,865.0,4.2263,203200.0,INLAND
5523,total_rooms,True,True,12.268951633165829,-117.7,33.48,6.0,16590.0,2696.0,6223.0,2357.0,6.3088,340300.0,<1H OCEAN
5528,total_rooms,True,True,4.906224874371859,-121.42,38.51,15.0,7901.0,1422.0,4769.0,1418.0,2.8139,90400.0,INLAND
5536,total_rooms,True,True,14.048411432160805,-117.79,34.02,5.0,18690.0,2862.0,9427.0,2777.0,6.4266,315600.0,<1H OCEAN
5538,total_rooms,True,True,8.090610552763819,-116.39,33.69,10.0,11659.0,2007.0,2186.0,1083.0,6.9833,238800.0,INLAND
5540,total_rooms,True,True,3.541972361809045,-122.44,37.74,23.0,6291.0,1269.0,2818.0,1198.0,4.2672,391900.0,NEAR BAY
5552,total_rooms,True,True,4.7731890703517585,-118.99,37.63,10.0,7744.0,1573.0,483.0,224.0,3.2917,231800.0,INLAND
5563,total_rooms,True,True,6.233193467336684,-117.59,34.16,10.0,9467.0,1181.0,3819.0,1122.0,7.8252,361400.0,INLAND
5568,total_rooms,True,True,3.5902719849246227,-118.37,34.09,31.0,6348.0,1827.0,2559.0,1755.0,3.2818,225000.0,<1H OCEAN
5576,total_rooms,True,False,3.2920006281407033,-121.37,38.63,30.0,5996.0,1018.0,2532.0,1049.0,4.6127,151800.0,INLAND
5579,total_rooms,True,True,6.394192211055277,-118.56,34.14,23.0,9657.0,1189.0,3585.0,1162.0,10.4399,500001.0,<1H OCEAN
5620,total_rooms,True,True,6.863630653266331,-121.46,38.49,15.0,10211.0,1995.0,5656.0,1752.0,2.575,107900.0,INLAND
5639,total_rooms,True,True,4.3020559045226126,-120.76,38.12,7.0,7188.0,1288.0,3175.0,1115.0,3.8488,130600.0,INLAND
5646,total_rooms,True,True,6.245903894472361,-116.54,33.82,12.0,9482.0,2501.0,2725.0,1300.0,1.5595,115600.0,INLAND
5653,total_rooms,True,True,10.3123932160804,-117.43,33.91,15.0,14281.0,2511.0,7540.0,2245.0,4.3222,138000.0,INLAND
5666,total_rooms,True,True,4.88843027638191,-117.3,33.17,6.0,7880.0,1533.0,3760.0,1460.0,4.1807,182600.0,NEAR OCEAN
5684,total_rooms,True,True,13.445089824120602,-117.52,33.89,2.0,17978.0,3217.0,7305.0,2463.0,5.1695,220800.0,INLAND
5737,total_rooms,True,True,13.062929648241207,-117.83,33.99,14.0,17527.0,2751.0,8380.0,2676.0,6.2734,267000.0,<1H OCEAN
5748,total_rooms,True,True,6.565359296482412,-117.25,33.06,6.0,9859.0,1448.0,4194.0,1401.0,6.439,296200.0,NEAR OCEAN
5749,total_rooms,True,True,6.729747487437185,-121.87,36.55,20.0,10053.0,1768.0,3083.0,1621.0,5.1506,387500.0,NEAR OCEAN
5757,total_rooms,True,False,3.4343574120603018,-122.24,37.55,3.0,6164.0,1175.0,2198.0,975.0,6.7413,435900.0,NEAR BAY
5778,total_rooms,True,True,5.3290584170854265,-122.43,37.64,34.0,8400.0,1812.0,4101.0,1717.0,4.1033,301000.0,NEAR OCEAN
5818,total_rooms,True,True,9.470962939698492,-117.38,33.67,9.0,13288.0,2728.0,7235.0,2350.0,3.375,131800.0,<1H OCEAN
5830,total_rooms,True,True,3.50384108040201,-118.55,34.38,24.0,6246.0,1028.0,2803.0,999.0,6.3002,282900.0,<1H OCEAN
5839,total_rooms,True,True,4.145293969849246,-121.32,38.63,20.0,7003.0,1409.0,3107.0,1315.0,3.0348,150500.0,INLAND
5880,total_rooms,True,True,5.079934045226131,-117.2,34.24,22.0,8106.0,1665.0,1062.0,423.0,3.0434,137200.0,INLAND
5906,total_rooms,True,True,4.382555276381909,-122.26,37.56,23.0,7283.0,1342.0,3399.0,1298.0,5.6683,391000.0,NEAR BAY
5914,total_rooms,True,True,8.817646984924624,-116.95,32.83,14.0,12517.0,2506.0,6389.0,2333.0,3.3081,168700.0,<1H OCEAN
5953,total_rooms,True,False,3.3818209798994974,-119.87,36.78,4.0,6102.0,1114.0,3406.0,1115.0,3.4213,84500.0,INLAND
5983,total_rooms,True,False,3.465709798994975,-122.14,37.86,20.0,6201.0,1182.0,2415.0,1141.0,4.5744,314000.0,NEAR BAY
5988,total_rooms,True,False,3.3809736180904526,-119.83,36.8,16.0,6101.0,1200.0,3407.0,1134.0,3.125,80800.0,INLAND
5997,total_rooms,True,True,3.953790201005025,-121.92,37.24,26.0,6777.0,1051.0,3319.0,1061.0,6.3663,279400.0,<1H OCEAN
6024,total_rooms,True,False,3.0106765075376885,-117.98,33.67,7.0,5664.0,1174.0,2493.0,1101.0,5.8252,264700.0,<1H OCEAN
6029,total_rooms,True,True,6.686532035175879,-117.21,33.93,4.0,10002.0,1468.0,5439.0,1397.0,5.0223,152600.0,INLAND
6037,total_rooms,True,True,13.241722989949748,-120.59,34.7,29.0,17738.0,3114.0,12427.0,2826.0,2.7377,28300.0,NEAR OCEAN
6067,total_rooms,True,True,8.349903266331658,-117.5,34.12,2.0,11965.0,1802.0,4436.0,1296.0,5.285,191700.0,INLAND
6070,total_rooms,True,True,5.592587939698492,-117.75,33.54,21.0,8711.0,1544.0,3173.0,1396.0,5.0907,378200.0,<1H OCEAN
6077,total_rooms,True,True,4.539317211055276,-117.65,33.45,15.0,7468.0,1275.0,3033.0,1217.0,5.49,239300.0,NEAR OCEAN
6100,total_rooms,True,True,3.668229271356784,-121.99,39.15,17.0,6440.0,1204.0,3266.0,1142.0,2.7137,72000.0,INLAND
6133,total_rooms,True,True,5.936616834170854,-121.98,37.82,18.0,9117.0,1248.0,3280.0,1167.0,8.003,351300.0,<1H OCEAN
6136,total_rooms,True,True,8.669358668341708,-116.94,34.24,27.0,12342.0,2630.0,1300.0,566.0,1.998,153500.0,INLAND
6140,total_rooms,True,True,5.710371231155779,-118.52,34.26,21.0,8850.0,2139.0,4717.0,1979.0,3.7816,254200.0,<1H OCEAN
6142,total_rooms,True,True,4.165630653266332,-121.95,37.28,19.0,7027.0,1847.0,3759.0,1753.0,3.1509,242900.0,<1H OCEAN
6172,total_rooms,True,True,3.5301092964824123,-121.93,37.3,14.0,6277.0,1742.0,3025.0,1630.0,4.0653,234200.0,<1H OCEAN
6177,total_rooms,True,True,4.5579591708542715,-121.89,37.68,12.0,7490.0,1207.0,3329.0,1136.0,6.3373,339700.0,<1H OCEAN
6199,total_rooms,True,False,3.396226130653266,-121.36,38.63,28.0,6119.0,985.0,2631.0,934.0,4.875,146400.0,INLAND
6206,total_rooms,True,False,3.305558417085427,-120.26,39.32,24.0,6012.0,1227.0,780.0,358.0,3.0043,122100.0,INLAND
6232,total_rooms,True,True,4.1961356783919594,-117.81,34.12,23.0,7063.0,1176.0,3100.0,1112.0,4.8229,192600.0,INLAND
6244,total_rooms,True,True,3.7080552763819097,-122.34,37.96,15.0,6487.0,1717.0,3408.0,1560.0,2.1991,133300.0,NEAR BAY
6248,total_rooms,True,True,6.807704773869347,-117.38,33.67,17.0,10145.0,2306.0,4776.0,1749.0,2.2423,132600.0,<1H OCEAN
6271,total_rooms,True,True,3.6699239949748743,-119.08,35.36,12.0,6442.0,1116.0,2966.0,1092.0,4.5791,123400.0,INLAND
6281,total_rooms,True,True,6.46282851758794,-117.46,33.9,10.0,9738.0,2130.0,4936.0,1840.0,3.3187,144800.0,INLAND
6297,total_rooms,True,False,3.247090452261306,-118.44,34.05,20.0,5943.0,1538.0,2492.0,1429.0,4.1141,305000.0,<1H OCEAN
6337,total_rooms,True,True,4.346118718592964,-116.94,33.77,14.0,7240.0,1410.0,2708.0,1240.0,2.4145,137600.0,INLAND
6342,total_rooms,True,False,3.07253391959799,-121.02,37.62,14.0,5737.0,1286.0,4722.0,1210.0,1.6731,95800.0,INLAND
6358,total_rooms,True,True,15.958364949748743,-117.31,33.19,11.0,20944.0,3753.0,8738.0,3441.0,4.3762,215500.0,NEAR OCEAN
6387,total_rooms,True,False,3.443678391959799,-118.02,34.04,28.0,6175.0,1449.0,5041.0,1408.0,2.8821,158100.0,<1H OCEAN
6447,total_rooms,True,True,7.529657035175879,-116.95,33.79,8.0,10997.0,2205.0,5060.0,1949.0,2.1979,95300.0,INLAND
6459,total_rooms,True,True,3.5495986180904526,-117.86,34.02,19.0,6300.0,937.0,3671.0,943.0,5.9716,262100.0,<1H OCEAN
6468,total_rooms,True,True,4.977403266331658,-121.96,38.33,3.0,7985.0,1257.0,3664.0,1215.0,4.976,158300.0,INLAND
6501,total_rooms,True,False,3.2775954773869347,-121.3,38.11,5.0,5979.0,1190.0,2679.0,1084.0,4.196,171700.0,INLAND
6517,total_rooms,True,True,5.288385050251256,-118.17,34.67,5.0,8352.0,1555.0,3723.0,1389.0,4.5659,140300.0,INLAND
6547,total_rooms,True,False,3.110665201005025,-120.63,35.59,9.0,5782.0,1184.0,3026.0,1130.0,2.6528,113500.0,<1H OCEAN
6559,total_rooms,True,True,4.459665201005025,-117.13,32.63,10.0,7374.0,1157.0,1900.0,794.0,8.7991,478500.0,NEAR OCEAN
6602,total_rooms,True,False,3.40978391959799,-119.58,36.83,13.0,6135.0,863.0,2473.0,774.0,5.4895,156700.0,INLAND
6604,total_rooms,True,True,7.435599874371859,-116.91,33.75,13.0,10886.0,2127.0,4266.0,1955.0,2.3169,123400.0,INLAND
6608,total_rooms,True,True,3.730086683417085,-118.33,33.96,24.0,6513.0,1290.0,2636.0,1271.0,4.2099,189800.0,<1H OCEAN
6613,total_rooms,True,True,7.366116206030151,-117.38,34.14,11.0,10804.0,1493.0,5221.0,1482.0,5.246,161400.0,INLAND
6623,total_rooms,True,False,3.280984924623115,-117.34,34.46,9.0,5983.0,1122.0,3515.0,1064.0,3.1505,102000.0,INLAND
6630,total_rooms,True,True,3.6656871859296483,-117.34,33.96,15.0,6437.0,1298.0,2805.0,1205.0,4.1883,184500.0,INLAND
6641,total_rooms,True,True,5.071460427135678,-117.97,33.91,19.0,8096.0,1318.0,3853.0,1313.0,6.0076,269500.0,<1H OCEAN
6663,total_rooms,True,True,4.0749629396984925,-118.53,34.14,28.0,6920.0,906.0,2515.0,860.0,9.2189,500001.0,<1H OCEAN
6670,total_rooms,True,True,11.09196608040201,-119.25,34.21,12.0,15201.0,2418.0,7132.0,2251.0,5.6756,301800.0,NEAR OCEAN
6699,total_rooms,True,True,7.018697864321608,-117.2,33.07,5.0,10394.0,1617.0,4496.0,1553.0,5.9289,411300.0,NEAR OCEAN
6709,total_rooms,True,True,4.068184045226131,-121.79,36.68,22.0,6912.0,1513.0,3794.0,1455.0,3.0608,168300.0,<1H OCEAN
6734,total_rooms,True,True,4.004631909547738,-122.79,38.48,7.0,6837.0,,3468.0,1405.0,3.1662,191000.0,<1H OCEAN
6742,total_rooms,True,True,7.04496608040201,-119.74,36.85,3.0,10425.0,2121.0,4432.0,1778.0,3.9032,140800.0,INLAND
6743,total_rooms,True,True,4.513048994974874,-116.26,33.65,3.0,7437.0,1222.0,574.0,302.0,10.2948,382400.0,INLAND
6752,total_rooms,True,True,4.844367462311558,-118.45,34.16,22.0,7828.0,2038.0,3303.0,1922.0,3.6171,318300.0,<1H OCEAN
6760,total_rooms,True,True,3.686871231155779,-121.99,37.56,20.0,6462.0,1294.0,3288.0,1235.0,4.3393,231200.0,<1H OCEAN
6774,total_rooms,True,True,5.912890703517588,-117.15,33.45,4.0,9089.0,1413.0,3886.0,1243.0,4.6904,174200.0,<1H OCEAN
6833,total_rooms,True,False,3.222516959798995,-122.07,37.69,31.0,5914.0,1309.0,2999.0,1295.0,3.0964,190500.0,NEAR BAY
6834,total_rooms,True,True,3.780928391959799,-118.4,34.28,16.0,6573.0,1480.0,6161.0,1473.0,3.3304,154900.0,<1H OCEAN
6837,total_rooms,True,False,3.2089591708542713,-116.98,33.26,12.0,5898.0,1002.0,3129.0,945.0,4.7647,254100.0,<1H OCEAN
6841,total_rooms,True,True,4.770646984924623,-121.28,38.66,17.0,7741.0,1401.0,3153.0,1331.0,3.7869,216100.0,INLAND
6844,total_rooms,True,True,3.5936614321608036,-117.89,33.78,16.0,6352.0,1747.0,5085.0,1649.0,2.8835,193800.0,<1H OCEAN
6863,total_rooms,True,True,8.599027638190956,-121.24,38.82,5.0,12259.0,1643.0,4819.0,1582.0,5.4498,217300.0,INLAND
6866,total_rooms,True,True,3.8190596733668345,-118.14,33.87,21.0,6618.0,1773.0,4396.0,1649.0,3.0989,171400.0,<1H OCEAN
6895,total_rooms,True,True,3.597050879396985,-117.45,34.11,7.0,6356.0,1244.0,4052.0,1164.0,2.9112,121700.0,INLAND
6923,total_rooms,True,True,3.5173988693467333,-118.1,34.14,26.0,6262.0,1645.0,3001.0,1505.0,3.6572,213200.0,<1H OCEAN
6924,total_rooms,True,False,3.4877412060301505,-118.58,34.21,13.0,6227.0,1317.0,3739.0,1226.0,4.0313,299300.0,<1H OCEAN
6938,total_rooms,True,True,4.545248743718593,-122.06,37.85,17.0,7475.0,1556.0,2092.0,1449.0,3.6437,186500.0,NEAR BAY
6956,total_rooms,True,True,23.971865577889446,-117.12,33.52,4.0,30401.0,4957.0,13251.0,4339.0,4.5841,212300.0,<1H OCEAN
6959,total_rooms,True,True,6.887356783919598,-118.14,34.14,24.0,10239.0,2823.0,4210.0,2565.0,3.6997,225000.0,<1H OCEAN
6992,total_rooms,True,True,5.986611180904522,-121.84,37.18,6.0,9176.0,1201.0,3637.0,1138.0,8.3837,473400.0,<1H OCEAN
7045,total_rooms,True,True,4.524064698492462,-120.67,37.97,9.0,7450.0,1475.0,2233.0,930.0,2.6528,133000.0,INLAND
7050,total_rooms,True,True,10.086147613065325,-122.07,37.52,3.0,14014.0,2861.0,7205.0,2753.0,6.0824,273500.0,NEAR BAY
7059,total_rooms,True,True,4.08597864321608,-117.57,34.02,5.0,6933.0,1311.0,3845.0,1285.0,4.6727,158900.0,INLAND
7083,total_rooms,True,True,5.860354271356783,-119.07,35.33,13.0,9027.0,1901.0,4870.0,1797.0,3.406,100700.0,INLAND
7094,total_rooms,True,False,3.1115125628140703,-117.19,33.7,24.0,5783.0,1256.0,1990.0,1151.0,1.9014,83500.0,<1H OCEAN
7105,total_rooms,True,True,5.365494974874372,-117.27,33.92,13.0,8443.0,1744.0,4885.0,1470.0,3.0907,127200.0,INLAND
7152,total_rooms,True,True,11.141113065326632,-122.27,37.97,10.0,15259.0,2275.0,7266.0,2338.0,6.0666,272400.0,NEAR BAY
7153,total_rooms,True,True,4.622358668341708,-120.93,37.66,10.0,7566.0,1348.0,3227.0,1199.0,4.744,148100.0,INLAND
7183,total_rooms,True,False,3.0233869346733666,-122.27,37.77,23.0,5679.0,1270.0,2690.0,1151.0,4.7695,291700.0,NEAR BAY
7190,total_rooms,True,True,4.583380025125628,-119.77,36.91,3.0,7520.0,1143.0,2878.0,1077.0,5.3272,174200.0,INLAND
7203,total_rooms,True,True,7.7652236180904515,-118.19,34.67,8.0,11275.0,1822.0,5731.0,1692.0,5.0285,167900.0,INLAND
7204,total_rooms,True,True,4.862162060301507,-118.52,34.25,11.0,7849.0,1664.0,3561.0,1500.0,4.6625,290900.0,<1H OCEAN
7248,total_rooms,True,True,3.8699013819095476,-117.69,33.58,5.0,6678.0,1011.0,2877.0,982.0,7.5177,330000.0,<1H OCEAN
7249,total_rooms,True,True,16.078690326633165,-118.55,34.41,8.0,21086.0,3945.0,9936.0,3790.0,5.8602,265100.0,<1H OCEAN
7255,total_rooms,True,True,4.118178391959799,-117.83,33.87,5.0,6971.0,1449.0,3521.0,1423.0,5.2131,243900.0,<1H OCEAN
7262,total_rooms,True,True,4.94689824120603,-122.42,40.57,10.0,7949.0,1309.0,3176.0,1163.0,4.1099,120100.0,INLAND
7348,total_rooms,True,True,5.797649497487437,-122.0,37.86,18.0,8953.0,1074.0,3011.0,993.0,10.7372,500001.0,<1H OCEAN
7374,total_rooms,True,True,6.601795854271356,-118.46,34.23,19.0,9902.0,2814.0,7307.0,2660.0,2.585,145400.0,<1H OCEAN
7382,total_rooms,True,True,10.82928391959799,-118.43,33.96,16.0,14891.0,3984.0,6270.0,3595.0,5.1064,283200.0,<1H OCEAN
7388,total_rooms,True,False,3.1301545226130654,-120.7,35.14,17.0,5805.0,1097.0,1919.0,932.0,3.5352,357800.0,NEAR OCEAN
7390,total_rooms,True,True,3.95463756281407,-118.54,34.05,33.0,6778.0,1092.0,2540.0,1052.0,8.565,500001.0,<1H OCEAN
7391,total_rooms,True,True,10.851315326633165,-122.04,37.58,14.0,14917.0,2708.0,8012.0,2606.0,5.6277,269800.0,NEAR BAY
7414,total_rooms,True,True,4.693537060301508,-114.47,34.4,19.0,7650.0,1901.0,1129.0,463.0,1.82,80100.0,INLAND
7425,total_rooms,True,True,11.89441771356784,-116.99,33.73,13.0,16148.0,3474.0,6159.0,3232.0,1.9961,97800.0,INLAND
7435,total_rooms,True,False,3.18608040201005,-122.26,37.81,34.0,5871.0,1914.0,2689.0,1789.0,2.8406,335700.0,NEAR BAY
7448,total_rooms,True,False,3.1089704773869347,-119.81,36.83,10.0,5780.0,922.0,2712.0,883.0,5.6445,135500.0,INLAND
7465,total_rooms,True,True,6.151846733668342,-121.67,36.66,19.0,9371.0,1980.0,4259.0,1882.0,3.6875,189700.0,<1H OCEAN
7468,total_rooms,True,True,3.5894246231155775,-118.4,34.17,24.0,6347.0,,2945.0,1492.0,3.3545,221500.0,<1H OCEAN
7474,total_rooms,True,True,5.723929020100502,-117.36,34.08,4.0,8866.0,1832.0,4775.0,1554.0,3.7348,125800.0,INLAND
7482,total_rooms,True,True,4.775731155778894,-121.92,38.34,2.0,7747.0,1133.0,3481.0,1083.0,6.1112,181000.0,INLAND
7489,total_rooms,True,True,3.7199183417085426,-121.06,38.91,18.0,6501.0,1416.0,2954.0,1373.0,2.5373,143000.0,INLAND
7508,total_rooms,True,True,4.479154522613065,-121.9,37.66,18.0,7397.0,1137.0,3126.0,1115.0,6.4994,323000.0,INLAND
7535,total_rooms,True,True,4.065641959798994,-122.27,37.74,28.0,6909.0,1554.0,2974.0,1484.0,3.6875,353900.0,NEAR BAY
7556,total_rooms,True,True,4.802846733668342,-117.51,34.02,24.0,7779.0,1835.0,3996.0,1765.0,2.1764,135300.0,INLAND
7571,total_rooms,True,True,3.818212311557789,-117.24,33.95,11.0,6617.0,1118.0,3710.0,1087.0,4.7877,132600.0,INLAND
7577,total_rooms,True,True,5.20958040201005,-120.22,39.2,22.0,8259.0,1409.0,845.0,353.0,3.3699,244000.0,INLAND
7594,total_rooms,True,False,3.0191501256281406,-121.94,37.56,15.0,5674.0,748.0,2412.0,714.0,8.3996,442900.0,<1H OCEAN
7614,total_rooms,True,True,10.88775188442211,-117.3,33.22,4.0,14960.0,2988.0,6666.0,2612.0,3.7568,184100.0,NEAR OCEAN
7620,total_rooms,True,True,4.643542713567839,-118.35,33.82,28.0,7591.0,1710.0,3420.0,1635.0,4.0708,328900.0,<1H OCEAN
7647,total_rooms,True,True,4.0580157035175874,-116.89,33.86,2.0,6900.0,1238.0,1950.0,980.0,3.0417,146300.0,INLAND
7648,total_rooms,True,True,9.088802763819094,-117.33,33.9,2.0,12837.0,1842.0,4636.0,1453.0,5.1512,187800.0,INLAND
7692,total_rooms,True,True,5.393457914572864,-117.21,33.71,16.0,8476.0,1758.0,2711.0,1427.0,2.1848,97900.0,<1H OCEAN
7712,total_rooms,True,True,3.552140703517588,-118.27,33.84,24.0,6303.0,1277.0,3728.0,1252.0,3.9227,208600.0,<1H OCEAN
7783,total_rooms,True,True,6.346739949748744,-116.99,33.75,18.0,9601.0,2401.0,4002.0,2106.0,1.4366,77000.0,INLAND
7805,total_rooms,True,True,4.012258165829146,-122.01,37.31,23.0,6846.0,1078.0,2951.0,1063.0,6.3702,332000.0,<1H OCEAN
7817,total_rooms,True,True,3.7470339195979903,-117.09,32.55,8.0,6533.0,1217.0,4797.0,1177.0,3.9583,144400.0,NEAR OCEAN
7832,total_rooms,True,True,3.801265075376884,-118.01,34.15,32.0,6597.0,1579.0,3689.0,1459.0,3.2377,184100.0,INLAND
7853,total_rooms,True,True,3.940232412060301,-122.07,38.27,8.0,6761.0,1234.0,3237.0,1177.0,4.3586,173400.0,INLAND
7857,total_rooms,True,True,5.24516959798995,-117.7,33.92,4.0,8301.0,1333.0,3941.0,1236.0,6.2141,252200.0,<1H OCEAN
7860,total_rooms,True,True,4.313071608040201,-122.07,37.93,25.0,7201.0,1521.0,3264.0,1433.0,3.7433,252100.0,NEAR BAY
7865,total_rooms,True,True,4.612190326633166,-118.41,33.77,22.0,7554.0,991.0,2808.0,946.0,10.06,500001.0,NEAR OCEAN
7880,total_rooms,True,True,3.52333040201005,-117.91,34.02,22.0,6269.0,,5587.0,1251.0,3.8201,136200.0,<1H OCEAN
7885,total_rooms,True,True,6.154388819095478,-121.06,37.7,7.0,9374.0,1847.0,4827.0,1722.0,3.462,151900.0,INLAND
7920,total_rooms,True,True,10.103094849246231,-122.31,37.5,22.0,14034.0,3020.0,6266.0,2952.0,4.3939,491200.0,NEAR OCEAN
7937,total_rooms,True,True,10.626764447236182,-121.95,37.78,4.0,14652.0,2826.0,5613.0,2579.0,6.3942,356700.0,<1H OCEAN
7950,total_rooms,True,True,3.564003768844221,-117.02,33.81,10.0,6317.0,1335.0,2625.0,1094.0,2.3,108900.0,INLAND
7964,total_rooms,True,False,3.1420175879396983,-117.11,33.23,13.0,5819.0,919.0,2228.0,866.0,4.9335,298100.0,<1H OCEAN
7968,total_rooms,True,False,3.019997487437186,-118.16,33.94,25.0,5675.0,1224.0,3317.0,1119.0,3.9352,232900.0,<1H OCEAN
7970,total_rooms,True,True,7.545756909547738,-118.34,33.78,25.0,11016.0,1626.0,4168.0,1584.0,8.1782,500001.0,NEAR OCEAN
7977,total_rooms,True,True,10.847078517587939,-118.6,34.19,16.0,14912.0,4183.0,5105.0,3302.0,2.8312,213900.0,<1H OCEAN
7978,total_rooms,True,True,9.700597989949747,-116.94,32.78,17.0,13559.0,2656.0,6990.0,2533.0,3.434,193200.0,<1H OCEAN
7985,total_rooms,True,True,7.831317839195981,-118.38,33.77,21.0,11353.0,1537.0,4649.0,1504.0,9.821,500001.0,NEAR OCEAN
8000,total_rooms,True,True,30.35758417085427,-117.74,33.89,4.0,37937.0,5471.0,16122.0,5189.0,7.4947,366300.0,<1H OCEAN
8048,total_rooms,True,True,4.2410458542713565,-117.95,34.16,17.0,7116.0,1089.0,3538.0,1083.0,6.2654,273800.0,INLAND
8114,total_rooms,True,True,5.901027638190954,-118.55,34.03,35.0,9075.0,1858.0,3646.0,1724.0,6.0307,500001.0,<1H OCEAN
8125,total_rooms,True,True,3.9376903266331658,-121.54,36.7,12.0,6758.0,1241.0,3918.0,1100.0,3.525,201700.0,<1H OCEAN
8133,total_rooms,True,True,9.143881281407035,-122.46,37.59,21.0,12902.0,2118.0,6160.0,2082.0,5.7653,325800.0,NEAR OCEAN
8163,total_rooms,True,True,4.85114635678392,-117.84,34.1,17.0,7836.0,1624.0,4419.0,1526.0,3.8465,180700.0,<1H OCEAN
8165,total_rooms,True,True,4.298666457286432,-117.39,34.1,12.0,7184.0,1516.0,4862.0,1235.0,2.4492,103800.0,INLAND
8174,total_rooms,True,True,4.769799623115578,-121.42,38.5,24.0,7740.0,1539.0,4333.0,1397.0,3.025,87900.0,INLAND
8200,total_rooms,True,True,4.151225502512563,-118.55,34.37,21.0,7010.0,1063.0,3331.0,1038.0,6.776,278100.0,<1H OCEAN
8215,total_rooms,True,True,10.428481783919597,-121.38,38.47,4.0,14418.0,2282.0,6578.0,2140.0,4.5604,145900.0,INLAND
8235,total_rooms,True,True,5.873064698492462,-118.36,33.81,25.0,9042.0,2022.0,4458.0,1944.0,4.5592,378800.0,<1H OCEAN
8275,total_rooms,True,False,3.1301545226130654,-117.99,33.92,27.0,5805.0,1152.0,3106.0,1144.0,4.061,222700.0,<1H OCEAN
8294,total_rooms,True,True,8.132978643216079,-122.15,37.43,20.0,11709.0,,7604.0,3589.0,1.9045,375000.0,NEAR BAY
8301,total_rooms,True,True,8.359224246231156,-117.73,33.57,5.0,11976.0,2495.0,4327.0,2009.0,4.8488,194400.0,<1H OCEAN
8338,total_rooms,True,True,4.479154522613065,-119.02,35.3,10.0,7397.0,1369.0,4611.0,1310.0,3.6369,81600.0,INLAND
8360,total_rooms,True,True,5.2400854271356785,-118.61,34.25,16.0,8295.0,1506.0,3903.0,1451.0,5.5111,276600.0,<1H OCEAN
8364,total_rooms,True,True,8.182972989949748,-122.0,38.25,7.0,11768.0,1893.0,6657.0,1874.0,4.9222,142900.0,INLAND
8384,total_rooms,True,True,3.835159547738693,-121.59,37.01,16.0,6637.0,1171.0,3575.0,1162.0,4.3227,251500.0,INLAND
8428,total_rooms,True,False,3.2564114321608044,-117.43,34.12,7.0,5954.0,1071.0,3567.0,1070.0,3.2056,134100.0,INLAND
8429,total_rooms,True,True,7.204270100502513,-121.66,36.69,6.0,10613.0,2485.0,7249.0,2375.0,3.7912,168900.0,<1H OCEAN
8433,total_rooms,True,True,11.804597361809044,-117.95,33.98,15.0,16042.0,2602.0,7732.0,2552.0,5.6716,330400.0,<1H OCEAN
8473,total_rooms,True,True,5.8654384422110555,-116.24,33.71,10.0,9033.0,2224.0,5525.0,1845.0,2.7598,95000.0,INLAND
8488,total_rooms,True,False,3.2394641959798993,-117.29,34.41,11.0,5934.0,1380.0,2756.0,1239.0,1.5758,108300.0,INLAND
8497,total_rooms,True,False,3.39029459798995,-117.27,33.55,4.0,6112.0,890.0,2088.0,712.0,5.5351,429000.0,<1H OCEAN
8504,total_rooms,True,True,3.89786432160804,-122.06,37.63,12.0,6711.0,1374.0,3388.0,1289.0,3.8625,208900.0,NEAR BAY
8526,total_rooms,True,False,3.253021984924623,-117.81,33.79,25.0,5950.0,1155.0,4528.0,1064.0,4.2564,204600.0,<1H OCEAN
8550,total_rooms,True,True,5.705287060301507,-118.02,33.72,22.0,8844.0,1706.0,4404.0,1594.0,4.4453,267800.0,<1H OCEAN
8568,total_rooms,True,True,5.848491206030151,-118.51,34.11,29.0,9013.0,1117.0,2919.0,1061.0,13.947,500001.0,<1H OCEAN
8578,total_rooms,True,True,4.549485552763819,-118.65,34.2,23.0,7480.0,1084.0,3037.0,1058.0,6.9223,338400.0,<1H OCEAN
8610,total_rooms,True,False,3.4131733668341706,-117.03,33.0,6.0,6139.0,793.0,2693.0,770.0,7.7569,387400.0,<1H OCEAN
8618,total_rooms,True,False,3.4309679648241205,-121.86,37.29,14.0,6160.0,1222.0,2472.0,1204.0,4.1444,178400.0,<1H OCEAN
8663,total_rooms,True,True,6.873798994974874,-117.59,33.91,7.0,10223.0,1491.0,5205.0,1509.0,5.4872,203400.0,INLAND
8735,total_rooms,True,True,7.3678109296482415,-118.43,34.11,27.0,10806.0,1440.0,3511.0,1352.0,12.7296,500001.0,<1H OCEAN
8741,total_rooms,True,True,4.10546796482412,-117.56,34.12,4.0,6956.0,1271.0,3455.0,1228.0,4.7193,178700.0,INLAND
8747,total_rooms,True,True,7.381368718592964,-119.05,35.3,9.0,10822.0,1994.0,6241.0,1906.0,4.0631,88200.0,INLAND
8761,total_rooms,True,True,3.8360069095477387,-120.59,35.13,8.0,6638.0,1054.0,2710.0,966.0,4.6776,295500.0,<1H OCEAN
8764,total_rooms,True,True,4.130888819095477,-122.14,37.88,34.0,6986.0,1096.0,2865.0,1124.0,6.2275,394400.0,NEAR BAY
8786,total_rooms,True,False,3.428425879396985,-117.84,33.84,23.0,6157.0,1129.0,2817.0,1073.0,5.0629,232600.0,<1H OCEAN
8798,total_rooms,True,True,6.156083542713568,-117.36,33.92,7.0,9376.0,1181.0,3570.0,1107.0,8.5326,315200.0,INLAND
8818,total_rooms,True,False,3.1420175879396983,-117.8,33.92,16.0,5819.0,986.0,2306.0,914.0,4.6315,277500.0,<1H OCEAN
8832,total_rooms,True,True,5.834933417085427,-120.93,35.76,11.0,8997.0,1698.0,1825.0,756.0,3.23,154300.0,<1H OCEAN
8854,total_rooms,True,False,3.226753768844221,-119.02,37.64,14.0,5919.0,1278.0,265.0,112.0,3.2431,221400.0,INLAND
8870,total_rooms,True,False,3.1403228643216083,-122.7,38.36,11.0,5817.0,878.0,2538.0,876.0,4.221,227100.0,<1H OCEAN
8884,total_rooms,True,True,3.5775615577889446,-121.04,37.69,9.0,6333.0,1355.0,3265.0,1265.0,3.0217,160900.0,INLAND
8898,total_rooms,True,True,5.605298366834171,-118.55,34.39,16.0,8726.0,1317.0,3789.0,1279.0,6.8419,323300.0,<1H OCEAN
8945,total_rooms,True,False,3.380126256281407,-117.88,33.93,17.0,6100.0,861.0,2771.0,866.0,7.6486,306700.0,<1H OCEAN
8949,total_rooms,True,True,7.13732851758794,-117.67,33.67,5.0,10534.0,2035.0,4656.0,1863.0,5.7797,309200.0,<1H OCEAN
8955,total_rooms,True,True,4.57066959798995,-121.84,37.98,8.0,7505.0,1089.0,3325.0,1016.0,5.2699,204200.0,INLAND
8981,total_rooms,True,True,5.153654522613065,-117.37,34.59,39.0,8193.0,1747.0,6852.0,1597.0,2.3832,35000.0,INLAND
9007,total_rooms,True,True,4.019037060301508,-118.02,34.14,31.0,6854.0,1578.0,4131.0,1524.0,3.5878,222800.0,INLAND
9008,total_rooms,True,True,6.663653266331658,-118.34,33.91,12.0,9975.0,3638.0,7429.0,3405.0,2.6689,192300.0,<1H OCEAN
9021,total_rooms,True,False,3.0225395728643214,-121.97,38.35,17.0,5678.0,1116.0,3182.0,1135.0,3.7388,122000.0,INLAND
9051,total_rooms,True,True,7.410179020100502,-117.71,33.97,10.0,10856.0,2278.0,6474.0,2199.0,3.851,137200.0,INLAND
9061,total_rooms,True,False,3.405547110552764,-122.08,37.87,24.0,6130.0,1359.0,1750.0,1286.0,2.9167,102700.0,NEAR BAY
9072,total_rooms,True,False,3.1386281407035175,-122.66,38.44,17.0,5815.0,898.0,2614.0,887.0,4.3657,215900.0,<1H OCEAN
9092,total_rooms,True,True,4.007173994974875,-117.84,33.64,11.0,6840.0,1689.0,6083.0,1629.0,2.4132,198300.0,<1H OCEAN
9095,total_rooms,True,True,4.357981783919598,-121.86,39.76,19.0,7254.0,1785.0,4030.0,1667.0,2.0094,87300.0,INLAND
9100,total_rooms,True,False,3.0403341708542713,-118.48,34.19,20.0,5699.0,1594.0,3809.0,1381.0,2.8646,221100.0,<1H OCEAN
9131,total_rooms,True,True,3.5826457286432163,-117.79,33.71,16.0,6339.0,862.0,3132.0,825.0,7.1069,313400.0,<1H OCEAN
9147,total_rooms,True,True,6.357755653266332,-122.56,38.09,17.0,9614.0,2123.0,4684.0,2060.0,4.1705,209800.0,NEAR BAY
9162,total_rooms,True,True,4.96469283919598,-118.57,34.09,14.0,7970.0,1142.0,2926.0,1096.0,11.2866,500001.0,<1H OCEAN
9181,total_rooms,True,True,4.98587688442211,-116.98,32.62,6.0,7995.0,1458.0,4771.0,1376.0,4.7068,184300.0,NEAR OCEAN
9191,total_rooms,True,False,3.22336432160804,-118.18,33.74,30.0,5915.0,1750.0,2136.0,1503.0,4.0968,310000.0,NEAR OCEAN
9193,total_rooms,True,False,3.0716865577889445,-117.65,33.6,15.0,5736.0,,2529.0,762.0,6.4114,278700.0,<1H OCEAN
9194,total_rooms,True,True,6.27640891959799,-117.04,32.99,6.0,9518.0,1418.0,4413.0,1275.0,6.6012,314900.0,<1H OCEAN
9197,total_rooms,True,True,5.029092336683417,-118.1,33.88,18.0,8046.0,1221.0,4276.0,1228.0,6.5515,319600.0,<1H OCEAN
9199,total_rooms,True,False,3.0310131909547735,-121.97,37.79,17.0,5688.0,824.0,2111.0,773.0,6.6131,312500.0,<1H OCEAN
9213,total_rooms,True,True,6.390802763819095,-117.7,33.62,16.0,9653.0,2000.0,4732.0,1922.0,3.7361,197200.0,<1H OCEAN
9244,total_rooms,True,False,3.4224943467336684,-118.68,34.28,5.0,6150.0,1265.0,3188.0,1266.0,4.7034,223000.0,<1H OCEAN
9253,total_rooms,True,True,4.324087311557789,-118.54,34.18,17.0,7214.0,1994.0,4100.0,1823.0,3.0943,174500.0,<1H OCEAN
9287,total_rooms,True,True,5.3663423366834175,-122.03,37.56,24.0,8444.0,1492.0,4446.0,1491.0,4.6978,240300.0,NEAR BAY
9292,total_rooms,True,True,5.5205621859296485,-116.37,33.72,17.0,8626.0,1859.0,3497.0,1337.0,3.312,121300.0,INLAND
9325,total_rooms,True,True,7.415263190954774,-119.74,36.8,18.0,10862.0,2401.0,5466.0,2209.0,2.4678,74300.0,INLAND
9331,total_rooms,True,False,3.4563888190954772,-122.82,38.55,8.0,6190.0,1088.0,2967.0,1000.0,3.8616,195100.0,<1H OCEAN
9339,total_rooms,True,True,4.482543969849246,-117.17,33.66,2.0,7401.0,1187.0,2826.0,839.0,4.1386,177300.0,<1H OCEAN
9351,total_rooms,True,True,4.516438442211055,-121.92,37.49,10.0,7441.0,1588.0,3571.0,1466.0,5.1643,193100.0,<1H OCEAN
9527,total_rooms,True,True,15.927859924623114,-117.27,33.23,5.0,20908.0,3933.0,9690.0,3510.0,4.1405,198500.0,<1H OCEAN
9528,total_rooms,True,True,5.6705452261306535,-118.83,34.23,6.0,8803.0,1114.0,3385.0,1010.0,8.7288,425800.0,<1H OCEAN
9536,total_rooms,True,True,3.845327889447236,-121.98,37.34,18.0,6649.0,1712.0,3604.0,1651.0,4.5368,307400.0,<1H OCEAN
9551,total_rooms,True,True,3.903795854271357,-122.08,38.3,2.0,6718.0,858.0,2012.0,654.0,6.8872,305200.0,INLAND
9552,total_rooms,True,True,4.070726130653266,-122.07,37.98,12.0,6915.0,1639.0,2940.0,1468.0,4.0154,186100.0,NEAR BAY
9556,total_rooms,True,True,3.6004403266331657,-122.16,38.07,14.0,6360.0,1236.0,2876.0,1127.0,4.5321,190300.0,NEAR BAY
9579,total_rooms,True,True,6.866172738693467,-119.09,34.24,17.0,10214.0,1589.0,3409.0,1327.0,5.3806,452100.0,<1H OCEAN
9589,total_rooms,True,True,9.916675251256281,-117.04,33.15,15.0,13814.0,2888.0,6583.0,2789.0,2.8247,150000.0,<1H OCEAN
9597,total_rooms,True,True,5.815444095477387,-117.76,33.79,4.0,8974.0,1268.0,3754.0,1241.0,8.2653,374000.0,<1H OCEAN
9598,total_rooms,True,True,5.6213982412060295,-122.04,37.39,5.0,8745.0,2211.0,3959.0,2019.0,4.7685,280100.0,<1H OCEAN
9610,total_rooms,True,True,9.339621859296482,-118.35,33.84,22.0,13133.0,3680.0,7180.0,3522.0,3.5414,354700.0,<1H OCEAN
9616,total_rooms,True,True,3.5767141959798994,-121.86,36.58,20.0,6332.0,991.0,2668.0,955.0,5.7578,347700.0,<1H OCEAN
9620,total_rooms,True,True,3.5987456030150753,-117.2,33.29,12.0,6358.0,1182.0,2778.0,1020.0,4.0357,295900.0,<1H OCEAN
9626,total_rooms,True,False,3.1030389447236177,-121.39,38.6,22.0,5773.0,1320.0,2607.0,1250.0,2.5238,118800.0,INLAND
9627,total_rooms,True,True,4.5011859296482415,-117.31,34.05,6.0,7423.0,2111.0,4092.0,1789.0,2.7002,88300.0,INLAND
9628,total_rooms,True,True,6.346739949748744,-121.04,37.69,5.0,9601.0,1639.0,4449.0,1575.0,4.5332,195500.0,INLAND
9654,total_rooms,True,True,4.015647613065327,-121.36,38.69,13.0,6850.0,1400.0,4251.0,1421.0,3.6989,93300.0,INLAND
9690,total_rooms,True,True,5.074002512562814,-119.71,36.74,18.0,8099.0,1670.0,4476.0,1514.0,2.4728,88300.0,INLAND
9694,total_rooms,True,True,3.9224378140703515,-122.1,37.71,27.0,6740.0,1073.0,2723.0,1035.0,5.2131,252500.0,NEAR BAY
9707,total_rooms,True,True,5.170601758793969,-121.99,37.77,14.0,8213.0,1364.0,3283.0,1286.0,5.1755,294800.0,<1H OCEAN
9728,total_rooms,True,True,11.475820979899499,-122.22,38.07,4.0,15654.0,2394.0,7025.0,2168.0,5.8171,225200.0,NEAR BAY
9761,total_rooms,True,True,8.983729899497487,-122.05,37.92,14.0,12713.0,2558.0,4741.0,2412.0,4.7094,234700.0,NEAR BAY
9771,total_rooms,True,True,6.55688567839196,-118.03,34.58,4.0,9849.0,1780.0,4546.0,1598.0,4.0729,154300.0,INLAND
9773,total_rooms,True,True,6.250988065326633,-121.98,38.39,3.0,9488.0,1417.0,4095.0,1335.0,5.1781,191900.0,INLAND
9782,total_rooms,True,True,3.5682405778894473,-121.01,38.73,7.0,6322.0,1046.0,2957.0,1024.0,4.7276,197500.0,INLAND
9809,total_rooms,True,True,4.81555716080402,-119.04,34.24,20.0,7794.0,1192.0,4169.0,1188.0,5.9316,311900.0,<1H OCEAN
9813,total_rooms,True,False,3.1420175879396983,-121.36,38.67,5.0,5819.0,1507.0,3237.0,1356.0,2.2339,116600.0,INLAND
9829,total_rooms,True,False,3.0276237437185927,-121.83,37.3,16.0,5684.0,1386.0,4203.0,1318.0,3.1964,185800.0,<1H OCEAN
9843,total_rooms,True,True,4.024121231155779,-122.2,38.09,18.0,6860.0,1079.0,3205.0,1058.0,5.2957,171900.0,NEAR BAY
9844,total_rooms,True,True,3.508077889447236,-117.21,32.96,3.0,6251.0,988.0,2330.0,893.0,8.4355,467600.0,NEAR OCEAN
9849,total_rooms,True,True,3.9622638190954773,-121.98,36.99,14.0,6787.0,1454.0,3416.0,1357.0,3.5943,262400.0,NEAR OCEAN
9867,total_rooms,True,False,3.4572361809045224,-118.33,33.72,25.0,6191.0,1081.0,2297.0,1023.0,6.4246,446700.0,NEAR OCEAN
9869,total_rooms,True,True,6.154388819095478,-116.54,33.79,18.0,9374.0,1780.0,1678.0,919.0,3.9737,235600.0,INLAND
9875,total_rooms,True,True,4.44102324120603,-117.03,32.79,17.0,7352.0,1699.0,3331.0,1634.0,2.7006,166300.0,<1H OCEAN
9878,total_rooms,True,True,5.328211055276382,-117.99,33.98,18.0,8399.0,1144.0,3727.0,1107.0,6.9695,360400.0,<1H OCEAN
9882,total_rooms,True,False,3.3174214824120605,-122.39,37.58,36.0,6026.0,852.0,2314.0,892.0,7.8997,500001.0,NEAR OCEAN
9883,total_rooms,True,True,4.726584170854271,-117.29,34.49,3.0,7689.0,1545.0,3804.0,1399.0,3.3871,111800.0,INLAND
9891,total_rooms,True,True,9.472657663316582,-117.72,33.97,16.0,13290.0,2062.0,6931.0,2023.0,5.228,187800.0,<1H OCEAN
9914,total_rooms,True,True,4.138515075376884,-118.57,34.29,4.0,6995.0,1151.0,2907.0,1089.0,7.0808,341200.0,<1H OCEAN
9917,total_rooms,True,True,4.135972989949749,-122.12,38.0,20.0,6992.0,1404.0,3221.0,1334.0,4.2042,166400.0,NEAR BAY
9955,total_rooms,True,True,3.5301092964824123,-122.1,37.41,33.0,6277.0,1274.0,3025.0,1211.0,5.4721,343300.0,NEAR BAY
9958,total_rooms,True,True,3.853801507537688,-116.97,32.83,17.0,6659.0,1402.0,3183.0,1378.0,2.949,117300.0,<1H OCEAN
9975,total_rooms,True,True,6.700089824120603,-118.94,34.24,5.0,10018.0,1233.0,4253.0,1120.0,8.9063,500001.0,<1H OCEAN
9977,total_rooms,True,True,3.575866834170854,-121.82,38.46,10.0,6331.0,1181.0,3419.0,1110.0,3.7083,154800.0,INLAND
10005,total_rooms,True,True,3.743644472361809,-121.61,37.03,5.0,6529.0,1010.0,3071.0,977.0,5.6754,298500.0,<1H OCEAN
10020,total_rooms,True,False,3.4182575376884423,-118.9,35.26,31.0,6145.0,1492.0,5666.0,1457.0,1.9066,54600.0,INLAND
10030,total_rooms,True,False,3.1072757537688442,-119.21,34.12,15.0,5778.0,1285.0,1722.0,829.0,4.3427,305800.0,NEAR OCEAN
10039,total_rooms,True,False,3.301321608040201,-118.16,34.71,27.0,6007.0,998.0,2680.0,882.0,4.1719,117200.0,INLAND
10056,total_rooms,True,False,3.4301206030150753,-121.89,37.69,4.0,6159.0,1510.0,2649.0,1241.0,3.62,139300.0,<1H OCEAN
10058,total_rooms,True,True,4.065641959798994,-118.0,34.03,25.0,6909.0,1154.0,3912.0,1121.0,5.257,226100.0,<1H OCEAN
10065,total_rooms,True,False,3.136933417085427,-118.26,34.5,6.0,5813.0,908.0,2275.0,790.0,4.7778,340400.0,INLAND
10076,total_rooms,True,True,3.6411136934673367,-121.64,39.12,13.0,6408.0,1087.0,3294.0,1106.0,4.2656,110700.0,INLAND
10125,total_rooms,True,True,3.682634422110553,-122.45,37.7,16.0,6457.0,1336.0,4375.0,1231.0,5.1788,267000.0,NEAR OCEAN
10132,total_rooms,True,False,3.4648624371859293,-122.02,37.8,11.0,6200.0,907.0,2286.0,896.0,7.6518,359300.0,NEAR BAY
10139,total_rooms,True,False,3.394531407035176,-119.76,36.78,30.0,6117.0,1330.0,2768.0,1224.0,2.1383,78800.0,INLAND
10140,total_rooms,True,False,3.160659547738693,-118.08,34.04,20.0,5841.0,1146.0,3273.0,1131.0,4.7222,185100.0,<1H OCEAN
10153,total_rooms,True,True,3.894474874371859,-118.46,34.17,22.0,6707.0,1737.0,2620.0,1610.0,3.1478,273700.0,<1H OCEAN
10154,total_rooms,True,True,3.505535804020101,-117.47,33.95,15.0,6248.0,1249.0,3795.0,1128.0,4.1264,124600.0,INLAND
10176,total_rooms,True,False,3.1445596733668344,-119.82,36.79,18.0,5822.0,1439.0,3415.0,1224.0,1.6854,64700.0,INLAND
10180,total_rooms,True,True,4.104620603015075,-118.37,33.95,5.0,6955.0,2062.0,3591.0,1566.0,3.111,247600.0,<1H OCEAN
10181,total_rooms,True,True,4.658795226130653,-121.82,37.34,23.0,7609.0,1446.0,6034.0,1414.0,4.8424,195300.0,<1H OCEAN
10190,total_rooms,True,True,6.599253768844221,-121.61,36.69,19.0,9899.0,2617.0,11272.0,2528.0,2.0244,118500.0,<1H OCEAN
10235,total_rooms,True,True,6.48231783919598,-118.09,34.57,4.0,9761.0,1683.0,4970.0,1535.0,4.5266,142900.0,INLAND
10241,total_rooms,True,True,14.000959170854271,-122.24,37.72,5.0,18634.0,2885.0,7427.0,2718.0,7.611,350700.0,NEAR BAY
10248,total_rooms,True,True,4.023273869346734,-117.35,33.64,23.0,6859.0,1535.0,3405.0,1351.0,2.5395,109200.0,<1H OCEAN
10306,total_rooms,True,True,5.113828517587939,-118.59,34.26,20.0,8146.0,1131.0,3562.0,1054.0,7.167,357100.0,<1H OCEAN
10310,total_rooms,True,True,6.986498115577889,-118.1,34.7,5.0,10356.0,1647.0,4562.0,1427.0,4.9806,141100.0,INLAND
10313,total_rooms,True,False,3.3030163316582914,-117.62,34.07,16.0,6009.0,1599.0,5110.0,1389.0,2.5677,128900.0,INLAND
10337,total_rooms,True,False,3.1318492462311553,-118.09,34.71,5.0,5807.0,1182.0,2602.0,1007.0,2.4012,159400.0,INLAND
10350,total_rooms,True,False,3.3648737437185927,-118.34,34.16,25.0,6082.0,1763.0,2616.0,1644.0,3.6486,246900.0,<1H OCEAN
10383,total_rooms,True,False,3.0183027638190953,-116.84,33.01,5.0,5673.0,855.0,2592.0,797.0,5.4155,199200.0,<1H OCEAN
10418,total_rooms,True,True,3.6419610552763815,-117.87,34.1,15.0,6409.0,1363.0,3359.0,1267.0,3.875,173300.0,<1H OCEAN
10426,total_rooms,True,False,3.008134422110553,-118.62,34.15,26.0,5661.0,791.0,2493.0,780.0,7.9814,409900.0,<1H OCEAN
10439,total_rooms,True,True,5.739181532663316,-117.62,34.44,6.0,8884.0,1687.0,3767.0,1334.0,3.599,140200.0,INLAND
10458,total_rooms,True,False,3.0284711055276383,-117.09,33.13,9.0,5685.0,1442.0,3773.0,1250.0,3.0426,129900.0,<1H OCEAN
10461,total_rooms,True,True,8.65664824120603,-116.33,33.72,11.0,12327.0,2000.0,2450.0,1139.0,7.4382,353100.0,INLAND
10486,total_rooms,True,True,4.0054792713567835,-121.25,38.72,15.0,6838.0,941.0,3166.0,926.0,5.2177,162700.0,INLAND
10490,total_rooms,True,True,6.363687185929648,-121.86,37.7,13.0,9621.0,1344.0,4389.0,1391.0,6.6827,313700.0,INLAND
10491,total_rooms,True,True,4.445260050251257,-121.87,37.23,19.0,7357.0,963.0,3018.0,981.0,6.9473,361400.0,<1H OCEAN
10493,total_rooms,True,True,6.056942211055277,-118.35,34.22,19.0,9259.0,1653.0,3963.0,1595.0,5.997,228700.0,<1H OCEAN
10501,total_rooms,True,True,4.425770728643216,-121.3,38.7,18.0,7334.0,1332.0,3339.0,1271.0,3.235,124700.0,INLAND
10515,total_rooms,True,True,4.157157035175879,-118.05,33.65,5.0,7017.0,935.0,2427.0,867.0,10.1154,477700.0,NEAR OCEAN
10545,total_rooms,True,True,3.8571909547738694,-121.27,38.61,17.0,6663.0,1369.0,2840.0,1299.0,2.9452,115600.0,INLAND
10556,total_rooms,True,False,3.3996155778894472,-118.67,34.3,5.0,6123.0,825.0,2440.0,736.0,7.9013,393000.0,<1H OCEAN
10622,total_rooms,True,False,2.9971187185929646,-116.4,34.12,16.0,5648.0,1089.0,2524.0,1008.0,2.6739,78000.0,INLAND
10623,total_rooms,True,False,3.0988021356783917,-117.83,33.73,20.0,5768.0,1597.0,4853.0,1465.0,3.5387,160400.0,<1H OCEAN
10636,total_rooms,True,False,3.3089478643216084,-121.88,37.37,14.0,6016.0,1404.0,3258.0,1316.0,3.5745,333700.0,<1H OCEAN
10673,total_rooms,True,True,4.135972989949749,-121.35,38.46,2.0,6992.0,1132.0,2816.0,984.0,4.3879,144400.0,INLAND
10680,total_rooms,True,True,4.910461683417085,-116.94,32.8,21.0,7906.0,2292.0,4868.0,2117.0,1.8937,109800.0,<1H OCEAN
10686,total_rooms,True,True,9.906506909547739,-119.75,36.87,3.0,13802.0,2244.0,5226.0,1972.0,5.0941,143700.0,INLAND
10690,total_rooms,True,True,6.759405150753769,-121.98,37.22,46.0,10088.0,1910.0,3728.0,1781.0,5.2321,500001.0,<1H OCEAN
10695,total_rooms,True,True,4.548638190954774,-121.96,37.84,29.0,7479.0,977.0,2744.0,943.0,7.5139,398200.0,INLAND
10702,total_rooms,True,True,5.085018216080402,-122.06,37.58,15.0,8112.0,1376.0,4576.0,1348.0,5.6758,253400.0,NEAR BAY
10720,total_rooms,True,True,4.373234296482412,-121.85,39.72,18.0,7272.0,1559.0,5022.0,1524.0,1.6911,98800.0,INLAND
10735,total_rooms,True,True,4.231724874371859,-118.38,33.98,25.0,7105.0,1012.0,2519.0,1004.0,6.8112,500001.0,<1H OCEAN
10745,total_rooms,True,False,3.1132072864321607,-119.01,34.23,11.0,5785.0,1035.0,2760.0,985.0,4.693,232200.0,<1H OCEAN
10748,total_rooms,True,True,6.4543548994974875,-118.41,34.05,16.0,9728.0,2211.0,3026.0,1899.0,5.8758,500001.0,<1H OCEAN
10750,total_rooms,True,True,7.248332914572864,-116.71,33.75,25.0,10665.0,2161.0,1874.0,852.0,3.0625,150500.0,INLAND
10758,total_rooms,True,False,3.2962374371859293,-117.22,32.75,34.0,6001.0,1111.0,2654.0,1072.0,4.5878,291000.0,NEAR OCEAN
10771,total_rooms,True,True,4.88843027638191,-121.42,38.48,13.0,7880.0,1992.0,4749.0,1882.0,1.9657,116000.0,INLAND
10773,total_rooms,True,True,5.840017587939698,-121.28,38.8,7.0,9003.0,1739.0,4445.0,1591.0,3.816,147900.0,INLAND
10777,total_rooms,True,True,6.395886934673367,-118.3,33.76,18.0,9659.0,1716.0,4336.0,1674.0,5.7764,290500.0,<1H OCEAN
10796,total_rooms,True,True,4.584227386934673,-121.9,37.24,24.0,7521.0,1364.0,3970.0,1318.0,4.4004,255800.0,<1H OCEAN
10815,total_rooms,True,True,3.55891959798995,-118.01,34.07,22.0,6311.0,1572.0,6666.0,1456.0,2.9334,182600.0,INLAND
10823,total_rooms,True,True,3.9876846733668345,-122.24,38.15,10.0,6817.0,1188.0,4163.0,1135.0,4.4529,144100.0,NEAR BAY
10827,total_rooms,True,False,3.3852104271356787,-118.91,34.28,6.0,6106.0,1134.0,3246.0,1062.0,5.2206,280200.0,<1H OCEAN
10855,total_rooms,True,False,3.3826683417085426,-122.0,37.55,27.0,6103.0,1249.0,3026.0,1134.0,4.1591,332400.0,<1H OCEAN
10875,total_rooms,True,True,3.514856783919598,-117.79,33.7,16.0,6259.0,1098.0,3785.0,1114.0,6.3298,247100.0,<1H OCEAN
10894,total_rooms,True,True,14.113658291457286,-117.29,33.97,4.0,18767.0,3032.0,8805.0,2723.0,4.6667,160600.0,INLAND
10907,total_rooms,True,True,6.923793341708543,-121.14,38.77,15.0,10282.0,1333.0,3868.0,1300.0,6.4789,287800.0,INLAND
10915,total_rooms,True,True,5.8976381909547735,-118.26,33.85,24.0,9071.0,1335.0,4558.0,1327.0,5.542,197500.0,<1H OCEAN
10931,total_rooms,True,True,4.801999371859296,-122.53,37.66,25.0,7778.0,1493.0,4674.0,1451.0,5.4694,272400.0,NEAR OCEAN
10947,total_rooms,True,True,4.107162688442211,-121.86,37.25,16.0,6958.0,1300.0,2965.0,1217.0,4.2885,262400.0,<1H OCEAN
10948,total_rooms,True,True,4.544401381909547,-117.7,33.5,4.0,7474.0,1037.0,2969.0,1007.0,8.7591,434700.0,<1H OCEAN
10994,total_rooms,True,True,4.186814698492462,-117.63,34.37,20.0,7052.0,1306.0,2197.0,810.0,3.7252,167100.0,INLAND
11017,total_rooms,True,True,5.224832914572864,-118.38,33.75,23.0,8277.0,1290.0,3176.0,1159.0,7.6986,500001.0,NEAR OCEAN
11056,total_rooms,True,True,4.924866834170854,-117.5,33.96,12.0,7923.0,1470.0,4861.0,1385.0,4.2985,139200.0,INLAND
11062,total_rooms,True,True,4.231724874371859,-121.72,37.98,5.0,7105.0,1143.0,3523.0,1088.0,5.0468,168800.0,INLAND
11077,total_rooms,True,False,3.2581061557788944,-122.22,37.47,28.0,5956.0,1612.0,3571.0,1549.0,3.1864,272800.0,NEAR OCEAN
11085,total_rooms,True,True,5.7679918341708545,-121.97,37.56,13.0,8918.0,1823.0,4518.0,1772.0,4.8052,254000.0,<1H OCEAN
11094,total_rooms,True,True,6.767878768844221,-120.18,39.28,14.0,10098.0,1545.0,701.0,254.0,4.0819,141300.0,INLAND
11102,total_rooms,True,True,4.3266293969849245,-116.88,33.05,11.0,7217.0,1583.0,4197.0,1502.0,2.8827,166700.0,<1H OCEAN
11115,total_rooms,True,False,3.337758165829146,-116.54,33.8,22.0,6050.0,1387.0,1432.0,890.0,2.2216,183900.0,INLAND
11128,total_rooms,True,True,3.5826457286432163,-118.37,33.77,26.0,6339.0,876.0,2540.0,880.0,10.1447,500001.0,NEAR OCEAN
11132,total_rooms,True,True,3.9876846733668345,-117.07,33.13,17.0,6817.0,1632.0,4526.0,1474.0,2.6152,135300.0,<1H OCEAN
11133,total_rooms,True,True,8.786294597989949,-116.78,33.0,7.0,12480.0,1946.0,5102.0,1697.0,5.5102,221000.0,<1H OCEAN
11144,total_rooms,True,True,5.75443404522613,-116.97,32.78,26.0,8902.0,1413.0,3941.0,1387.0,4.7943,226900.0,<1H OCEAN
11146,total_rooms,True,False,3.3242003768844217,-117.05,32.61,21.0,6034.0,1205.0,3795.0,1146.0,3.2633,129700.0,NEAR OCEAN
11147,total_rooms,True,True,3.93514824120603,-118.42,34.31,19.0,6755.0,1443.0,4205.0,1395.0,3.9583,163200.0,<1H OCEAN
11225,total_rooms,True,True,3.554682788944724,-118.47,34.15,7.0,6306.0,1473.0,2381.0,1299.0,4.642,457300.0,<1H OCEAN
11271,total_rooms,True,True,3.5809510050251254,-120.84,37.51,14.0,6337.0,1593.0,3909.0,1480.0,2.0643,106500.0,INLAND
11299,total_rooms,True,False,3.078465452261306,-117.63,33.38,12.0,5744.0,1054.0,2104.0,847.0,5.1482,500001.0,NEAR OCEAN
11303,total_rooms,True,True,8.978645728643215,-119.05,35.33,18.0,12707.0,2685.0,7009.0,2552.0,2.9438,87200.0,INLAND
11307,total_rooms,True,True,5.3985420854271355,-121.54,38.51,17.0,8482.0,1590.0,3362.0,1513.0,4.2216,217900.0,INLAND
11320,total_rooms,True,True,7.019545226130654,-117.48,33.89,14.0,10395.0,1799.0,6295.0,1855.0,4.7295,149900.0,INLAND
11324,total_rooms,True,False,3.406394472361809,-117.28,33.28,13.0,6131.0,1040.0,4049.0,940.0,3.8156,150700.0,<1H OCEAN
11341,total_rooms,True,True,4.413907663316583,-116.98,32.88,12.0,7320.0,1279.0,4048.0,1249.0,4.3952,151700.0,<1H OCEAN
11372,total_rooms,True,True,6.637385050251257,-118.29,33.8,21.0,9944.0,1623.0,4185.0,1582.0,4.526,329400.0,<1H OCEAN
11379,total_rooms,True,True,3.797028266331658,-118.59,34.23,17.0,6592.0,1525.0,4459.0,1463.0,3.0347,254500.0,<1H OCEAN
11384,total_rooms,True,True,4.8663988693467335,-122.19,38.13,5.0,7854.0,1446.0,4361.0,1395.0,4.9504,214800.0,NEAR BAY
11395,total_rooms,True,True,10.369166457286433,-118.22,34.63,4.0,14348.0,2145.0,5839.0,1806.0,5.3799,222400.0,INLAND
11399,total_rooms,True,True,10.60896984924623,-121.88,39.74,12.0,14631.0,3298.0,7517.0,3262.0,1.6785,153100.0,INLAND
11408,total_rooms,True,False,3.0793128140703514,-117.87,34.15,24.0,5745.0,735.0,2061.0,679.0,8.2827,451400.0,INLAND
11427,total_rooms,True,True,8.232967336683418,-117.34,34.1,14.0,11827.0,2445.0,6640.0,2299.0,2.4878,103800.0,INLAND
11466,total_rooms,True,True,3.841938442211055,-122.32,37.52,17.0,6645.0,1034.0,2557.0,1032.0,6.3892,480800.0,NEAR OCEAN
11467,total_rooms,True,True,3.597050879396985,-121.93,36.99,19.0,6356.0,1100.0,2954.0,1070.0,4.7325,283500.0,NEAR OCEAN
11538,total_rooms,True,True,4.112246859296483,-117.56,33.86,25.0,6964.0,1066.0,3240.0,1036.0,5.2898,177100.0,INLAND
11549,total_rooms,True,True,6.400123743718592,-118.66,35.2,7.0,9664.0,1692.0,3617.0,1370.0,4.0581,162900.0,INLAND
11552,total_rooms,True,True,12.518076005025124,-117.22,33.92,5.0,16884.0,2865.0,9509.0,2688.0,4.0938,130900.0,INLAND
11555,total_rooms,True,False,3.349621231155779,-118.54,34.21,22.0,6064.0,1826.0,4876.0,1697.0,2.875,227100.0,<1H OCEAN
11563,total_rooms,True,False,3.2513272613065327,-122.03,37.83,24.0,5948.0,738.0,1997.0,710.0,9.8708,500001.0,NEAR BAY
11567,total_rooms,True,False,3.2589535175879396,-121.81,37.29,15.0,5957.0,1037.0,3838.0,997.0,6.2907,253100.0,<1H OCEAN
11578,total_rooms,True,True,4.885040829145728,-117.8,34.15,14.0,7876.0,1253.0,3699.0,1162.0,5.5423,248700.0,INLAND
11641,total_rooms,True,True,6.398429020100502,-117.76,33.98,3.0,9662.0,1385.0,2497.0,856.0,6.7172,292400.0,<1H OCEAN
11643,total_rooms,True,False,3.1301545226130654,-117.69,33.65,16.0,5805.0,852.0,2356.0,795.0,6.1062,274600.0,<1H OCEAN
11658,total_rooms,True,True,3.782623115577889,-121.3,38.69,21.0,6575.0,1105.0,3358.0,1098.0,4.0739,115400.0,INLAND
11671,total_rooms,True,False,2.998813442211055,-117.7,33.68,29.0,5650.0,1084.0,3985.0,1056.0,2.8192,162500.0,<1H OCEAN
11691,total_rooms,True,False,3.233532663316583,-121.32,38.89,9.0,5927.0,1269.0,3369.0,1176.0,2.8194,111300.0,INLAND
11696,total_rooms,True,True,4.128346733668342,-122.26,37.5,44.0,6983.0,1131.0,2818.0,1115.0,5.6271,374800.0,NEAR OCEAN
11710,total_rooms,True,True,3.7512707286432163,-117.6,33.85,9.0,6538.0,955.0,2928.0,892.0,5.3006,221400.0,<1H OCEAN
11757,total_rooms,True,True,4.580837939698492,-118.3,34.1,35.0,7517.0,2961.0,5899.0,2769.0,1.9354,340000.0,<1H OCEAN
11800,total_rooms,True,True,14.361087939698491,-117.88,33.96,16.0,19059.0,3079.0,10988.0,3061.0,5.5469,265200.0,<1H OCEAN
11804,total_rooms,True,True,3.676702889447236,-117.6,33.87,18.0,6450.0,1165.0,3716.0,1113.0,4.2721,150300.0,INLAND
11814,total_rooms,True,True,5.503614949748743,-120.5,37.37,18.0,8606.0,1678.0,5303.0,1644.0,2.4012,79700.0,INLAND
11823,total_rooms,True,False,3.3996155778894472,-118.41,33.85,16.0,6123.0,1989.0,2853.0,1789.0,4.425,336400.0,NEAR OCEAN
11826,total_rooms,True,True,3.7538128140703515,-116.94,34.4,20.0,6541.0,1401.0,2631.0,980.0,2.1339,78500.0,INLAND
11848,total_rooms,True,True,6.255224874371859,-122.51,38.06,24.0,9493.0,1935.0,5162.0,1880.0,3.0742,118800.0,NEAR BAY
11858,total_rooms,True,True,4.607106155778895,-119.21,34.31,22.0,7548.0,1038.0,2855.0,1008.0,6.729,409300.0,NEAR OCEAN
11883,total_rooms,True,True,7.781323492462311,-122.14,37.36,23.0,11294.0,1377.0,3840.0,1367.0,12.1387,500001.0,NEAR BAY
11893,total_rooms,True,True,3.5199409547738694,-122.26,38.0,5.0,6265.0,908.0,3326.0,872.0,6.2073,272900.0,NEAR BAY
11894,total_rooms,True,True,7.211048994974874,-117.98,33.91,16.0,10621.0,1782.0,3836.0,1480.0,5.0923,257200.0,<1H OCEAN
11895,total_rooms,True,True,4.091910175879397,-121.21,38.66,15.0,6940.0,1019.0,2829.0,990.0,5.4889,232300.0,INLAND
11900,total_rooms,True,True,6.907693467336684,-117.78,34.58,6.0,10263.0,1864.0,6163.0,1781.0,3.8803,120000.0,INLAND
11914,total_rooms,True,True,3.9266746231155776,-117.95,33.63,17.0,6745.0,1547.0,2688.0,1535.0,3.9917,271600.0,<1H OCEAN
11921,total_rooms,True,True,4.603716708542714,-118.66,34.19,23.0,7544.0,1031.0,3221.0,1043.0,7.642,374900.0,<1H OCEAN
11967,total_rooms,True,True,6.833125628140703,-117.67,33.66,4.0,10175.0,2181.0,4762.0,1929.0,4.7341,237400.0,<1H OCEAN
11979,total_rooms,True,False,3.057281407035176,-122.04,37.57,12.0,5719.0,1064.0,3436.0,1057.0,5.2879,231200.0,NEAR BAY
11982,total_rooms,True,True,7.094960427135678,-117.79,33.84,9.0,10484.0,1603.0,4005.0,1419.0,8.3931,365300.0,<1H OCEAN
12004,total_rooms,True,True,15.4779108040201,-118.1,34.57,7.0,20377.0,4335.0,11973.0,3933.0,3.3086,138100.0,INLAND
12049,total_rooms,True,True,4.294429648241206,-118.33,34.2,23.0,7179.0,1985.0,4757.0,1924.0,3.1051,206500.0,<1H OCEAN
12074,total_rooms,True,True,3.5012989949748743,-122.05,37.59,15.0,6243.0,1273.0,3163.0,1274.0,3.7462,212500.0,NEAR BAY
12104,total_rooms,True,True,5.476499371859296,-119.12,35.33,4.0,8574.0,1489.0,4250.0,1444.0,5.1036,103400.0,INLAND
12106,total_rooms,True,True,5.223138190954773,-121.97,37.33,21.0,8275.0,1566.0,3636.0,1524.0,5.1506,302100.0,<1H OCEAN
12118,total_rooms,True,True,12.013895728643215,-117.22,32.86,4.0,16289.0,4585.0,7604.0,4176.0,3.6287,280800.0,NEAR OCEAN
12122,total_rooms,True,True,4.008021356783919,-122.25,37.46,33.0,6841.0,950.0,2681.0,980.0,7.1088,443300.0,NEAR OCEAN
12159,total_rooms,True,True,5.49005716080402,-118.21,34.17,24.0,8590.0,1231.0,3401.0,1178.0,8.1325,472700.0,<1H OCEAN
12161,total_rooms,True,True,4.441870603015075,-118.34,34.86,11.0,7353.0,1482.0,3571.0,1308.0,2.8097,130000.0,INLAND
12178,total_rooms,True,True,7.304258793969849,-118.33,33.91,8.0,10731.0,3335.0,7211.0,3028.0,2.455,192700.0,<1H OCEAN
12183,total_rooms,True,False,3.469946608040201,-118.43,33.83,19.0,6206.0,1611.0,2455.0,1472.0,5.145,420200.0,NEAR OCEAN
12204,total_rooms,True,True,8.963393216080402,-117.71,34.02,17.0,12689.0,2426.0,7343.0,2230.0,3.6361,157700.0,INLAND
12253,total_rooms,True,True,9.695513819095478,-121.29,38.61,17.0,13553.0,2474.0,6544.0,2359.0,3.9727,132700.0,INLAND
12270,total_rooms,True,True,3.8648172110552763,-118.37,33.97,26.0,6672.0,1729.0,3333.0,1557.0,2.9646,179800.0,<1H OCEAN
12280,total_rooms,True,False,3.088633793969849,-118.44,34.21,20.0,5756.0,1477.0,4031.0,1369.0,3.2448,221200.0,<1H OCEAN
12302,total_rooms,True,True,3.5470565326633166,-122.48,37.85,42.0,6297.0,1307.0,2096.0,1205.0,6.4752,500001.0,NEAR BAY
12308,total_rooms,True,True,3.5580722361809047,-118.39,34.1,30.0,6310.0,957.0,1776.0,880.0,8.944,500001.0,<1H OCEAN
12316,total_rooms,True,True,3.6292506281407033,-122.33,37.56,34.0,6394.0,1619.0,2400.0,1496.0,3.4902,500001.0,NEAR OCEAN
12333,total_rooms,True,True,5.562930276381909,-122.46,37.65,16.0,8676.0,1633.0,5130.0,1574.0,4.8096,262000.0,NEAR OCEAN
12360,total_rooms,True,False,3.2886111809045224,-118.46,34.19,20.0,5992.0,1820.0,4826.0,1632.0,2.7237,233500.0,<1H OCEAN
12396,total_rooms,True,True,12.344366834170854,-121.5,38.62,8.0,16679.0,3457.0,7919.0,3329.0,3.7188,134500.0,INLAND
12397,total_rooms,True,False,3.4716413316582915,-117.78,33.82,12.0,6208.0,750.0,2443.0,739.0,9.1808,413700.0,<1H OCEAN
12427,total_rooms,True,True,3.9851425879396984,-117.65,33.53,7.0,6814.0,785.0,2175.0,681.0,10.49,500001.0,<1H OCEAN
12457,total_rooms,True,True,11.971527638190954,-121.35,38.54,12.0,16239.0,3358.0,8656.0,3234.0,3.5691,116300.0,INLAND
12458,total_rooms,True,True,4.14275188442211,-117.03,33.13,15.0,7000.0,1185.0,3555.0,1118.0,4.7022,172800.0,<1H OCEAN
12477,total_rooms,True,True,10.94283040201005,-117.18,32.92,4.0,15025.0,2616.0,7560.0,2392.0,5.196,210700.0,<1H OCEAN
12481,total_rooms,True,False,3.346231783919598,-116.99,34.88,23.0,6060.0,1165.0,2920.0,1072.0,3.1528,69000.0,INLAND
12504,total_rooms,True,True,8.417692211055277,-117.1,33.09,5.0,12045.0,2162.0,5640.0,1997.0,4.4375,353000.0,<1H OCEAN
12537,total_rooms,True,True,7.863517587939698,-116.95,32.79,19.0,11391.0,3093.0,7178.0,2905.0,2.0326,123200.0,<1H OCEAN
12542,total_rooms,True,True,8.370239949748743,-117.9,34.04,15.0,11989.0,2185.0,6652.0,2081.0,4.5554,278300.0,<1H OCEAN
12593,total_rooms,True,True,5.384984296482412,-117.08,33.13,17.0,8466.0,2628.0,7014.0,2267.0,2.1437,113700.0,<1H OCEAN
12607,total_rooms,True,True,4.1435992462311555,-122.5,37.91,31.0,7001.0,1282.0,2755.0,1267.0,5.4851,441100.0,NEAR BAY
12624,total_rooms,True,True,4.490170226130653,-116.97,32.74,14.0,7410.0,1344.0,3597.0,1274.0,4.2192,176100.0,<1H OCEAN
12703,total_rooms,True,False,3.136933417085427,-117.59,33.44,3.0,5813.0,1264.0,2363.0,1041.0,4.3897,341300.0,NEAR OCEAN
12704,total_rooms,True,False,3.105581030150754,-118.31,33.77,20.0,5776.0,956.0,2757.0,936.0,6.6447,416800.0,<1H OCEAN
12732,total_rooms,True,True,6.078973618090453,-117.16,34.26,27.0,9285.0,1621.0,1135.0,410.0,2.5446,135200.0,INLAND
12734,total_rooms,True,True,14.273809673366834,-117.61,34.1,9.0,18956.0,4095.0,10323.0,3832.0,3.6033,132600.0,INLAND
12749,total_rooms,True,True,5.246016959798995,-117.22,33.9,8.0,8302.0,1461.0,5155.0,1370.0,4.0467,121500.0,INLAND
12769,total_rooms,True,True,5.88238567839196,-118.45,34.24,11.0,9053.0,2193.0,7096.0,2038.0,3.5082,136500.0,<1H OCEAN
12778,total_rooms,True,False,3.2886111809045224,-118.02,34.02,21.0,5992.0,986.0,2647.0,969.0,5.2405,302400.0,<1H OCEAN
12789,total_rooms,True,False,3.39198932160804,-121.96,37.27,22.0,6114.0,1211.0,2983.0,1163.0,5.2533,269100.0,<1H OCEAN
12793,total_rooms,True,False,3.2165854271356786,-118.41,35.63,15.0,5907.0,1257.0,2310.0,1001.0,2.3125,96900.0,INLAND
12811,total_rooms,True,True,3.9097273869346734,-120.65,35.41,15.0,6725.0,1111.0,3139.0,1029.0,4.1875,261600.0,<1H OCEAN
12816,total_rooms,True,True,4.818946608040201,-117.78,34.13,18.0,7798.0,1161.0,3710.0,1227.0,5.8819,260500.0,INLAND
12825,total_rooms,True,True,11.51056281407035,-117.17,34.12,3.0,15695.0,2248.0,6080.0,1920.0,6.2178,173900.0,INLAND
12828,total_rooms,True,False,3.0589761306532663,-121.95,37.74,19.0,5721.0,837.0,2653.0,813.0,6.2631,266000.0,<1H OCEAN
12842,total_rooms,True,True,13.014630025125628,-117.64,33.87,2.0,17470.0,2727.0,5964.0,1985.0,6.2308,257900.0,<1H OCEAN
12844,total_rooms,True,False,3.0589761306532663,-116.98,32.8,28.0,5721.0,1029.0,2672.0,1054.0,3.963,164400.0,<1H OCEAN
12846,total_rooms,True,True,3.5826457286432163,-117.27,34.23,26.0,6339.0,1244.0,1177.0,466.0,3.7708,110400.0,INLAND
12847,total_rooms,True,True,4.008868718592964,-117.64,33.65,4.0,6842.0,1512.0,3256.0,1439.0,5.4132,216600.0,<1H OCEAN
12857,total_rooms,True,True,3.612303391959799,-117.69,34.03,20.0,6374.0,1412.0,3690.0,1350.0,3.4184,162500.0,INLAND
12916,total_rooms,True,True,7.112755025125628,-121.48,38.46,8.0,10505.0,1777.0,6002.0,1694.0,4.0516,121200.0,INLAND
12920,total_rooms,True,False,3.234380025125628,-117.85,33.77,23.0,5928.0,1204.0,3570.0,1150.0,4.0398,233100.0,<1H OCEAN
12921,total_rooms,True,True,11.097050251256283,-118.96,34.23,14.0,15207.0,2924.0,6301.0,2829.0,3.9699,217000.0,<1H OCEAN
12941,total_rooms,True,False,3.4877412060301505,-121.55,38.55,10.0,6227.0,1164.0,2909.0,1077.0,4.106,115900.0,INLAND
12950,total_rooms,True,True,6.2713247487437185,-118.6,34.21,21.0,9512.0,2560.0,7282.0,2387.0,2.8039,227500.0,<1H OCEAN
12951,total_rooms,True,True,6.525533291457286,-117.25,33.92,7.0,9812.0,1914.0,5595.0,1729.0,4.1482,124600.0,INLAND
12964,total_rooms,True,True,4.747768216080402,-118.31,34.22,27.0,7714.0,1132.0,3199.0,1100.0,7.1262,446200.0,<1H OCEAN
12969,total_rooms,True,True,5.541746231155778,-120.19,38.03,17.0,8651.0,1579.0,2071.0,757.0,3.1076,115800.0,INLAND
12973,total_rooms,True,True,4.19783040201005,-122.29,38.19,13.0,7065.0,1259.0,3864.0,1221.0,4.7472,148600.0,NEAR BAY
12977,total_rooms,True,True,4.214777638190954,-119.09,35.33,9.0,7085.0,1148.0,3084.0,1052.0,4.997,142900.0,INLAND
12978,total_rooms,True,True,25.372554648241202,-117.78,34.03,8.0,32054.0,5290.0,15507.0,5050.0,6.0191,253900.0,<1H OCEAN
12983,total_rooms,True,False,3.008134422110553,-117.32,34.17,6.0,5661.0,1287.0,2943.0,1162.0,3.6362,106500.0,INLAND
12993,total_rooms,True,True,4.754547110552764,-117.21,33.61,7.0,7722.0,1324.0,2975.0,1161.0,3.6273,150900.0,<1H OCEAN
13014,total_rooms,True,True,5.116370603015075,-121.53,38.61,5.0,8149.0,1913.0,2933.0,1616.0,3.6788,178800.0,INLAND
13027,total_rooms,True,True,5.146875628140703,-117.29,34.03,9.0,8185.0,1525.0,3630.0,1466.0,4.1667,197700.0,INLAND
13031,total_rooms,True,False,3.084396984924623,-118.55,34.24,21.0,5751.0,1082.0,2230.0,1016.0,4.3458,407500.0,<1H OCEAN
13043,total_rooms,True,True,8.48802324120603,-121.87,37.42,19.0,12128.0,2112.0,6810.0,2040.0,6.4419,264500.0,<1H OCEAN
13058,total_rooms,True,True,4.037679020100502,-118.12,33.89,22.0,6876.0,1960.0,5162.0,1879.0,2.9293,170800.0,<1H OCEAN
13071,total_rooms,True,True,3.545361809045226,-118.08,33.81,20.0,6295.0,937.0,2292.0,874.0,7.6084,402500.0,<1H OCEAN
13074,total_rooms,True,False,3.2479378140703514,-118.61,34.17,19.0,5944.0,1345.0,2372.0,1250.0,3.8819,328900.0,<1H OCEAN
13082,total_rooms,True,True,3.673313442211055,-118.12,34.56,5.0,6446.0,1154.0,3427.0,1104.0,3.9936,148500.0,INLAND
13087,total_rooms,True,False,3.39198932160804,-117.83,33.74,23.0,6114.0,1623.0,4088.0,1521.0,3.0382,183600.0,<1H OCEAN
13101,total_rooms,True,True,4.552027638190954,-117.06,33.09,11.0,7483.0,1276.0,3516.0,1261.0,4.0484,262500.0,<1H OCEAN
13120,total_rooms,True,True,6.7144949748743725,-121.39,39.12,28.0,10035.0,1856.0,6912.0,1818.0,2.0943,108300.0,INLAND
13128,total_rooms,True,True,5.422268216080402,-118.51,34.43,15.0,8510.0,1258.0,3733.0,1233.0,6.1082,253700.0,<1H OCEAN
13131,total_rooms,True,True,7.538978015075377,-118.16,34.6,2.0,11008.0,1549.0,4098.0,1367.0,6.4865,204400.0,INLAND
13175,total_rooms,True,True,12.903625628140704,-118.37,34.43,11.0,17339.0,2866.0,8721.0,2803.0,5.9507,225200.0,INLAND
13189,total_rooms,True,True,7.549993718592965,-121.24,38.63,4.0,11021.0,1565.0,3857.0,1494.0,7.2582,273200.0,INLAND
13190,total_rooms,True,False,3.0962600502512565,-121.94,38.02,29.0,5765.0,1170.0,3266.0,1131.0,2.7907,113900.0,INLAND
13214,total_rooms,True,False,3.095412688442211,-117.27,33.21,5.0,5764.0,996.0,3161.0,1012.0,4.4531,177500.0,<1H OCEAN
13227,total_rooms,True,True,3.708902638190955,-118.68,34.28,17.0,6488.0,1102.0,3199.0,1070.0,5.0962,238000.0,<1H OCEAN
13231,total_rooms,True,False,3.1869277638190954,-119.74,36.71,17.0,5872.0,1250.0,5034.0,1224.0,2.1905,61800.0,INLAND
13237,total_rooms,True,True,6.778894472361809,-118.54,34.15,26.0,10111.0,1295.0,3599.0,1257.0,10.2292,500001.0,<1H OCEAN
13245,total_rooms,True,True,6.846683417085427,-122.09,38.0,6.0,10191.0,1882.0,4377.0,1789.0,5.2015,204200.0,NEAR BAY
13260,total_rooms,True,True,10.180204773869347,-122.22,38.12,15.0,14125.0,2344.0,6456.0,2147.0,5.1014,179500.0,NEAR BAY
13268,total_rooms,True,True,4.394418341708542,-118.4,34.02,19.0,7297.0,2331.0,3870.0,2144.0,3.116,300000.0,<1H OCEAN
13270,total_rooms,True,False,3.440288944723618,-119.23,34.17,18.0,6171.0,1490.0,2164.0,1210.0,3.6875,500001.0,NEAR OCEAN
13273,total_rooms,True,True,4.013952889447236,-122.4,37.75,44.0,6848.0,1584.0,3269.0,1383.0,2.8679,243300.0,NEAR BAY
13290,total_rooms,True,True,3.813975502512563,-118.66,34.18,25.0,6612.0,857.0,2519.0,843.0,8.3912,419000.0,<1H OCEAN
13294,total_rooms,True,False,3.189469849246231,-122.51,38.17,8.0,5875.0,1115.0,2808.0,1029.0,3.6392,246300.0,NEAR BAY
13357,total_rooms,True,True,3.9834478643216085,-118.25,33.87,18.0,6812.0,1263.0,3704.0,1216.0,4.25,169200.0,<1H OCEAN
13379,total_rooms,True,False,3.013218592964824,-117.34,34.51,6.0,5667.0,1385.0,2447.0,1199.0,2.3617,103100.0,INLAND
13381,total_rooms,True,True,3.5173988693467333,-121.22,38.68,10.0,6262.0,1278.0,2954.0,1169.0,3.4506,139000.0,INLAND
13382,total_rooms,True,True,9.379447864321609,-121.42,38.49,17.0,13180.0,2444.0,7235.0,2335.0,3.363,103000.0,INLAND
13396,total_rooms,True,True,4.036831658291457,-121.94,37.76,4.0,6875.0,1439.0,2889.0,1307.0,4.6932,356100.0,<1H OCEAN
13438,total_rooms,True,True,5.023160804020101,-117.7,33.59,11.0,8039.0,1717.0,3445.0,1571.0,4.1678,190900.0,<1H OCEAN
13445,total_rooms,True,False,3.0928706030150757,-117.91,33.66,26.0,5761.0,1326.0,2681.0,1116.0,4.0341,243300.0,<1H OCEAN
13505,total_rooms,True,False,3.16489635678392,-117.31,33.16,4.0,5846.0,894.0,2282.0,801.0,5.5956,247800.0,NEAR OCEAN
13521,total_rooms,True,True,5.225680276381909,-117.02,33.71,6.0,8278.0,1579.0,3062.0,1446.0,3.0043,134700.0,INLAND
13550,total_rooms,True,True,4.583380025125628,-122.68,38.36,8.0,7520.0,1336.0,3833.0,1287.0,4.3278,184100.0,<1H OCEAN
13561,total_rooms,True,False,3.4309679648241205,-117.25,33.25,6.0,6160.0,993.0,2997.0,1029.0,4.6187,205000.0,<1H OCEAN
13609,total_rooms,True,True,7.505083542713567,-116.99,32.81,18.0,10968.0,1521.0,4439.0,1501.0,6.2787,250000.0,<1H OCEAN
13614,total_rooms,True,True,3.9809057788944724,-121.79,38.66,15.0,6809.0,1052.0,3060.0,1060.0,5.3064,165000.0,INLAND
13623,total_rooms,True,False,3.3038636934673367,-121.82,39.76,23.0,6010.0,1116.0,2710.0,1149.0,3.0068,107300.0,INLAND
13628,total_rooms,True,True,6.983108668341709,-116.99,33.77,7.0,10352.0,2007.0,3559.0,1689.0,2.2925,113100.0,INLAND
13667,total_rooms,True,True,7.908427763819096,-121.89,37.82,4.0,11444.0,1355.0,3898.0,1257.0,13.2949,500001.0,INLAND
13670,total_rooms,True,True,3.5157041457286433,-117.09,34.07,24.0,6260.0,1271.0,3132.0,1189.0,2.5156,103000.0,INLAND
13710,total_rooms,True,True,4.380860552763819,-121.9,36.93,22.0,7281.0,1233.0,1849.0,832.0,5.3276,335500.0,NEAR OCEAN
13762,total_rooms,True,True,4.2249459798994975,-118.36,34.1,37.0,7097.0,2010.0,2913.0,1939.0,2.875,300000.0,<1H OCEAN
13766,total_rooms,True,False,3.068297110552764,-122.04,37.94,24.0,5732.0,873.0,2444.0,888.0,5.6292,231400.0,NEAR BAY
13768,total_rooms,True,False,3.377584170854271,-118.3,33.76,6.0,6097.0,1270.0,2678.0,1226.0,5.1269,285200.0,<1H OCEAN
13784,total_rooms,True,True,6.3569082914572865,-120.76,35.52,7.0,9613.0,1666.0,4487.0,1653.0,3.6667,250600.0,<1H OCEAN
13787,total_rooms,True,True,4.053778894472361,-118.18,33.97,26.0,6895.0,1877.0,8551.0,1808.0,2.3175,154500.0,<1H OCEAN
13799,total_rooms,True,True,4.214777638190954,-121.35,38.68,20.0,7085.0,1222.0,3455.0,1229.0,4.3118,120000.0,INLAND
13823,total_rooms,True,False,3.0276237437185927,-118.01,34.07,24.0,5684.0,1485.0,6626.0,1481.0,2.2559,166800.0,INLAND
13825,total_rooms,True,True,4.682521356783919,-119.29,34.3,24.0,7637.0,1705.0,4647.0,1623.0,3.5385,186800.0,NEAR OCEAN
13871,total_rooms,True,True,8.511749371859297,-117.4,34.15,4.0,12156.0,1864.0,5020.0,1524.0,4.7909,149200.0,INLAND
13883,total_rooms,True,True,3.780928391959799,-117.17,34.07,24.0,6573.0,1235.0,2904.0,1202.0,3.0651,108000.0,INLAND
13899,total_rooms,True,True,7.1161444723618095,-121.78,38.55,12.0,10509.0,2186.0,5633.0,2138.0,2.9605,204300.0,INLAND
13906,total_rooms,True,True,9.039655778894472,-120.67,35.62,6.0,12779.0,2441.0,6085.0,2157.0,3.8661,168100.0,<1H OCEAN
13922,total_rooms,True,True,6.311150753768843,-118.11,34.02,17.0,9559.0,1911.0,5279.0,1844.0,5.1515,318900.0,<1H OCEAN
13952,total_rooms,True,False,3.1310018844221106,-116.85,34.25,5.0,5806.0,1030.0,569.0,219.0,4.0132,163100.0,INLAND
14004,total_rooms,True,False,3.4038523869346733,-118.43,34.0,28.0,6128.0,1963.0,3586.0,1815.0,2.7058,310900.0,<1H OCEAN
14006,total_rooms,True,True,7.793186557788945,-118.38,33.99,21.0,11308.0,3039.0,5127.0,2839.0,4.6277,228300.0,<1H OCEAN
14021,total_rooms,True,True,4.674895100502512,-121.97,37.31,21.0,7628.0,2166.0,3637.0,1749.0,3.6401,267500.0,<1H OCEAN
14023,total_rooms,True,False,3.3767368090452266,-117.12,32.72,36.0,6096.0,1285.0,3093.0,1229.0,3.37,159100.0,NEAR OCEAN
14070,total_rooms,True,True,5.328211055276382,-116.53,33.84,28.0,8399.0,1839.0,3470.0,1340.0,2.5885,159000.0,INLAND
14078,total_rooms,True,True,6.678058417085427,-117.01,32.66,11.0,9992.0,1368.0,4495.0,1316.0,6.9664,293900.0,NEAR OCEAN
14100,total_rooms,True,False,3.1445596733668344,-118.44,34.0,22.0,5822.0,1707.0,3335.0,1585.0,3.1579,243100.0,<1H OCEAN
14121,total_rooms,True,True,4.053778894472361,-122.09,37.94,29.0,6895.0,1022.0,2634.0,1022.0,6.1922,273200.0,NEAR BAY
14125,total_rooms,True,True,4.719805276381909,-122.0,37.84,16.0,7681.0,946.0,2777.0,908.0,9.5271,500001.0,<1H OCEAN
14148,total_rooms,True,True,4.807083542713568,-122.59,38.12,25.0,7784.0,1145.0,3445.0,1166.0,6.0132,287900.0,<1H OCEAN
14160,total_rooms,True,True,5.962037688442211,-122.14,37.85,27.0,9147.0,1276.0,3371.0,1269.0,7.3267,389900.0,NEAR BAY
14171,total_rooms,True,False,3.401310301507537,-121.32,38.26,4.0,6125.0,1063.0,3077.0,953.0,4.1179,134600.0,INLAND
14187,total_rooms,True,True,6.455202261306533,-117.78,33.89,7.0,9729.0,1210.0,4160.0,1214.0,8.9088,415300.0,<1H OCEAN
14199,total_rooms,True,False,3.0352499999999996,-121.39,38.62,27.0,5693.0,1487.0,2334.0,1387.0,2.2844,170500.0,INLAND
14203,total_rooms,True,False,3.0293184673366835,-122.02,37.37,8.0,5686.0,1489.0,3250.0,1329.0,4.2782,327700.0,<1H OCEAN
14226,total_rooms,True,True,4.230877512562814,-121.18,38.69,7.0,7104.0,970.0,2772.0,920.0,6.3528,274500.0,INLAND
14260,total_rooms,True,True,3.514009422110553,-117.81,33.56,24.0,6258.0,1003.0,1730.0,752.0,10.9601,500001.0,<1H OCEAN
14275,total_rooms,True,True,4.259687814070352,-121.17,38.69,5.0,7138.0,1227.0,2623.0,1139.0,5.6902,243200.0,INLAND
14283,total_rooms,True,True,4.994350502512563,-120.0,38.93,17.0,8005.0,1382.0,999.0,383.0,3.9722,313400.0,INLAND
14286,total_rooms,True,True,4.935035175879397,-117.25,34.15,22.0,7935.0,1976.0,4523.0,1791.0,2.1465,88800.0,INLAND
14296,total_rooms,True,True,5.205343592964824,-117.83,34.14,26.0,8254.0,1153.0,3460.0,1131.0,6.5253,349900.0,INLAND
14365,total_rooms,True,True,8.497344221105527,-118.06,34.13,28.0,12139.0,2873.0,5359.0,2731.0,3.292,227300.0,INLAND
14384,total_rooms,True,True,4.673200376884422,-116.99,33.76,12.0,7626.0,1704.0,2823.0,1554.0,2.1722,69400.0,INLAND
14408,total_rooms,True,False,3.2318379396984924,-117.96,33.66,19.0,5925.0,744.0,2302.0,729.0,7.5699,333300.0,<1H OCEAN
14421,total_rooms,True,True,4.454581030150754,-118.24,33.83,22.0,7368.0,1367.0,4721.0,1342.0,4.8438,213100.0,<1H OCEAN
14431,total_rooms,True,True,7.266974874371859,-121.95,37.55,21.0,10687.0,1540.0,4552.0,1520.0,6.6478,333400.0,<1H OCEAN
7,total_bedrooms,True,True,4.346309375,-117.04,32.6,20.0,8052.0,1461.0,5094.0,1430.0,4.2241,139800.0,NEAR OCEAN
44,total_bedrooms,True,True,4.582384375,-117.44,33.99,12.0,9966.0,1517.0,5008.0,1492.0,4.5625,171300.0,INLAND
74,total_bedrooms,True,True,3.5369093749999996,-122.01,37.91,21.0,10093.0,1269.0,3645.0,1219.0,7.6877,367700.0,NEAR BAY
82,total_bedrooms,True,True,5.01659375,-117.79,33.8,11.0,10535.0,1620.0,4409.0,1622.0,6.67,283200.0,<1H OCEAN
86,total_bedrooms,True,True,16.765540625,-118.72,34.14,7.0,23866.0,4407.0,9873.0,4012.0,5.4032,318500.0,NEAR OCEAN
89,total_bedrooms,True,True,9.046731249999999,-117.1,33.14,7.0,10665.0,2576.0,4917.0,2424.0,2.3171,159500.0,<1H OCEAN
101,total_bedrooms,True,True,5.7079562500000005,-118.5,34.03,32.0,6365.0,1784.0,2767.0,1698.0,3.6451,383300.0,<1H OCEAN
113,total_bedrooms,True,True,5.307471875,-116.86,33.05,17.0,9044.0,1689.0,5030.0,1596.0,3.6348,164500.0,<1H OCEAN
120,total_bedrooms,True,True,3.705534375,-116.98,33.77,12.0,5829.0,1309.0,2711.0,1118.0,1.9707,107900.0,INLAND
128,total_bedrooms,True,True,4.337878125,-117.82,33.68,3.0,7105.0,1459.0,3068.0,1241.0,6.1395,358000.0,<1H OCEAN
148,total_bedrooms,True,True,3.53269375,-121.85,37.24,17.0,6425.0,1268.0,3934.0,1238.0,5.1228,237600.0,<1H OCEAN
196,total_bedrooms,True,True,10.071128125,-117.54,34.12,4.0,17577.0,2819.0,7766.0,2473.0,5.1333,181800.0,INLAND
197,total_bedrooms,True,True,3.646515625,-118.37,34.09,38.0,4408.0,1295.0,1690.0,1229.0,3.0156,300000.0,<1H OCEAN
199,total_bedrooms,True,True,4.57816875,-117.58,34.0,2.0,7544.0,1516.0,2801.0,1001.0,4.0037,245200.0,INLAND
209,total_bedrooms,True,True,4.1313125,-117.79,33.73,3.0,8240.0,1410.0,3318.0,1270.0,7.2074,291300.0,<1H OCEAN
220,total_bedrooms,True,True,3.7771999999999997,-116.99,32.83,20.0,6696.0,1326.0,3687.0,1291.0,3.1979,154600.0,<1H OCEAN
303,total_bedrooms,True,True,4.957575,-121.44,38.51,27.0,7212.0,1606.0,4828.0,1549.0,2.214,82400.0,INLAND
328,total_bedrooms,True,True,4.11445,-120.64,35.46,6.0,5876.0,1406.0,2877.0,1304.0,2.5437,146400.0,<1H OCEAN
336,total_bedrooms,True,False,3.275540625,-121.96,37.54,14.0,5106.0,1207.0,2738.0,1108.0,3.9909,236000.0,<1H OCEAN
337,total_bedrooms,True,True,10.04161875,-117.86,33.99,10.0,17820.0,2812.0,8686.0,2666.0,6.3875,310700.0,<1H OCEAN
340,total_bedrooms,True,True,6.534218749999999,-118.3,34.1,37.0,5305.0,1980.0,3895.0,1874.0,2.0672,283300.0,<1H OCEAN
342,total_bedrooms,True,True,3.6380843749999996,-117.05,33.05,6.0,7916.0,1293.0,2741.0,1204.0,5.6436,278600.0,<1H OCEAN
351,total_bedrooms,True,True,8.612521875,-118.46,33.97,18.0,9430.0,2473.0,3408.0,2003.0,6.1726,500001.0,<1H OCEAN
357,total_bedrooms,True,True,4.995515625,-118.01,33.87,25.0,6348.0,1615.0,4188.0,1497.0,3.139,185700.0,<1H OCEAN
362,total_bedrooms,True,False,3.1195625,-117.49,34.04,4.0,6034.0,1170.0,3527.0,1098.0,4.1775,143700.0,INLAND
406,total_bedrooms,True,True,4.93228125,-119.15,34.83,6.0,8733.0,1600.0,2006.0,736.0,4.5724,168400.0,INLAND
408,total_bedrooms,True,True,6.437259374999999,-121.8,36.68,18.0,8581.0,1957.0,6071.0,1889.0,3.0,162200.0,<1H OCEAN
420,total_bedrooms,True,True,3.5790656249999997,-117.96,33.68,24.0,6517.0,1279.0,3441.0,1198.0,4.25,152100.0,<1H OCEAN
427,total_bedrooms,True,True,3.5959281249999995,-114.31,34.19,15.0,5612.0,1283.0,1015.0,472.0,1.4936,66900.0,INLAND
440,total_bedrooms,True,True,4.32523125,-121.52,38.51,23.0,6876.0,1456.0,2942.0,1386.0,3.0963,156900.0,INLAND
475,total_bedrooms,True,True,7.78204375,-117.91,33.67,16.0,7961.0,2276.0,5014.0,2116.0,3.512,218400.0,<1H OCEAN
478,total_bedrooms,True,True,4.944928125,-117.14,33.07,12.0,9302.0,1603.0,4074.0,1504.0,4.3513,199600.0,<1H OCEAN
479,total_bedrooms,True,True,4.13974375,-118.53,34.17,18.0,6430.0,1412.0,2897.0,1348.0,3.855,243800.0,<1H OCEAN
497,total_bedrooms,True,True,3.646515625,-117.39,34.38,4.0,7151.0,1295.0,3527.0,1170.0,3.5696,129700.0,INLAND
499,total_bedrooms,True,True,4.6709125,-117.88,34.08,30.0,6132.0,1538.0,3147.0,1449.0,2.7763,187800.0,<1H OCEAN
525,total_bedrooms,True,True,3.882590625,-117.79,33.88,17.0,8562.0,1351.0,3822.0,1316.0,6.0829,252600.0,<1H OCEAN
531,total_bedrooms,True,True,6.555296875000001,-116.83,34.25,15.0,8948.0,1985.0,1316.0,514.0,2.7375,90800.0,INLAND
566,total_bedrooms,True,True,4.312584375,-119.01,35.28,10.0,7011.0,1453.0,4163.0,1307.0,2.7659,77500.0,INLAND
569,total_bedrooms,True,True,15.618890625,-117.27,33.15,4.0,23915.0,4135.0,10877.0,3958.0,4.6357,244900.0,NEAR OCEAN
580,total_bedrooms,True,True,4.287290625,-117.24,33.93,12.0,7105.0,1447.0,4520.0,1333.0,3.2705,113200.0,INLAND
589,total_bedrooms,True,True,4.607678125,-117.32,33.25,7.0,8206.0,1523.0,4399.0,1423.0,3.6301,170900.0,<1H OCEAN
603,total_bedrooms,True,True,9.531528125,-118.59,34.18,7.0,11853.0,2691.0,4404.0,2447.0,4.2009,271300.0,<1H OCEAN
604,total_bedrooms,True,True,7.4026375,-116.53,33.85,16.0,10077.0,2186.0,3048.0,1337.0,2.9647,110900.0,INLAND
609,total_bedrooms,True,True,5.433940625,-116.62,34.23,14.0,6438.0,1719.0,1586.0,691.0,1.6136,67400.0,INLAND
629,total_bedrooms,True,True,6.850390625,-118.31,34.07,26.0,5062.0,2055.0,4533.0,1822.0,2.3105,166700.0,<1H OCEAN
635,total_bedrooms,True,True,4.224056249999999,-117.22,34.26,16.0,8020.0,1432.0,1749.0,540.0,4.9716,162500.0,INLAND
650,total_bedrooms,True,False,3.359853125,-122.03,37.35,19.0,3811.0,1227.0,1930.0,1153.0,3.5154,311400.0,<1H OCEAN
651,total_bedrooms,True,True,4.8015968749999995,-117.91,33.76,22.0,7531.0,1569.0,5254.0,1523.0,3.8506,167400.0,<1H OCEAN
660,total_bedrooms,True,True,11.2472875,-116.36,33.88,11.0,12557.0,3098.0,2453.0,1232.0,1.7844,78500.0,INLAND
670,total_bedrooms,True,True,6.943134375,-118.26,34.18,32.0,14556.0,2077.0,5459.0,2017.0,8.1657,500001.0,<1H OCEAN
672,total_bedrooms,True,True,8.705265625,-117.22,34.54,8.0,12526.0,2495.0,6133.0,2324.0,2.9072,119200.0,INLAND
676,total_bedrooms,True,False,3.4905375,-116.93,32.79,23.0,5759.0,1258.0,3108.0,1202.0,3.0927,140600.0,<1H OCEAN
698,total_bedrooms,True,True,4.944928125,-122.05,37.93,15.0,7803.0,1603.0,2957.0,1546.0,4.45,184900.0,NEAR BAY
717,total_bedrooms,True,False,3.43151875,-117.88,33.66,26.0,6017.0,1244.0,2673.0,1135.0,3.5426,295400.0,<1H OCEAN
724,total_bedrooms,True,True,3.945825,-119.18,34.15,22.0,4769.0,1366.0,5534.0,1318.0,2.4167,192000.0,NEAR OCEAN
746,total_bedrooms,True,True,5.37070625,-117.62,34.15,16.0,13556.0,1704.0,5669.0,1668.0,6.5138,311500.0,INLAND
777,total_bedrooms,True,True,3.6085749999999996,-121.84,37.24,24.0,7991.0,1286.0,4017.0,1213.0,5.4741,238800.0,<1H OCEAN
785,total_bedrooms,True,True,7.946453125,-116.52,33.82,21.0,10227.0,2315.0,3623.0,1734.0,2.5212,145200.0,INLAND
791,total_bedrooms,True,True,5.627859375,-119.23,34.46,34.0,9280.0,1765.0,4514.0,1693.0,3.2026,227600.0,<1H OCEAN
803,total_bedrooms,True,False,3.34720625,-117.35,34.09,14.0,5983.0,1224.0,3255.0,1150.0,2.5902,111500.0,INLAND
805,total_bedrooms,True,True,6.01148125,-118.25,34.14,25.0,5980.0,1856.0,5217.0,1772.0,2.506,184500.0,<1H OCEAN
842,total_bedrooms,True,True,10.804646875,-122.01,37.57,14.0,16199.0,2993.0,8117.0,2847.0,5.8322,281800.0,NEAR BAY
844,total_bedrooms,True,True,3.7181812499999998,-118.38,34.08,30.0,4524.0,1312.0,1910.0,1243.0,2.8889,335300.0,<1H OCEAN
859,total_bedrooms,True,True,19.404521875,-117.2,33.58,2.0,30450.0,5033.0,9419.0,3197.0,4.5936,174300.0,<1H OCEAN
860,total_bedrooms,True,True,6.38245625,-118.25,34.05,52.0,2806.0,1944.0,2232.0,1605.0,0.6775,350000.0,<1H OCEAN
874,total_bedrooms,True,True,7.54596875,-121.75,37.71,11.0,12070.0,2220.0,5826.0,2125.0,4.8624,192400.0,INLAND
919,total_bedrooms,True,True,9.480940624999999,-118.33,33.83,5.0,13038.0,2679.0,5272.0,2523.0,5.5023,286400.0,<1H OCEAN
991,total_bedrooms,True,False,3.30505,-118.39,34.09,27.0,4312.0,1214.0,1634.0,1097.0,3.6207,362500.0,<1H OCEAN
993,total_bedrooms,True,True,4.5613062499999995,-117.08,32.57,9.0,6298.0,1512.0,4451.0,1456.0,2.569,88300.0,NEAR OCEAN
1011,total_bedrooms,True,True,13.190690624999998,-121.33,38.77,3.0,20214.0,3559.0,8361.0,3112.0,4.2259,169300.0,INLAND
1025,total_bedrooms,True,True,3.663378125,-117.1,32.57,14.0,5058.0,1299.0,3662.0,1193.0,2.3253,133700.0,NEAR OCEAN
1031,total_bedrooms,True,True,6.2054,-122.5,37.97,25.0,6526.0,1902.0,5917.0,1812.0,2.7273,187500.0,NEAR BAY
1045,total_bedrooms,True,True,5.08404375,-119.93,36.32,25.0,8363.0,1636.0,7679.0,1580.0,2.0285,106300.0,INLAND
1055,total_bedrooms,True,True,9.194278125,-118.88,34.02,19.0,15990.0,2611.0,5175.0,2173.0,7.7848,500001.0,NEAR OCEAN
1061,total_bedrooms,True,True,3.97111875,-117.34,33.21,12.0,5963.0,1372.0,3015.0,1124.0,2.7386,216100.0,NEAR OCEAN
1133,total_bedrooms,True,True,3.772984375,-121.96,37.36,16.0,5040.0,1325.0,3150.0,1196.0,4.2837,264500.0,<1H OCEAN
1134,total_bedrooms,True,False,3.1870125,-118.27,34.22,34.0,8206.0,1186.0,3141.0,1150.0,7.2812,462200.0,<1H OCEAN
1143,total_bedrooms,True,True,4.46013125,-122.61,37.99,40.0,7737.0,1488.0,3108.0,1349.0,4.4375,289600.0,NEAR OCEAN
1147,total_bedrooms,True,True,5.307471875,-117.84,33.82,24.0,10281.0,1689.0,4926.0,1629.0,4.7946,251200.0,<1H OCEAN
1182,total_bedrooms,True,True,4.27464375,-117.69,33.52,3.0,7374.0,1444.0,3214.0,1279.0,4.538,278200.0,<1H OCEAN
1215,total_bedrooms,True,True,4.9913,-116.91,32.75,5.0,8710.0,1614.0,4372.0,1527.0,4.7813,240900.0,<1H OCEAN
1232,total_bedrooms,True,True,7.554399999999999,-118.8,34.19,4.0,15572.0,2222.0,5495.0,2152.0,8.6499,500001.0,<1H OCEAN
1312,total_bedrooms,True,True,8.013903125,-116.06,34.15,15.0,10377.0,2331.0,4507.0,1807.0,2.2466,66800.0,INLAND
1384,total_bedrooms,True,True,3.9500406249999997,-118.3,34.1,29.0,3403.0,1367.0,3432.0,1174.0,1.7083,166700.0,<1H OCEAN
1390,total_bedrooms,True,True,5.906090625,-120.55,41.61,22.0,9047.0,1831.0,4276.0,1622.0,2.0802,47900.0,INLAND
1392,total_bedrooms,True,True,6.239125,-122.04,38.27,16.0,8517.0,1910.0,4508.0,1837.0,3.1853,129600.0,INLAND
1400,total_bedrooms,True,False,3.342990625,-121.16,38.67,21.0,6198.0,1223.0,2827.0,1179.0,3.7796,159000.0,INLAND
1402,total_bedrooms,True,False,3.136425,-117.83,33.75,22.0,6433.0,1174.0,2703.0,1125.0,4.9957,296400.0,<1H OCEAN
1404,total_bedrooms,True,True,14.476456250000002,-121.92,37.53,7.0,28258.0,3864.0,12203.0,3701.0,8.4045,451100.0,<1H OCEAN
1405,total_bedrooms,True,True,5.476096875,-122.2,38.1,5.0,9567.0,1729.0,4620.0,1580.0,4.4821,210000.0,NEAR BAY
1408,total_bedrooms,True,True,4.755225,-121.32,38.64,19.0,8501.0,1558.0,3576.0,1467.0,3.6523,158500.0,INLAND
1417,total_bedrooms,True,True,5.610996875,-117.25,33.93,8.0,10110.0,1761.0,5804.0,1703.0,4.2654,137600.0,INLAND
1446,total_bedrooms,True,True,6.0536375,-117.07,33.0,4.0,9153.0,1866.0,3775.0,1698.0,4.955,241500.0,<1H OCEAN
1466,total_bedrooms,True,True,5.442371875,-116.14,34.45,12.0,8796.0,1721.0,11139.0,1680.0,2.2612,137500.0,INLAND
1471,total_bedrooms,True,True,4.15660625,-122.05,38.26,21.0,7195.0,1416.0,3927.0,1377.0,3.0912,126300.0,INLAND
1488,total_bedrooms,True,True,7.170778125,-119.27,34.17,15.0,11403.0,2131.0,3327.0,1585.0,4.3693,423300.0,NEAR OCEAN
1498,total_bedrooms,True,True,6.6649031249999995,-121.65,36.69,21.0,7884.0,2011.0,4907.0,1919.0,2.7367,160300.0,<1H OCEAN
1500,total_bedrooms,True,True,4.8100281250000005,-122.52,37.98,31.0,6555.0,1571.0,2962.0,1464.0,2.8903,324200.0,NEAR BAY
1532,total_bedrooms,True,True,4.160821875,-118.26,34.17,20.0,5949.0,1417.0,2593.0,1337.0,3.8576,318600.0,<1H OCEAN
1535,total_bedrooms,True,False,3.300834375,-117.04,34.02,24.0,4663.0,1213.0,1851.0,1116.0,1.4418,103500.0,INLAND
1555,total_bedrooms,True,True,5.7290343749999995,-118.47,34.06,26.0,6577.0,1789.0,2937.0,1652.0,4.801,500001.0,<1H OCEAN
1587,total_bedrooms,True,False,3.3387749999999996,-118.26,34.14,29.0,3431.0,1222.0,4094.0,1205.0,2.2614,248100.0,<1H OCEAN
1596,total_bedrooms,True,True,3.958471875,-118.09,34.04,18.0,5580.0,1369.0,3842.0,1276.0,3.6512,168500.0,<1H OCEAN
1609,total_bedrooms,True,False,3.3514218749999998,-121.57,37.0,18.0,7241.0,1225.0,4168.0,1138.0,4.5714,260300.0,INLAND
1657,total_bedrooms,True,True,9.0383,-118.45,34.44,16.0,13406.0,2574.0,7030.0,2440.0,4.6861,187900.0,<1H OCEAN
1673,total_bedrooms,True,True,4.928065625,-122.11,37.41,27.0,5110.0,1599.0,2764.0,1482.0,3.4198,351900.0,NEAR BAY
1681,total_bedrooms,True,True,7.921159374999999,-118.77,34.24,6.0,16222.0,2309.0,6700.0,2080.0,6.4963,308100.0,<1H OCEAN
1692,total_bedrooms,True,True,3.7266125000000003,-121.44,37.73,7.0,8363.0,1314.0,3907.0,1068.0,5.3321,208100.0,INLAND
1753,total_bedrooms,True,True,5.7374656250000005,-117.31,33.94,7.0,11232.0,1791.0,4218.0,1644.0,5.2713,216500.0,INLAND
1760,total_bedrooms,True,True,3.958471875,-118.87,34.18,21.0,5661.0,1369.0,3188.0,1308.0,3.4676,212800.0,<1H OCEAN
1766,total_bedrooms,True,False,3.11113125,-121.25,38.72,10.0,7277.0,1168.0,3507.0,1131.0,4.485,179400.0,INLAND
1795,total_bedrooms,True,True,6.07893125,-118.49,34.26,25.0,8389.0,1872.0,4483.0,1747.0,3.5497,261300.0,<1H OCEAN
1800,total_bedrooms,True,False,3.283971875,-117.63,34.1,15.0,4799.0,1209.0,2554.0,1057.0,2.6582,122800.0,INLAND
1803,total_bedrooms,True,True,16.976321875,-118.52,34.17,20.0,17377.0,4457.0,7450.0,4204.0,3.2154,259600.0,<1H OCEAN
1837,total_bedrooms,True,True,4.843753125,-118.32,34.11,48.0,4472.0,1579.0,2796.0,1397.0,2.3974,410700.0,<1H OCEAN
1861,total_bedrooms,True,True,3.6507312499999998,-116.43,34.1,17.0,6683.0,1296.0,2677.0,1227.0,2.4828,84000.0,INLAND
1880,total_bedrooms,True,True,4.632971875,-116.56,34.06,15.0,6928.0,1529.0,2568.0,1075.0,2.5405,69600.0,INLAND
1888,total_bedrooms,True,True,8.932909375,-117.36,34.48,3.0,16533.0,2549.0,7588.0,2285.0,3.9792,122100.0,INLAND
1904,total_bedrooms,True,True,3.63386875,-117.0,34.87,16.0,6862.0,1292.0,3562.0,1126.0,3.6091,87200.0,INLAND
1924,total_bedrooms,True,True,4.9913,-119.04,34.23,21.0,9807.0,1614.0,4199.0,1554.0,5.0145,246600.0,<1H OCEAN
1964,total_bedrooms,True,True,9.679075000000001,-117.29,33.63,7.0,16010.0,2726.0,7139.0,2426.0,3.8056,162200.0,<1H OCEAN
1987,total_bedrooms,True,False,3.19544375,-119.23,34.15,18.0,6213.0,1188.0,2679.0,1000.0,3.748,380400.0,NEAR OCEAN
1994,total_bedrooms,True,True,7.541753125,-117.57,34.15,3.0,12806.0,2219.0,4249.0,1499.0,5.485,343100.0,INLAND
2000,total_bedrooms,True,False,3.191228125,-117.68,33.63,16.0,5218.0,1187.0,2701.0,1125.0,3.929,143100.0,<1H OCEAN
2013,total_bedrooms,True,True,4.321015624999999,-122.09,37.91,18.0,9576.0,1455.0,3486.0,1380.0,7.0895,306900.0,NEAR BAY
2028,total_bedrooms,True,False,3.4821062499999997,-117.04,32.97,13.0,6711.0,1256.0,3683.0,1220.0,4.5746,175700.0,<1H OCEAN
2043,total_bedrooms,True,True,3.5874968750000003,-121.83,36.61,27.0,5665.0,1281.0,3612.0,1191.0,3.0542,142100.0,<1H OCEAN
2055,total_bedrooms,True,True,3.671809375,-118.35,34.1,18.0,4109.0,1301.0,2103.0,1116.0,2.325,250000.0,<1H OCEAN
2072,total_bedrooms,True,True,6.091578125,-116.49,33.8,13.0,8789.0,1875.0,1274.0,688.0,3.7396,148900.0,INLAND
2081,total_bedrooms,True,True,8.55771875,-116.38,33.71,17.0,12509.0,2460.0,2737.0,1423.0,4.5556,258100.0,INLAND
2100,total_bedrooms,True,True,4.81424375,-117.12,32.95,4.0,9018.0,1572.0,4438.0,1498.0,4.988,263700.0,<1H OCEAN
2179,total_bedrooms,True,True,6.934703125,-118.38,34.01,18.0,9528.0,2075.0,3922.0,1920.0,4.7612,304100.0,<1H OCEAN
2182,total_bedrooms,True,True,4.093371875,-117.04,32.65,8.0,8806.0,1401.0,3159.0,1059.0,4.2155,247800.0,NEAR OCEAN
2184,total_bedrooms,True,True,4.65405,-122.08,37.96,21.0,9135.0,1534.0,3748.0,1502.0,6.0859,266000.0,NEAR BAY
2214,total_bedrooms,True,True,3.70131875,-122.62,38.4,10.0,9772.0,1308.0,3741.0,1242.0,6.5261,324700.0,<1H OCEAN
2240,total_bedrooms,True,True,8.94555625,-121.98,37.32,17.0,9789.0,2552.0,4748.0,2206.0,4.2531,279800.0,<1H OCEAN
2241,total_bedrooms,True,True,5.8512875,-122.05,37.57,7.0,10648.0,1818.0,6075.0,1797.0,6.1047,278200.0,NEAR BAY
2280,total_bedrooms,True,False,3.473675,-117.7,33.53,5.0,6698.0,1254.0,2834.0,1139.0,5.9088,288500.0,<1H OCEAN
2285,total_bedrooms,True,True,6.749215625,-117.23,33.89,5.0,11775.0,2031.0,6686.0,1911.0,4.1953,136600.0,INLAND
2291,total_bedrooms,True,False,3.140640625,-114.59,33.61,34.0,4789.0,1175.0,3134.0,1056.0,2.1782,58400.0,INLAND
2298,total_bedrooms,True,True,18.502378125,-117.42,33.35,14.0,25135.0,4819.0,35682.0,4769.0,2.5729,134400.0,<1H OCEAN
2340,total_bedrooms,True,True,8.161449999999999,-118.55,34.44,14.0,15348.0,2366.0,7087.0,2169.0,6.3277,237700.0,INLAND
2359,total_bedrooms,True,True,12.25060625,-117.08,32.97,3.0,17466.0,3336.0,7644.0,2895.0,5.4584,246500.0,<1H OCEAN
2366,total_bedrooms,True,True,5.315903125,-122.06,37.96,10.0,7136.0,1691.0,2959.0,1507.0,3.9816,182000.0,NEAR BAY
2374,total_bedrooms,True,True,5.379137500000001,-118.02,34.57,4.0,10655.0,1706.0,5391.0,1529.0,5.083,151300.0,INLAND
2375,total_bedrooms,True,True,4.69620625,-117.88,33.7,17.0,5122.0,1544.0,2966.0,1339.0,3.4835,116700.0,<1H OCEAN
2382,total_bedrooms,True,True,3.7519062499999998,-121.95,37.34,25.0,5236.0,1320.0,2529.0,1213.0,3.1702,256100.0,<1H OCEAN
2411,total_bedrooms,True,True,5.863934375,-118.07,34.56,5.0,10264.0,1821.0,5871.0,1790.0,4.2329,145500.0,INLAND
2424,total_bedrooms,True,True,8.663109375000001,-117.61,34.14,14.0,15809.0,2485.0,7363.0,2410.0,5.5198,245600.0,INLAND
2447,total_bedrooms,True,True,7.89165,-122.31,40.55,11.0,13714.0,2302.0,6511.0,2267.0,3.5522,100100.0,INLAND
2454,total_bedrooms,True,True,5.164140625,-117.03,32.75,24.0,7879.0,1655.0,3898.0,1534.0,3.0897,187300.0,NEAR OCEAN
2496,total_bedrooms,True,True,7.68086875,-121.6,37.9,5.0,14684.0,2252.0,4276.0,1722.0,6.9051,340900.0,INLAND
2522,total_bedrooms,True,False,3.4905375,-122.47,37.81,45.0,6927.0,1258.0,4715.0,1165.0,3.4051,500001.0,NEAR BAY
2540,total_bedrooms,True,True,7.8115531250000005,-117.9,33.98,20.0,9893.0,2283.0,7228.0,2159.0,3.253,186700.0,<1H OCEAN
2555,total_bedrooms,True,True,4.666696875,-118.53,34.25,20.0,6331.0,1537.0,2957.0,1509.0,3.3892,323100.0,<1H OCEAN
2582,total_bedrooms,True,True,9.657996874999998,-122.56,38.06,19.0,15622.0,2721.0,6109.0,2615.0,5.0965,295300.0,NEAR BAY
2588,total_bedrooms,True,True,5.476096875,-118.88,34.19,16.0,7268.0,1729.0,3232.0,1653.0,3.3703,228700.0,<1H OCEAN
2592,total_bedrooms,True,True,8.325859375,-116.38,33.73,10.0,11836.0,2405.0,3811.0,1570.0,4.0079,134500.0,INLAND
2594,total_bedrooms,True,True,4.52758125,-118.19,34.22,32.0,10626.0,1504.0,4353.0,1482.0,9.8413,500001.0,<1H OCEAN
2599,total_bedrooms,True,True,3.899453125,-116.37,33.72,19.0,6190.0,1355.0,2242.0,1043.0,3.0021,152300.0,INLAND
2614,total_bedrooms,True,True,8.882321874999999,-117.21,33.97,3.0,18356.0,2537.0,8437.0,2342.0,5.6409,197700.0,INLAND
2619,total_bedrooms,True,True,3.5874968750000003,-118.36,33.97,19.0,4651.0,1281.0,2917.0,1121.0,2.6823,142500.0,<1H OCEAN
2629,total_bedrooms,True,True,10.817293750000001,-121.49,38.62,8.0,15309.0,2996.0,7463.0,2885.0,3.9143,129700.0,INLAND
2633,total_bedrooms,True,True,3.9078843749999996,-118.01,33.71,18.0,6565.0,1357.0,3079.0,1248.0,4.7515,295600.0,<1H OCEAN
2635,total_bedrooms,True,True,10.492690625,-117.92,33.98,10.0,16414.0,2919.0,8907.0,2714.0,6.1552,362500.0,<1H OCEAN
2654,total_bedrooms,True,True,3.7181812499999998,-118.44,34.05,15.0,5368.0,1312.0,2269.0,1232.0,5.7097,316700.0,<1H OCEAN
2661,total_bedrooms,True,True,4.5402281250000005,-121.42,38.47,11.0,5665.0,1507.0,3422.0,1299.0,2.3343,97800.0,INLAND
2703,total_bedrooms,True,True,3.6423,-121.9,37.67,7.0,9540.0,1294.0,3926.0,1229.0,7.4353,389800.0,<1H OCEAN
2735,total_bedrooms,True,True,4.687775,-116.37,33.69,7.0,8806.0,1542.0,858.0,448.0,7.8005,318100.0,INLAND
2767,total_bedrooms,True,False,3.2375999999999996,-117.61,34.12,17.0,6709.0,1198.0,3954.0,1161.0,4.6997,156900.0,INLAND
2823,total_bedrooms,True,True,9.55260625,-117.23,33.94,7.0,13195.0,2696.0,6763.0,2437.0,3.5851,142000.0,INLAND
2830,total_bedrooms,True,True,15.281640625,-117.12,33.49,4.0,21988.0,4055.0,8824.0,3252.0,3.9963,191100.0,<1H OCEAN
2868,total_bedrooms,True,False,3.4694593750000005,-118.18,33.78,26.0,3042.0,1253.0,4812.0,1141.0,1.7701,146200.0,NEAR OCEAN
2880,total_bedrooms,True,True,4.64561875,-118.46,34.06,20.0,5448.0,1532.0,2202.0,1442.0,4.2554,500001.0,<1H OCEAN
2883,total_bedrooms,True,False,3.19544375,-118.34,33.87,28.0,4605.0,1188.0,2558.0,1093.0,3.6988,266600.0,<1H OCEAN
2894,total_bedrooms,True,True,5.366490625,-117.31,33.11,7.0,7974.0,1703.0,2904.0,1550.0,4.1282,188100.0,NEAR OCEAN
2899,total_bedrooms,True,True,4.080724999999999,-122.48,37.7,33.0,4167.0,1398.0,2923.0,1314.0,3.049,307000.0,NEAR OCEAN
2904,total_bedrooms,True,True,3.8109249999999997,-121.94,37.28,18.0,4356.0,1334.0,1968.0,1245.0,3.6294,240000.0,<1H OCEAN
2946,total_bedrooms,True,False,3.317696875,-120.42,34.91,4.0,6986.0,1217.0,2801.0,1212.0,3.2135,212700.0,<1H OCEAN
2955,total_bedrooms,True,True,3.5874968750000003,-119.12,34.38,28.0,7200.0,1281.0,3793.0,1238.0,4.075,237900.0,<1H OCEAN
2957,total_bedrooms,True,True,5.636290625,-117.47,34.12,6.0,10565.0,1767.0,5690.0,1555.0,4.1797,141000.0,INLAND
2965,total_bedrooms,True,True,5.383353125,-118.29,34.07,24.0,4021.0,1707.0,3727.0,1529.0,1.7365,112500.0,<1H OCEAN
3015,total_bedrooms,True,True,5.20208125,-122.38,37.73,15.0,6804.0,1664.0,4737.0,1581.0,1.4133,203400.0,NEAR BAY
3016,total_bedrooms,True,True,5.543546875,-117.58,34.14,7.0,11818.0,1745.0,5499.0,1600.0,5.3678,231700.0,INLAND
3025,total_bedrooms,True,False,3.1532875000000002,-121.44,38.47,5.0,5666.0,1178.0,3139.0,1131.0,3.3608,108900.0,INLAND
3032,total_bedrooms,True,False,3.182796875,-117.68,34.08,21.0,5662.0,1185.0,3067.0,1055.0,3.3482,137300.0,INLAND
3073,total_bedrooms,True,True,5.889228125,-116.26,33.72,10.0,9404.0,1827.0,3208.0,1283.0,3.1086,105800.0,INLAND
3082,total_bedrooms,True,True,6.1210875,-116.5,33.95,10.0,7249.0,1882.0,4274.0,1621.0,1.6983,66600.0,INLAND
3088,total_bedrooms,True,True,4.78895,-122.43,37.79,52.0,6186.0,1566.0,2065.0,1374.0,5.8543,500001.0,NEAR BAY
3109,total_bedrooms,True,True,6.648040625,-118.37,34.16,6.0,6526.0,2007.0,3298.0,1790.0,2.7231,250000.0,<1H OCEAN
3110,total_bedrooms,True,True,4.245134375,-117.25,33.12,8.0,8552.0,1437.0,3335.0,1323.0,5.311,255800.0,NEAR OCEAN
3117,total_bedrooms,True,True,6.749215625,-122.1,37.63,18.0,9963.0,2031.0,5613.0,1946.0,3.8171,187200.0,NEAR BAY
3146,total_bedrooms,True,True,4.548659375,-117.18,32.81,19.0,6823.0,1509.0,3784.0,1509.0,3.1032,179500.0,NEAR OCEAN
3155,total_bedrooms,True,True,11.5508125,-118.36,33.84,22.0,11016.0,3170.0,6664.0,2838.0,3.703,361300.0,<1H OCEAN
3168,total_bedrooms,True,True,3.722396875,-119.77,34.44,24.0,5652.0,1313.0,2312.0,1294.0,2.4717,295300.0,NEAR OCEAN
3175,total_bedrooms,True,True,12.014531250000001,-117.01,32.83,17.0,15401.0,3280.0,7302.0,3176.0,3.3067,121900.0,<1H OCEAN
3178,total_bedrooms,True,True,4.000628125,-117.24,33.77,9.0,6907.0,1379.0,3665.0,1290.0,2.8401,104200.0,INLAND
3184,total_bedrooms,True,True,5.6658,-121.28,37.82,10.0,9205.0,1774.0,5935.0,1673.0,3.65,119400.0,INLAND
3185,total_bedrooms,True,True,6.605884375,-118.3,34.18,13.0,7174.0,1997.0,4293.0,1872.0,3.0973,251900.0,<1H OCEAN
3195,total_bedrooms,True,True,6.858821874999999,-117.52,33.99,14.0,13562.0,2057.0,7600.0,2086.0,5.2759,182900.0,INLAND
3205,total_bedrooms,True,True,3.9542562500000003,-117.43,33.93,15.0,4836.0,1368.0,3012.0,1240.0,2.1865,129300.0,INLAND
3210,total_bedrooms,True,True,5.551978125,-121.13,38.66,2.0,12360.0,1747.0,4438.0,1470.0,6.2503,222500.0,INLAND
3211,total_bedrooms,True,True,3.983765625,-121.82,39.75,29.0,7744.0,1375.0,3316.0,1365.0,3.0253,111400.0,INLAND
3246,total_bedrooms,True,True,5.037671875,-121.86,37.34,29.0,5274.0,1625.0,6234.0,1639.0,2.5947,177300.0,<1H OCEAN
3255,total_bedrooms,True,True,8.460759374999999,-118.38,34.09,24.0,8264.0,2437.0,3148.0,2274.0,3.5659,281300.0,<1H OCEAN
3277,total_bedrooms,True,False,3.30505,-118.48,34.22,22.0,3430.0,1214.0,3618.0,1092.0,2.1974,93800.0,<1H OCEAN
3312,total_bedrooms,True,True,7.204503125,-119.06,35.35,20.0,9351.0,2139.0,4584.0,1953.0,2.575,69900.0,INLAND
3323,total_bedrooms,True,True,3.5369093749999996,-117.37,33.94,14.0,9286.0,1269.0,3565.0,1238.0,6.6635,219600.0,INLAND
3341,total_bedrooms,True,True,3.9247468749999994,-117.23,33.96,5.0,9179.0,1361.0,4573.0,1294.0,5.253,163300.0,INLAND
3346,total_bedrooms,True,True,6.7998031249999995,-117.42,33.98,16.0,10072.0,2043.0,5913.0,1909.0,3.0606,119500.0,INLAND
3379,total_bedrooms,True,False,3.376715625,-117.07,33.03,14.0,6665.0,1231.0,2026.0,1001.0,5.09,268500.0,<1H OCEAN
3404,total_bedrooms,True,True,3.629653125,-121.98,38.29,4.0,8778.0,1291.0,4010.0,1188.0,5.4399,187100.0,INLAND
3427,total_bedrooms,True,True,4.894340625,-121.94,38.37,17.0,7973.0,1591.0,2899.0,1502.0,2.8357,120100.0,INLAND
3430,total_bedrooms,True,True,5.973540625,-118.11,33.77,15.0,9103.0,1847.0,3333.0,1712.0,5.1508,367300.0,NEAR OCEAN
3509,total_bedrooms,True,True,7.836846875000001,-117.88,33.63,21.0,9565.0,2289.0,3162.0,1831.0,4.7024,345400.0,<1H OCEAN
3511,total_bedrooms,True,True,3.51583125,-118.01,33.74,25.0,8110.0,1264.0,3613.0,1232.0,6.0609,264900.0,<1H OCEAN
3516,total_bedrooms,True,True,4.05543125,-121.86,37.0,16.0,8638.0,1392.0,3706.0,1251.0,5.503,351800.0,<1H OCEAN
3531,total_bedrooms,True,False,3.106915625,-122.27,38.12,42.0,5266.0,1167.0,3124.0,1025.0,2.7375,120000.0,NEAR BAY
3545,total_bedrooms,True,False,3.1237781250000003,-118.32,34.09,34.0,2473.0,1171.0,2655.0,1083.0,1.6331,162500.0,<1H OCEAN
3570,total_bedrooms,True,False,3.283971875,-118.43,34.21,17.0,3667.0,1209.0,2636.0,1054.0,2.425,175500.0,<1H OCEAN
3574,total_bedrooms,True,True,5.695309375,-118.37,33.97,32.0,6699.0,1781.0,2725.0,1544.0,3.3889,285700.0,<1H OCEAN
3585,total_bedrooms,True,True,4.919634374999999,-119.01,35.3,7.0,8596.0,1597.0,4893.0,1520.0,3.9054,80900.0,INLAND
3588,total_bedrooms,True,True,9.31653125,-117.58,33.85,6.0,16431.0,2640.0,8222.0,2553.0,5.2861,195100.0,INLAND
3597,total_bedrooms,True,True,3.520046875,-117.92,33.74,13.0,4620.0,1265.0,3385.0,1109.0,3.1773,186500.0,<1H OCEAN
3605,total_bedrooms,True,True,3.80249375,-117.88,34.01,16.0,6756.0,1332.0,4429.0,1299.0,4.7589,178200.0,<1H OCEAN
3608,total_bedrooms,True,False,3.19544375,-118.33,34.24,31.0,6434.0,1188.0,3540.0,1131.0,4.2639,293300.0,<1H OCEAN
3653,total_bedrooms,True,True,4.658265625,-121.54,38.49,6.0,9104.0,1535.0,3759.0,1481.0,5.1442,174500.0,INLAND
3659,total_bedrooms,True,True,3.9373937499999996,-117.66,33.65,13.0,8527.0,1364.0,4597.0,1393.0,6.2242,237900.0,<1H OCEAN
3667,total_bedrooms,True,True,7.853709374999999,-118.29,34.06,42.0,3894.0,2293.0,6846.0,2156.0,1.5553,70000.0,<1H OCEAN
3726,total_bedrooms,True,True,5.758543749999999,-117.68,34.1,11.0,7392.0,1796.0,3841.0,1621.0,2.8326,163000.0,INLAND
3729,total_bedrooms,True,True,3.7519062499999998,-117.45,33.93,20.0,5998.0,1320.0,3185.0,1199.0,3.2731,113900.0,INLAND
3752,total_bedrooms,True,True,3.975334375,-117.55,33.85,4.0,8207.0,1373.0,3887.0,1304.0,4.8686,195300.0,INLAND
3767,total_bedrooms,True,True,8.646246875,-116.47,33.81,7.0,10105.0,2481.0,6274.0,2095.0,2.4497,90900.0,INLAND
3773,total_bedrooms,True,True,5.172571875,-118.48,35.14,4.0,8417.0,1657.0,4631.0,1468.0,3.6949,115800.0,INLAND
3788,total_bedrooms,True,True,3.7519062499999998,-117.67,33.63,9.0,5774.0,1320.0,3086.0,1265.0,4.4063,202200.0,<1H OCEAN
3813,total_bedrooms,True,True,4.047,-122.0,37.51,7.0,6352.0,1390.0,3223.0,1316.0,4.9867,181700.0,<1H OCEAN
3833,total_bedrooms,True,True,4.127096875,-118.28,33.83,18.0,5923.0,1409.0,3887.0,1322.0,3.4712,194400.0,<1H OCEAN
3843,total_bedrooms,True,False,3.1490718749999997,-121.85,39.77,17.0,5273.0,1177.0,2446.0,1199.0,1.9362,89900.0,INLAND
3848,total_bedrooms,True,True,7.621849999999999,-117.49,33.9,7.0,10235.0,2238.0,5271.0,2094.0,3.6071,159100.0,INLAND
3852,total_bedrooms,True,True,3.6591625,-122.73,38.46,14.0,4042.0,1298.0,2323.0,1158.0,2.0651,135400.0,<1H OCEAN
3853,total_bedrooms,True,False,3.174365625,-118.32,34.05,42.0,3343.0,1183.0,3480.0,1146.0,1.9923,250000.0,<1H OCEAN
3915,total_bedrooms,True,True,12.996771874999999,-121.35,38.72,2.0,21897.0,3513.0,8652.0,2873.0,4.5432,151300.0,INLAND
3921,total_bedrooms,True,True,3.5790656249999997,-121.59,37.02,14.0,6355.0,1279.0,3704.0,1224.0,4.4233,228600.0,INLAND
3945,total_bedrooms,True,True,4.11445,-122.25,37.56,19.0,7976.0,1406.0,3437.0,1338.0,5.6396,430300.0,NEAR BAY
3948,total_bedrooms,True,True,4.455915625,-116.46,33.79,10.0,6960.0,1487.0,1130.0,661.0,2.1411,136400.0,INLAND
3961,total_bedrooms,True,True,8.102431249999999,-117.08,32.83,7.0,13703.0,2352.0,4446.0,1856.0,6.4335,260600.0,<1H OCEAN
3974,total_bedrooms,True,True,4.329446875,-118.44,34.15,29.0,5474.0,1457.0,2352.0,1326.0,3.415,382500.0,<1H OCEAN
4002,total_bedrooms,True,True,5.585703125,-118.52,34.02,24.0,7418.0,1755.0,2713.0,1577.0,5.0867,500001.0,<1H OCEAN
4026,total_bedrooms,True,True,4.620324999999999,-117.91,33.63,20.0,3442.0,1526.0,1427.0,977.0,3.1985,106300.0,<1H OCEAN
4037,total_bedrooms,True,True,3.7266125000000003,-121.26,38.74,22.0,7173.0,1314.0,3526.0,1316.0,3.3941,135900.0,INLAND
4059,total_bedrooms,True,True,8.33850625,-122.3,37.84,14.0,7355.0,2408.0,3100.0,2051.0,4.0018,143800.0,NEAR BAY
4063,total_bedrooms,True,True,7.946453125,-117.46,34.04,3.0,12870.0,2315.0,5820.0,1759.0,4.2429,147300.0,INLAND
4064,total_bedrooms,True,True,4.19033125,-122.1,37.93,20.0,10212.0,1424.0,4083.0,1374.0,8.039,382200.0,NEAR BAY
4098,total_bedrooms,True,True,11.7868875,-122.06,37.4,21.0,12855.0,3226.0,7273.0,3052.0,4.3351,267400.0,NEAR BAY
4108,total_bedrooms,True,False,3.317696875,-121.77,37.67,20.0,8068.0,1217.0,3489.0,1259.0,5.7907,264200.0,INLAND
4123,total_bedrooms,True,True,5.181003125,-117.85,34.11,25.0,9255.0,1659.0,4944.0,1627.0,4.5708,223000.0,INLAND
4133,total_bedrooms,True,False,3.2080906249999996,-122.0,38.28,3.0,7030.0,1191.0,3238.0,1055.0,4.962,161700.0,INLAND
4160,total_bedrooms,True,False,3.317696875,-116.54,33.81,24.0,6087.0,1217.0,1721.0,833.0,3.1493,199400.0,INLAND
4164,total_bedrooms,True,True,7.5122437500000006,-117.32,33.15,15.0,13245.0,2212.0,5495.0,2060.0,5.4904,262100.0,NEAR OCEAN
4173,total_bedrooms,True,True,6.175890624999999,-121.83,37.31,19.0,11181.0,1895.0,7817.0,1853.0,5.6058,232700.0,<1H OCEAN
4197,total_bedrooms,True,True,4.725715625,-119.73,36.74,14.0,6202.0,1551.0,5561.0,1435.0,1.6073,64700.0,INLAND
4214,total_bedrooms,True,True,5.644721875,-119.2,34.19,19.0,9503.0,1769.0,6370.0,1718.0,5.0016,218500.0,NEAR OCEAN
4230,total_bedrooms,True,True,5.99461875,-118.13,33.95,24.0,6662.0,1852.0,3792.0,1735.0,3.1104,230000.0,<1H OCEAN
4232,total_bedrooms,True,True,4.127096875,-118.49,34.43,15.0,8244.0,1409.0,4453.0,1357.0,5.4829,199600.0,<1H OCEAN
4259,total_bedrooms,True,True,3.958471875,-121.41,38.56,17.0,7228.0,1369.0,2455.0,1365.0,5.1385,179500.0,INLAND
4260,total_bedrooms,True,True,4.7215,-117.41,34.11,12.0,6758.0,1550.0,3204.0,1279.0,2.5181,105500.0,INLAND
4283,total_bedrooms,True,True,5.079828125000001,-116.85,34.26,18.0,6988.0,1635.0,2044.0,726.0,2.4308,90600.0,INLAND
4289,total_bedrooms,True,True,5.2611,-118.35,34.11,33.0,7478.0,1678.0,2701.0,1500.0,4.1717,500001.0,<1H OCEAN
4297,total_bedrooms,True,True,4.523365624999999,-118.2,34.69,5.0,9076.0,1503.0,7694.0,1278.0,4.875,163400.0,INLAND
4331,total_bedrooms,True,False,3.33034375,-116.85,34.26,19.0,5395.0,1220.0,981.0,366.0,2.6094,92400.0,INLAND
4362,total_bedrooms,True,False,3.4905375,-117.07,33.0,4.0,6242.0,1258.0,2211.0,1116.0,4.25,281600.0,<1H OCEAN
4371,total_bedrooms,True,True,4.009059375,-117.08,32.62,16.0,5192.0,1381.0,3261.0,1321.0,2.2685,151900.0,NEAR OCEAN
4396,total_bedrooms,True,True,4.152390625,-120.91,38.98,13.0,7689.0,1415.0,3264.0,1198.0,3.653,146800.0,INLAND
4401,total_bedrooms,True,True,4.013275,-122.46,37.63,22.0,6728.0,1382.0,3783.0,1310.0,5.0479,280400.0,NEAR OCEAN
4406,total_bedrooms,True,True,5.290609375,-122.06,37.9,25.0,5869.0,1685.0,2669.0,1554.0,2.6998,216100.0,NEAR BAY
4477,total_bedrooms,True,True,4.8395375000000005,-121.86,39.78,12.0,7653.0,1578.0,3628.0,1494.0,3.0905,117800.0,INLAND
4493,total_bedrooms,True,True,4.565521875,-118.15,34.12,36.0,6119.0,1513.0,2719.0,1402.0,3.8427,319700.0,<1H OCEAN
4503,total_bedrooms,True,True,9.16476875,-118.42,33.75,22.0,17591.0,2604.0,6897.0,2492.0,8.2831,500001.0,NEAR OCEAN
4520,total_bedrooms,True,True,10.745628125,-121.35,38.7,5.0,14414.0,2979.0,7608.0,2832.0,3.5802,129600.0,INLAND
4531,total_bedrooms,True,False,3.385146875,-117.29,33.19,18.0,6235.0,1233.0,4127.0,1162.0,3.0704,151600.0,NEAR OCEAN
4590,total_bedrooms,True,True,3.9795499999999997,-118.01,33.83,24.0,4639.0,1374.0,3093.0,1257.0,2.5577,202300.0,<1H OCEAN
4601,total_bedrooms,True,False,3.157503125,-122.27,37.56,5.0,4921.0,1179.0,1810.0,1073.0,5.6936,322200.0,NEAR BAY
4651,total_bedrooms,True,True,4.47699375,-117.03,32.77,19.0,4819.0,1492.0,2572.0,1336.0,2.3393,118200.0,<1H OCEAN
4656,total_bedrooms,True,False,3.2207375,-122.05,37.94,22.0,4162.0,1194.0,1804.0,1185.0,2.5459,179300.0,NEAR BAY
4669,total_bedrooms,True,False,3.4694593750000005,-122.08,37.64,30.0,5267.0,1253.0,4065.0,1113.0,3.3479,182100.0,NEAR BAY
4675,total_bedrooms,True,True,4.00484375,-122.16,37.17,35.0,6422.0,1380.0,2755.0,1064.0,5.0165,202300.0,NEAR OCEAN
4689,total_bedrooms,True,True,4.624540625,-117.94,33.91,18.0,8836.0,1527.0,3946.0,1451.0,5.6441,313000.0,<1H OCEAN
4690,total_bedrooms,True,True,15.804378125,-117.87,34.04,7.0,27700.0,4179.0,15037.0,4072.0,6.6288,339700.0,<1H OCEAN
4701,total_bedrooms,True,False,3.09426875,-117.75,33.6,5.0,4944.0,1164.0,1727.0,948.0,4.9,255600.0,<1H OCEAN
4723,total_bedrooms,True,True,4.321015624999999,-119.05,35.32,11.0,7035.0,1455.0,3525.0,1387.0,3.4827,93600.0,INLAND
4767,total_bedrooms,True,True,3.8615125,-116.19,33.69,11.0,5692.0,1346.0,5682.0,1273.0,2.5383,74000.0,INLAND
4778,total_bedrooms,True,True,5.0081625,-117.03,32.78,17.0,5481.0,1618.0,2957.0,1537.0,2.5707,171300.0,<1H OCEAN
4780,total_bedrooms,True,True,3.713965625,-122.41,37.81,31.0,3991.0,1311.0,2305.0,1201.0,1.8981,500001.0,NEAR BAY
4800,total_bedrooms,True,True,6.16324375,-118.14,34.57,6.0,9882.0,1892.0,4892.0,1621.0,3.7636,167600.0,INLAND
4855,total_bedrooms,True,True,4.944928125,-119.16,34.17,17.0,7982.0,1603.0,6437.0,1596.0,4.1279,223900.0,NEAR OCEAN
4867,total_bedrooms,True,True,11.588753125,-118.28,34.07,25.0,7522.0,3179.0,7221.0,2902.0,2.0173,177500.0,<1H OCEAN
4878,total_bedrooms,True,True,5.05031875,-118.12,33.92,27.0,6336.0,1628.0,4673.0,1505.0,2.5893,183700.0,<1H OCEAN
4901,total_bedrooms,True,True,4.4643468749999995,-118.22,33.86,16.0,8732.0,1489.0,3944.0,1493.0,5.1948,203500.0,<1H OCEAN
4906,total_bedrooms,True,True,4.19033125,-117.17,32.68,16.0,5895.0,1424.0,873.0,522.0,7.3669,187500.0,NEAR OCEAN
4914,total_bedrooms,True,True,3.8868062500000002,-118.38,34.09,28.0,4001.0,1352.0,1799.0,1220.0,2.5784,272900.0,<1H OCEAN
4922,total_bedrooms,True,True,7.35205,-117.75,34.1,21.0,8069.0,2174.0,4369.0,2036.0,3.2756,156800.0,INLAND
4925,total_bedrooms,True,True,13.034712500000001,-117.75,34.01,4.0,22128.0,3522.0,10450.0,3258.0,6.1287,289600.0,<1H OCEAN
4985,total_bedrooms,True,True,3.68445625,-118.52,34.2,19.0,4315.0,1304.0,2490.0,1222.0,2.6437,195000.0,<1H OCEAN
5013,total_bedrooms,True,True,3.5790656249999997,-121.28,38.55,35.0,7088.0,1279.0,4885.0,1272.0,2.6981,112500.0,INLAND
5019,total_bedrooms,True,True,3.81935625,-122.37,40.6,7.0,5178.0,1336.0,2557.0,1283.0,2.4079,111400.0,INLAND
5034,total_bedrooms,True,False,3.275540625,-122.06,37.68,30.0,5367.0,1207.0,2667.0,1047.0,3.1796,170300.0,NEAR BAY
5041,total_bedrooms,True,True,4.751009375,-118.52,34.4,5.0,7748.0,1557.0,4768.0,1393.0,5.305,311200.0,<1H OCEAN
5075,total_bedrooms,True,True,4.620324999999999,-122.15,37.71,18.0,5778.0,1526.0,2441.0,1352.0,3.1682,202700.0,NEAR BAY
5079,total_bedrooms,True,True,3.5790656249999997,-121.48,38.62,23.0,7709.0,1279.0,4147.0,1262.0,3.8272,96600.0,INLAND
5080,total_bedrooms,True,True,4.30836875,-118.34,34.1,29.0,3193.0,1452.0,2039.0,1265.0,1.8209,500001.0,<1H OCEAN
5107,total_bedrooms,True,True,7.04009375,-117.23,33.91,9.0,11654.0,2100.0,7596.0,2127.0,4.0473,127200.0,INLAND
5114,total_bedrooms,True,True,4.5697375000000005,-117.27,34.06,20.0,5258.0,1514.0,3780.0,1404.0,2.025,85700.0,INLAND
5119,total_bedrooms,True,False,3.26289375,-118.04,33.84,21.0,6623.0,1204.0,3193.0,1129.0,4.5395,256000.0,<1H OCEAN
5122,total_bedrooms,True,False,3.2207375,-117.87,33.76,6.0,2992.0,1194.0,3800.0,1130.0,2.246,183300.0,<1H OCEAN
5128,total_bedrooms,True,True,4.228271875,-121.42,37.71,7.0,8297.0,1433.0,4189.0,1271.0,4.3696,170700.0,INLAND
5142,total_bedrooms,True,False,3.1237781250000003,-120.46,37.33,17.0,6111.0,1171.0,2950.0,1104.0,3.2852,98800.0,INLAND
5148,total_bedrooms,True,False,3.098484375,-117.32,34.54,9.0,5904.0,1165.0,3489.0,1063.0,3.125,92800.0,INLAND
5154,total_bedrooms,True,False,3.1448562499999997,-117.17,32.75,38.0,5430.0,1176.0,2357.0,1100.0,3.654,249000.0,NEAR OCEAN
5157,total_bedrooms,True,True,4.9069875,-118.68,34.13,9.0,11251.0,1594.0,3029.0,1227.0,6.7273,500001.0,<1H OCEAN
5160,total_bedrooms,True,True,4.624540625,-116.82,34.24,11.0,5799.0,1527.0,713.0,262.0,2.5147,84700.0,INLAND
5166,total_bedrooms,True,False,3.233384375,-118.2,34.1,30.0,3643.0,1197.0,4336.0,1163.0,2.07,154500.0,<1H OCEAN
5207,total_bedrooms,True,True,4.69620625,-117.84,34.04,4.0,9959.0,1544.0,4904.0,1429.0,6.9754,402500.0,<1H OCEAN
5213,total_bedrooms,True,True,3.63386875,-117.79,33.55,39.0,5066.0,1292.0,1915.0,1117.0,3.821,452100.0,<1H OCEAN
5224,total_bedrooms,True,True,5.155709375,-118.62,34.26,15.0,10860.0,1653.0,4178.0,1581.0,6.3249,262100.0,<1H OCEAN
5262,total_bedrooms,True,True,4.021706249999999,-118.29,34.03,29.0,3544.0,1384.0,3323.0,1213.0,1.0219,258300.0,<1H OCEAN
5267,total_bedrooms,True,True,3.520046875,-118.16,33.79,25.0,5463.0,1265.0,3010.0,1179.0,3.233,199100.0,NEAR OCEAN
5287,total_bedrooms,True,True,4.8058125,-117.6,33.87,15.0,7626.0,1570.0,3823.0,1415.0,3.4419,138100.0,INLAND
5292,total_bedrooms,True,True,5.678446875000001,-121.32,38.59,21.0,9774.0,1777.0,4674.0,1712.0,3.6817,136100.0,INLAND
5304,total_bedrooms,True,True,8.8528125,-118.3,34.07,28.0,5221.0,2530.0,5840.0,2374.0,1.8829,300000.0,<1H OCEAN
5344,total_bedrooms,True,True,16.6770125,-118.43,34.43,5.0,21113.0,4386.0,9842.0,3886.0,4.2037,194600.0,<1H OCEAN
5347,total_bedrooms,True,True,5.518253124999999,-121.06,38.7,9.0,13255.0,1739.0,5001.0,1627.0,6.314,228900.0,INLAND
5375,total_bedrooms,True,True,5.379137500000001,-118.43,34.15,28.0,6270.0,1706.0,2549.0,1497.0,3.2241,295800.0,<1H OCEAN
5381,total_bedrooms,True,True,3.5917125,-118.26,34.06,42.0,2541.0,1282.0,3974.0,1189.0,1.5854,87500.0,<1H OCEAN
5398,total_bedrooms,True,True,3.86994375,-121.26,38.7,9.0,7812.0,1348.0,3275.0,1178.0,4.3826,146600.0,INLAND
5407,total_bedrooms,True,True,4.9069875,-116.93,33.93,13.0,7804.0,1594.0,3297.0,1469.0,2.0549,95600.0,INLAND
5466,total_bedrooms,True,False,3.4989687500000004,-116.42,33.79,12.0,7095.0,1260.0,1179.0,570.0,4.9444,285000.0,INLAND
5482,total_bedrooms,True,True,3.9795499999999997,-122.69,38.36,6.0,5496.0,1374.0,2502.0,1189.0,2.4827,177500.0,<1H OCEAN
5484,total_bedrooms,True,False,3.292403125,-118.15,33.77,36.0,4366.0,1211.0,1912.0,1172.0,3.5292,361800.0,NEAR OCEAN
5503,total_bedrooms,True,False,3.3092656249999997,-118.3,34.09,40.0,3058.0,1215.0,3953.0,1223.0,1.8156,218800.0,<1H OCEAN
5523,total_bedrooms,True,True,9.55260625,-117.7,33.48,6.0,16590.0,2696.0,6223.0,2357.0,6.3088,340300.0,<1H OCEAN
5528,total_bedrooms,True,True,4.181900000000001,-121.42,38.51,15.0,7901.0,1422.0,4769.0,1418.0,2.8139,90400.0,INLAND
5536,total_bedrooms,True,True,10.2524,-117.79,34.02,5.0,18690.0,2862.0,9427.0,2777.0,6.4266,315600.0,<1H OCEAN
5538,total_bedrooms,True,True,6.648040625,-116.39,33.69,10.0,11659.0,2007.0,2186.0,1083.0,6.9833,238800.0,INLAND
5540,total_bedrooms,True,True,3.5369093749999996,-122.44,37.74,23.0,6291.0,1269.0,2818.0,1198.0,4.2672,391900.0,NEAR BAY
5552,total_bedrooms,True,True,4.818459375,-118.99,37.63,10.0,7744.0,1573.0,483.0,224.0,3.2917,231800.0,INLAND
5563,total_bedrooms,True,False,3.165934375,-117.59,34.16,10.0,9467.0,1181.0,3819.0,1122.0,7.8252,361400.0,INLAND
5568,total_bedrooms,True,True,5.889228125,-118.37,34.09,31.0,6348.0,1827.0,2559.0,1755.0,3.2818,225000.0,<1H OCEAN
5579,total_bedrooms,True,False,3.199659375,-118.56,34.14,23.0,9657.0,1189.0,3585.0,1162.0,10.4399,500001.0,<1H OCEAN
5590,total_bedrooms,True,True,4.2409187500000005,-118.25,34.16,24.0,5131.0,1436.0,2690.0,1371.0,2.5668,280000.0,<1H OCEAN
5620,total_bedrooms,True,True,6.5974531249999995,-121.46,38.49,15.0,10211.0,1995.0,5656.0,1752.0,2.575,107900.0,INLAND
5639,total_bedrooms,True,True,3.61700625,-120.76,38.12,7.0,7188.0,1288.0,3175.0,1115.0,3.8488,130600.0,INLAND
5641,total_bedrooms,True,True,3.891021875,-117.06,32.61,24.0,4369.0,1353.0,3123.0,1247.0,2.0571,152300.0,NEAR OCEAN
5646,total_bedrooms,True,True,8.730559375,-116.54,33.82,12.0,9482.0,2501.0,2725.0,1300.0,1.5595,115600.0,INLAND
5653,total_bedrooms,True,True,8.772715625,-117.43,33.91,15.0,14281.0,2511.0,7540.0,2245.0,4.3222,138000.0,INLAND
5666,total_bedrooms,True,True,4.649834374999999,-117.3,33.17,6.0,7880.0,1533.0,3760.0,1460.0,4.1807,182600.0,NEAR OCEAN
5684,total_bedrooms,True,True,11.748946875,-117.52,33.89,2.0,17978.0,3217.0,7305.0,2463.0,5.1695,220800.0,INLAND
5737,total_bedrooms,True,True,9.784465625,-117.83,33.99,14.0,17527.0,2751.0,8380.0,2676.0,6.2734,267000.0,<1H OCEAN
5740,total_bedrooms,True,True,3.7940625,-122.45,37.76,31.0,5283.0,1330.0,2659.0,1269.0,3.5744,500000.0,NEAR BAY
5748,total_bedrooms,True,True,4.291506249999999,-117.25,33.06,6.0,9859.0,1448.0,4194.0,1401.0,6.439,296200.0,NEAR OCEAN
5749,total_bedrooms,True,True,5.64050625,-121.87,36.55,20.0,10053.0,1768.0,3083.0,1621.0,5.1506,387500.0,NEAR OCEAN
5757,total_bedrooms,True,False,3.140640625,-122.24,37.55,3.0,6164.0,1175.0,2198.0,975.0,6.7413,435900.0,NEAR BAY
5778,total_bedrooms,True,True,5.82599375,-122.43,37.64,34.0,8400.0,1812.0,4101.0,1717.0,4.1033,301000.0,NEAR OCEAN
5793,total_bedrooms,True,False,3.317696875,-117.64,33.66,6.0,5221.0,1217.0,2597.0,1119.0,4.6076,204000.0,<1H OCEAN
5818,total_bedrooms,True,True,9.68750625,-117.38,33.67,9.0,13288.0,2728.0,7235.0,2350.0,3.375,131800.0,<1H OCEAN
5839,total_bedrooms,True,True,4.127096875,-121.32,38.63,20.0,7003.0,1409.0,3107.0,1315.0,3.0348,150500.0,INLAND
5840,total_bedrooms,True,True,4.093371875,-118.17,33.77,12.0,4409.0,1401.0,3068.0,1262.0,2.2808,154700.0,NEAR OCEAN
5874,total_bedrooms,True,True,4.46013125,-118.24,34.14,9.0,4877.0,1488.0,4486.0,1458.0,2.4421,222100.0,<1H OCEAN
5880,total_bedrooms,True,True,5.206296875,-117.2,34.24,22.0,8106.0,1665.0,1062.0,423.0,3.0434,137200.0,INLAND
5906,total_bedrooms,True,True,3.84465,-122.26,37.56,23.0,7283.0,1342.0,3399.0,1298.0,5.6683,391000.0,NEAR BAY
5908,total_bedrooms,True,False,3.406225,-116.38,34.2,14.0,4985.0,1238.0,2517.0,954.0,2.0674,65000.0,INLAND
5914,total_bedrooms,True,True,8.7516375,-116.95,32.83,14.0,12517.0,2506.0,6389.0,2333.0,3.3081,168700.0,<1H OCEAN
5982,total_bedrooms,True,True,4.39268125,-118.41,34.02,19.0,4702.0,1472.0,2636.0,1334.0,3.3955,225000.0,<1H OCEAN
5983,total_bedrooms,True,False,3.17015,-122.14,37.86,20.0,6201.0,1182.0,2415.0,1141.0,4.5744,314000.0,NEAR BAY
5988,total_bedrooms,True,False,3.24603125,-119.83,36.8,16.0,6101.0,1200.0,3407.0,1134.0,3.125,80800.0,INLAND
5994,total_bedrooms,True,True,5.788053124999999,-118.35,34.1,24.0,5477.0,1803.0,2863.0,1755.0,1.845,237500.0,<1H OCEAN
6024,total_bedrooms,True,False,3.136425,-117.98,33.67,7.0,5664.0,1174.0,2493.0,1101.0,5.8252,264700.0,<1H OCEAN
6029,total_bedrooms,True,True,4.37581875,-117.21,33.93,4.0,10002.0,1468.0,5439.0,1397.0,5.0223,152600.0,INLAND
6037,total_bedrooms,True,True,11.3147375,-120.59,34.7,29.0,17738.0,3114.0,12427.0,2826.0,2.7377,28300.0,NEAR OCEAN
6044,total_bedrooms,True,True,3.7476906249999997,-118.37,34.15,23.0,4604.0,1319.0,2391.0,1227.0,3.1373,263100.0,<1H OCEAN
6067,total_bedrooms,True,True,5.7838375,-117.5,34.12,2.0,11965.0,1802.0,4436.0,1296.0,5.285,191700.0,INLAND
6070,total_bedrooms,True,True,4.69620625,-117.75,33.54,21.0,8711.0,1544.0,3173.0,1396.0,5.0907,378200.0,<1H OCEAN
6077,total_bedrooms,True,True,3.562203125,-117.65,33.45,15.0,7468.0,1275.0,3033.0,1217.0,5.49,239300.0,NEAR OCEAN
6100,total_bedrooms,True,False,3.26289375,-121.99,39.15,17.0,6440.0,1204.0,3266.0,1142.0,2.7137,72000.0,INLAND
6133,total_bedrooms,True,False,3.4483812499999997,-121.98,37.82,18.0,9117.0,1248.0,3280.0,1167.0,8.003,351300.0,<1H OCEAN
6136,total_bedrooms,True,True,9.274375,-116.94,34.24,27.0,12342.0,2630.0,1300.0,566.0,1.998,153500.0,INLAND
6140,total_bedrooms,True,True,7.204503125,-118.52,34.26,21.0,8850.0,2139.0,4717.0,1979.0,3.7816,254200.0,<1H OCEAN
6142,total_bedrooms,True,True,5.973540625,-121.95,37.28,19.0,7027.0,1847.0,3759.0,1753.0,3.1509,242900.0,<1H OCEAN
6172,total_bedrooms,True,True,5.5309,-121.93,37.3,14.0,6277.0,1742.0,3025.0,1630.0,4.0653,234200.0,<1H OCEAN
6177,total_bedrooms,True,False,3.275540625,-121.89,37.68,12.0,7490.0,1207.0,3329.0,1136.0,6.3373,339700.0,<1H OCEAN
6206,total_bedrooms,True,False,3.359853125,-120.26,39.32,24.0,6012.0,1227.0,780.0,358.0,3.0043,122100.0,INLAND
6232,total_bedrooms,True,False,3.1448562499999997,-117.81,34.12,23.0,7063.0,1176.0,3100.0,1112.0,4.8229,192600.0,INLAND
6244,total_bedrooms,True,True,5.425509375,-122.34,37.96,15.0,6487.0,1717.0,3408.0,1560.0,2.1991,133300.0,NEAR BAY
6248,total_bedrooms,True,True,7.9085125000000005,-117.38,33.67,17.0,10145.0,2306.0,4776.0,1749.0,2.2423,132600.0,<1H OCEAN
6281,total_bedrooms,True,True,7.1665625,-117.46,33.9,10.0,9738.0,2130.0,4936.0,1840.0,3.3187,144800.0,INLAND
6297,total_bedrooms,True,True,4.6709125,-118.44,34.05,20.0,5943.0,1538.0,2492.0,1429.0,4.1141,305000.0,<1H OCEAN
6337,total_bedrooms,True,True,4.1313125,-116.94,33.77,14.0,7240.0,1410.0,2708.0,1240.0,2.4145,137600.0,INLAND
6342,total_bedrooms,True,True,3.6085749999999996,-121.02,37.62,14.0,5737.0,1286.0,4722.0,1210.0,1.6731,95800.0,INLAND
6358,total_bedrooms,True,True,14.008521875,-117.31,33.19,11.0,20944.0,3753.0,8738.0,3441.0,4.3762,215500.0,NEAR OCEAN
6382,total_bedrooms,True,True,4.4348374999999995,-118.5,34.02,28.0,5109.0,1482.0,2313.0,1451.0,3.3266,483300.0,<1H OCEAN
6387,total_bedrooms,True,True,4.295721875,-118.02,34.04,28.0,6175.0,1449.0,5041.0,1408.0,2.8821,158100.0,<1H OCEAN
6447,total_bedrooms,True,True,7.482734375,-116.95,33.79,8.0,10997.0,2205.0,5060.0,1949.0,2.1979,95300.0,INLAND
6468,total_bedrooms,True,False,3.4863218750000002,-121.96,38.33,3.0,7985.0,1257.0,3664.0,1215.0,4.976,158300.0,INLAND
6477,total_bedrooms,True,True,3.84465,-122.42,37.79,48.0,4506.0,1342.0,1980.0,1239.0,4.0156,500001.0,NEAR BAY
6497,total_bedrooms,True,True,4.10601875,-121.97,37.32,19.0,4620.0,1404.0,2672.0,1308.0,3.699,237500.0,<1H OCEAN
6501,total_bedrooms,True,False,3.203875,-121.3,38.11,5.0,5979.0,1190.0,2679.0,1084.0,4.196,171700.0,INLAND
6517,total_bedrooms,True,True,4.742578125,-118.17,34.67,5.0,8352.0,1555.0,3723.0,1389.0,4.5659,140300.0,INLAND
6528,total_bedrooms,True,False,3.2291687500000004,-122.25,37.82,26.0,3959.0,1196.0,1749.0,1217.0,3.0233,255000.0,NEAR BAY
6547,total_bedrooms,True,False,3.1785812499999997,-120.63,35.59,9.0,5782.0,1184.0,3026.0,1130.0,2.6528,113500.0,<1H OCEAN
6604,total_bedrooms,True,True,7.153915625000001,-116.91,33.75,13.0,10886.0,2127.0,4266.0,1955.0,2.3169,123400.0,INLAND
6608,total_bedrooms,True,True,3.6254374999999994,-118.33,33.96,24.0,6513.0,1290.0,2636.0,1271.0,4.2099,189800.0,<1H OCEAN
6613,total_bedrooms,True,True,4.481209375000001,-117.38,34.14,11.0,10804.0,1493.0,5221.0,1482.0,5.246,161400.0,INLAND
6630,total_bedrooms,True,True,3.6591625,-117.34,33.96,15.0,6437.0,1298.0,2805.0,1205.0,4.1883,184500.0,INLAND
6641,total_bedrooms,True,True,3.743475,-117.97,33.91,19.0,8096.0,1318.0,3853.0,1313.0,6.0076,269500.0,<1H OCEAN
6670,total_bedrooms,True,True,8.3806625,-119.25,34.21,12.0,15201.0,2418.0,7132.0,2251.0,5.6756,301800.0,NEAR OCEAN
6699,total_bedrooms,True,True,5.003946875,-117.2,33.07,5.0,10394.0,1617.0,4496.0,1553.0,5.9289,411300.0,NEAR OCEAN
6709,total_bedrooms,True,True,4.565521875,-121.79,36.68,22.0,6912.0,1513.0,3794.0,1455.0,3.0608,168300.0,<1H OCEAN
6713,total_bedrooms,True,True,3.5369093749999996,-118.31,34.06,30.0,3110.0,1269.0,2535.0,1218.0,1.6987,412500.0,<1H OCEAN
6742,total_bedrooms,True,True,7.128621875,-119.74,36.85,3.0,10425.0,2121.0,4432.0,1778.0,3.9032,140800.0,INLAND
6743,total_bedrooms,True,False,3.3387749999999996,-116.26,33.65,3.0,7437.0,1222.0,574.0,302.0,10.2948,382400.0,INLAND
6752,total_bedrooms,True,True,6.778725,-118.45,34.16,22.0,7828.0,2038.0,3303.0,1922.0,3.6171,318300.0,<1H OCEAN
6760,total_bedrooms,True,True,3.6423,-121.99,37.56,20.0,6462.0,1294.0,3288.0,1235.0,4.3393,231200.0,<1H OCEAN
6774,total_bedrooms,True,True,4.143959375,-117.15,33.45,4.0,9089.0,1413.0,3886.0,1243.0,4.6904,174200.0,<1H OCEAN
6801,total_bedrooms,True,False,3.2586781250000003,-118.3,34.06,23.0,2512.0,1203.0,3720.0,1118.0,1.7896,322200.0,<1H OCEAN
6833,total_bedrooms,True,True,3.705534375,-122.07,37.69,31.0,5914.0,1309.0,2999.0,1295.0,3.0964,190500.0,NEAR BAY
6834,total_bedrooms,True,True,4.42640625,-118.4,34.28,16.0,6573.0,1480.0,6161.0,1473.0,3.3304,154900.0,<1H OCEAN
6841,total_bedrooms,True,True,4.093371875,-121.28,38.66,17.0,7741.0,1401.0,3153.0,1331.0,3.7869,216100.0,INLAND
6844,total_bedrooms,True,True,5.551978125,-117.89,33.78,16.0,6352.0,1747.0,5085.0,1649.0,2.8835,193800.0,<1H OCEAN
6863,total_bedrooms,True,True,5.113553125,-121.24,38.82,5.0,12259.0,1643.0,4819.0,1582.0,5.4498,217300.0,INLAND
6866,total_bedrooms,True,True,5.6615843749999994,-118.14,33.87,21.0,6618.0,1773.0,4396.0,1649.0,3.0989,171400.0,<1H OCEAN
6895,total_bedrooms,True,False,3.43151875,-117.45,34.11,7.0,6356.0,1244.0,4052.0,1164.0,2.9112,121700.0,INLAND
6897,total_bedrooms,True,True,8.629384374999999,-122.26,37.8,36.0,5329.0,2477.0,3469.0,2323.0,2.0096,130000.0,NEAR BAY
6923,total_bedrooms,True,True,5.121984375,-118.1,34.14,26.0,6262.0,1645.0,3001.0,1505.0,3.6572,213200.0,<1H OCEAN
6924,total_bedrooms,True,True,3.7392593749999996,-118.58,34.21,13.0,6227.0,1317.0,3739.0,1226.0,4.0313,299300.0,<1H OCEAN
6938,total_bedrooms,True,True,4.74679375,-122.06,37.85,17.0,7475.0,1556.0,2092.0,1449.0,3.6437,186500.0,NEAR BAY
6945,total_bedrooms,True,False,3.435734375,-118.42,33.99,23.0,5548.0,1245.0,2847.0,1229.0,4.4228,366900.0,<1H OCEAN
6956,total_bedrooms,True,True,19.084134374999998,-117.12,33.52,4.0,30401.0,4957.0,13251.0,4339.0,4.5841,212300.0,<1H OCEAN
6959,total_bedrooms,True,True,10.087990625,-118.14,34.14,24.0,10239.0,2823.0,4210.0,2565.0,3.6997,225000.0,<1H OCEAN
6974,total_bedrooms,True,False,3.2123062499999997,-118.44,34.05,18.0,4780.0,1192.0,1886.0,1036.0,4.4674,500001.0,<1H OCEAN
6984,total_bedrooms,True,True,3.9669031249999995,-116.48,33.84,5.0,5480.0,1371.0,1050.0,485.0,1.7204,137500.0,INLAND
6992,total_bedrooms,True,False,3.2502468749999998,-121.84,37.18,6.0,9176.0,1201.0,3637.0,1138.0,8.3837,473400.0,<1H OCEAN
7025,total_bedrooms,True,False,3.46524375,-121.54,38.58,30.0,4648.0,1252.0,2524.0,1089.0,1.3177,74300.0,INLAND
7045,total_bedrooms,True,True,4.405328125,-120.67,37.97,9.0,7450.0,1475.0,2233.0,930.0,2.6528,133000.0,INLAND
7050,total_bedrooms,True,True,10.248184375,-122.07,37.52,3.0,14014.0,2861.0,7205.0,2753.0,6.0824,273500.0,NEAR BAY
7056,total_bedrooms,True,True,3.9121,-118.45,34.16,22.0,4982.0,1358.0,2237.0,1220.0,3.7105,272600.0,<1H OCEAN
7059,total_bedrooms,True,True,3.713965625,-117.57,34.02,5.0,6933.0,1311.0,3845.0,1285.0,4.6727,158900.0,INLAND
7067,total_bedrooms,True,False,3.36406875,-116.14,34.22,32.0,3298.0,1228.0,763.0,360.0,1.875,47800.0,INLAND
7081,total_bedrooms,True,True,4.021706249999999,-119.71,36.77,11.0,5112.0,1384.0,2487.0,1243.0,2.1461,75900.0,INLAND
7083,total_bedrooms,True,True,6.2011843749999995,-119.07,35.33,13.0,9027.0,1901.0,4870.0,1797.0,3.406,100700.0,INLAND
7094,total_bedrooms,True,False,3.4821062499999997,-117.19,33.7,24.0,5783.0,1256.0,1990.0,1151.0,1.9014,83500.0,<1H OCEAN
7105,total_bedrooms,True,True,5.53933125,-117.27,33.92,13.0,8443.0,1744.0,4885.0,1470.0,3.0907,127200.0,INLAND
7117,total_bedrooms,True,False,3.09426875,-118.54,34.24,24.0,4631.0,1164.0,2360.0,1083.0,3.0977,264000.0,<1H OCEAN
7152,total_bedrooms,True,True,7.777828124999999,-122.27,37.97,10.0,15259.0,2275.0,7266.0,2338.0,6.0666,272400.0,NEAR BAY
7153,total_bedrooms,True,True,3.86994375,-120.93,37.66,10.0,7566.0,1348.0,3227.0,1199.0,4.744,148100.0,INLAND
7182,total_bedrooms,True,True,4.0638625,-118.41,34.03,26.0,4376.0,1394.0,2435.0,1250.0,2.8418,327300.0,<1H OCEAN
7183,total_bedrooms,True,True,3.541125,-122.27,37.77,23.0,5679.0,1270.0,2690.0,1151.0,4.7695,291700.0,NEAR BAY
7203,total_bedrooms,True,True,5.86815,-118.19,34.67,8.0,11275.0,1822.0,5731.0,1692.0,5.0285,167900.0,INLAND
7204,total_bedrooms,True,True,5.20208125,-118.52,34.25,11.0,7849.0,1664.0,3561.0,1500.0,4.6625,290900.0,<1H OCEAN
7222,total_bedrooms,True,True,3.92053125,-118.35,34.06,52.0,3446.0,1360.0,1768.0,1245.0,2.4722,500001.0,<1H OCEAN
7249,total_bedrooms,True,True,14.817921875,-118.55,34.41,8.0,21086.0,3945.0,9936.0,3790.0,5.8602,265100.0,<1H OCEAN
7255,total_bedrooms,True,True,4.295721875,-117.83,33.87,5.0,6971.0,1449.0,3521.0,1423.0,5.2131,243900.0,<1H OCEAN
7262,total_bedrooms,True,True,3.705534375,-122.42,40.57,10.0,7949.0,1309.0,3176.0,1163.0,4.1099,120100.0,INLAND
7374,total_bedrooms,True,True,10.05005,-118.46,34.23,19.0,9902.0,2814.0,7307.0,2660.0,2.585,145400.0,<1H OCEAN
7382,total_bedrooms,True,True,14.982331249999998,-118.43,33.96,16.0,14891.0,3984.0,6270.0,3595.0,5.1064,283200.0,<1H OCEAN
7391,total_bedrooms,True,True,9.603193749999999,-122.04,37.58,14.0,14917.0,2708.0,8012.0,2606.0,5.6277,269800.0,NEAR BAY
7414,total_bedrooms,True,True,6.2011843749999995,-114.47,34.4,19.0,7650.0,1901.0,1129.0,463.0,1.82,80100.0,INLAND
7425,total_bedrooms,True,True,12.832362499999999,-116.99,33.73,13.0,16148.0,3474.0,6159.0,3232.0,1.9961,97800.0,INLAND
7435,total_bedrooms,True,True,6.2559875,-122.26,37.81,34.0,5871.0,1914.0,2689.0,1789.0,2.8406,335700.0,NEAR BAY
7460,total_bedrooms,True,False,3.11113125,-118.45,34.22,24.0,3442.0,1168.0,4625.0,1097.0,2.0699,183000.0,<1H OCEAN
7465,total_bedrooms,True,True,6.534218749999999,-121.67,36.66,19.0,9371.0,1980.0,4259.0,1882.0,3.6875,189700.0,<1H OCEAN
7474,total_bedrooms,True,True,5.91030625,-117.36,34.08,4.0,8866.0,1832.0,4775.0,1554.0,3.7348,125800.0,INLAND
7489,total_bedrooms,True,True,4.15660625,-121.06,38.91,18.0,6501.0,1416.0,2954.0,1373.0,2.5373,143000.0,INLAND
7535,total_bedrooms,True,True,4.7383625,-122.27,37.74,28.0,6909.0,1554.0,2974.0,1484.0,3.6875,353900.0,NEAR BAY
7556,total_bedrooms,True,True,5.922953125,-117.51,34.02,24.0,7779.0,1835.0,3996.0,1765.0,2.1764,135300.0,INLAND
7574,total_bedrooms,True,False,3.11113125,-118.27,34.06,17.0,2124.0,1168.0,3915.0,1137.0,1.1346,137500.0,<1H OCEAN
7577,total_bedrooms,True,True,4.127096875,-120.22,39.2,22.0,8259.0,1409.0,845.0,353.0,3.3699,244000.0,INLAND
7610,total_bedrooms,True,False,3.17015,-117.92,33.73,14.0,5147.0,1182.0,3171.0,1126.0,3.9929,225800.0,<1H OCEAN
7614,total_bedrooms,True,True,10.783568749999999,-117.3,33.22,4.0,14960.0,2988.0,6666.0,2612.0,3.7568,184100.0,NEAR OCEAN
7620,total_bedrooms,True,True,5.396,-118.35,33.82,28.0,7591.0,1710.0,3420.0,1635.0,4.0708,328900.0,<1H OCEAN
7623,total_bedrooms,True,True,4.24935,-118.25,34.06,12.0,4011.0,1438.0,1673.0,1088.0,5.3081,287500.0,<1H OCEAN
7641,total_bedrooms,True,True,4.009059375,-122.44,37.75,28.0,4930.0,1381.0,2232.0,1321.0,4.3232,316200.0,NEAR BAY
7647,total_bedrooms,True,False,3.406225,-116.89,33.86,2.0,6900.0,1238.0,1950.0,980.0,3.0417,146300.0,INLAND
7648,total_bedrooms,True,True,5.9524625,-117.33,33.9,2.0,12837.0,1842.0,4636.0,1453.0,5.1512,187800.0,INLAND
7649,total_bedrooms,True,True,3.545340625,-118.43,34.2,20.0,4090.0,1271.0,2824.0,1053.0,2.773,140500.0,<1H OCEAN
7653,total_bedrooms,True,True,4.9913,-118.12,34.06,17.0,5137.0,1614.0,4945.0,1535.0,2.4599,181600.0,<1H OCEAN
7667,total_bedrooms,True,False,3.402009375,-117.07,33.11,17.0,5565.0,1237.0,3004.0,1139.0,3.0054,142300.0,<1H OCEAN
7684,total_bedrooms,True,True,3.899453125,-122.42,37.8,52.0,4985.0,1355.0,1848.0,1255.0,4.9211,500001.0,NEAR BAY
7692,total_bedrooms,True,True,5.59835,-117.21,33.71,16.0,8476.0,1758.0,2711.0,1427.0,2.1848,97900.0,<1H OCEAN
7712,total_bedrooms,True,True,3.570634375,-118.27,33.84,24.0,6303.0,1277.0,3728.0,1252.0,3.9227,208600.0,<1H OCEAN
7767,total_bedrooms,True,True,4.4011125,-122.39,37.8,25.0,4561.0,1474.0,1525.0,1169.0,4.5581,500001.0,NEAR BAY
7783,total_bedrooms,True,True,8.308996875,-116.99,33.75,18.0,9601.0,2401.0,4002.0,2106.0,1.4366,77000.0,INLAND
7788,total_bedrooms,True,False,3.1153468749999997,-118.31,34.19,27.0,4713.0,1169.0,2372.0,1077.0,3.7015,287900.0,<1H OCEAN
7817,total_bedrooms,True,False,3.317696875,-117.09,32.55,8.0,6533.0,1217.0,4797.0,1177.0,3.9583,144400.0,NEAR OCEAN
7832,total_bedrooms,True,True,4.843753125,-118.01,34.15,32.0,6597.0,1579.0,3689.0,1459.0,3.2377,184100.0,INLAND
7853,total_bedrooms,True,False,3.3893625,-122.07,38.27,8.0,6761.0,1234.0,3237.0,1177.0,4.3586,173400.0,INLAND
7857,total_bedrooms,True,True,3.8067093749999996,-117.7,33.92,4.0,8301.0,1333.0,3941.0,1236.0,6.2141,252200.0,<1H OCEAN
7860,total_bedrooms,True,True,4.599246875,-122.07,37.93,25.0,7201.0,1521.0,3264.0,1433.0,3.7433,252100.0,NEAR BAY
7885,total_bedrooms,True,True,5.973540625,-121.06,37.7,7.0,9374.0,1847.0,4827.0,1722.0,3.462,151900.0,INLAND
7920,total_bedrooms,True,True,10.918468749999999,-122.31,37.5,22.0,14034.0,3020.0,6266.0,2952.0,4.3939,491200.0,NEAR OCEAN
7937,total_bedrooms,True,True,10.1006375,-121.95,37.78,4.0,14652.0,2826.0,5613.0,2579.0,6.3942,356700.0,<1H OCEAN
7948,total_bedrooms,True,True,4.181900000000001,-122.06,37.91,15.0,5393.0,1422.0,2133.0,1288.0,4.1612,232800.0,NEAR BAY
7950,total_bedrooms,True,True,3.815140625,-117.02,33.81,10.0,6317.0,1335.0,2625.0,1094.0,2.3,108900.0,INLAND
7968,total_bedrooms,True,False,3.34720625,-118.16,33.94,25.0,5675.0,1224.0,3317.0,1119.0,3.9352,232900.0,<1H OCEAN
7970,total_bedrooms,True,True,5.0418875,-118.34,33.78,25.0,11016.0,1626.0,4168.0,1584.0,8.1782,500001.0,NEAR OCEAN
7977,total_bedrooms,True,True,15.821240624999998,-118.6,34.19,16.0,14912.0,4183.0,5105.0,3302.0,2.8312,213900.0,<1H OCEAN
7978,total_bedrooms,True,True,9.38398125,-116.94,32.78,17.0,13559.0,2656.0,6990.0,2533.0,3.434,193200.0,<1H OCEAN
7985,total_bedrooms,True,True,4.666696875,-118.38,33.77,21.0,11353.0,1537.0,4649.0,1504.0,9.821,500001.0,NEAR OCEAN
7994,total_bedrooms,True,False,3.4821062499999997,-117.67,34.09,17.0,4418.0,1256.0,2417.0,1094.0,2.7266,101000.0,INLAND
7998,total_bedrooms,True,True,3.51583125,-118.45,34.06,20.0,3367.0,1264.0,2667.0,1131.0,2.2444,500000.0,<1H OCEAN
8000,total_bedrooms,True,True,21.250965625,-117.74,33.89,4.0,37937.0,5471.0,16122.0,5189.0,7.4947,366300.0,<1H OCEAN
8006,total_bedrooms,True,True,3.6675937499999995,-118.7,35.82,20.0,4642.0,1300.0,658.0,247.0,2.3937,82100.0,INLAND
8065,total_bedrooms,True,False,3.4273031250000003,-121.35,38.61,25.0,4916.0,1243.0,2140.0,1136.0,2.5511,134100.0,INLAND
8076,total_bedrooms,True,True,3.5242625,-116.44,33.93,17.0,5293.0,1266.0,1201.0,599.0,1.6849,88400.0,INLAND
8114,total_bedrooms,True,True,6.0199125,-118.55,34.03,35.0,9075.0,1858.0,3646.0,1724.0,6.0307,500001.0,<1H OCEAN
8125,total_bedrooms,True,False,3.418871875,-121.54,36.7,12.0,6758.0,1241.0,3918.0,1100.0,3.525,201700.0,<1H OCEAN
8133,total_bedrooms,True,True,7.115975000000001,-122.46,37.59,21.0,12902.0,2118.0,6160.0,2082.0,5.7653,325800.0,NEAR OCEAN
8150,total_bedrooms,True,True,4.068078125,-116.51,33.96,16.0,4913.0,1395.0,2518.0,1132.0,1.4665,61100.0,INLAND
8163,total_bedrooms,True,True,5.0334562499999995,-117.84,34.1,17.0,7836.0,1624.0,4419.0,1526.0,3.8465,180700.0,<1H OCEAN
8165,total_bedrooms,True,True,4.57816875,-117.39,34.1,12.0,7184.0,1516.0,4862.0,1235.0,2.4492,103800.0,INLAND
8174,total_bedrooms,True,True,4.675128125,-121.42,38.5,24.0,7740.0,1539.0,4333.0,1397.0,3.025,87900.0,INLAND
8190,total_bedrooms,True,True,3.7856312500000002,-118.35,33.95,28.0,4770.0,1328.0,3201.0,1196.0,2.681,147700.0,<1H OCEAN
8204,total_bedrooms,True,False,3.444165625,-122.44,37.75,21.0,5457.0,1247.0,2304.0,1180.0,4.5469,409700.0,NEAR BAY
8215,total_bedrooms,True,True,7.8073375,-121.38,38.47,4.0,14418.0,2282.0,6578.0,2140.0,4.5604,145900.0,INLAND
8222,total_bedrooms,True,False,3.4230875,-117.35,33.98,31.0,4163.0,1242.0,3928.0,1076.0,1.6943,85900.0,INLAND
8227,total_bedrooms,True,False,3.2966187499999995,-122.3,37.9,15.0,5083.0,1212.0,2420.0,1146.0,4.5824,256100.0,NEAR BAY
8235,total_bedrooms,True,True,6.7112750000000005,-118.36,33.81,25.0,9042.0,2022.0,4458.0,1944.0,4.5592,378800.0,<1H OCEAN
8242,total_bedrooms,True,True,3.7771999999999997,-116.23,33.72,32.0,4981.0,1326.0,3779.0,1186.0,1.7805,76900.0,INLAND
8249,total_bedrooms,True,True,4.30836875,-118.45,34.07,13.0,4284.0,1452.0,3806.0,1252.0,1.3125,350000.0,<1H OCEAN
8290,total_bedrooms,True,True,3.7561218750000003,-119.06,34.22,13.0,4175.0,1321.0,2257.0,1271.0,3.1446,177100.0,<1H OCEAN
8301,total_bedrooms,True,True,8.705265625,-117.73,33.57,5.0,11976.0,2495.0,4327.0,2009.0,4.8488,194400.0,<1H OCEAN
8338,total_bedrooms,True,True,3.958471875,-119.02,35.3,10.0,7397.0,1369.0,4611.0,1310.0,3.6369,81600.0,INLAND
8360,total_bedrooms,True,True,4.5360125,-118.61,34.25,16.0,8295.0,1506.0,3903.0,1451.0,5.5111,276600.0,<1H OCEAN
8364,total_bedrooms,True,True,6.167459375,-122.0,38.25,7.0,11768.0,1893.0,6657.0,1874.0,4.9222,142900.0,INLAND
8384,total_bedrooms,True,False,3.1237781250000003,-121.59,37.01,16.0,6637.0,1171.0,3575.0,1162.0,4.3227,251500.0,INLAND
8426,total_bedrooms,True,False,3.174365625,-122.19,37.46,34.0,5419.0,1183.0,2002.0,1138.0,4.1985,500001.0,NEAR BAY
8429,total_bedrooms,True,True,8.663109375000001,-121.66,36.69,6.0,10613.0,2485.0,7249.0,2375.0,3.7912,168900.0,<1H OCEAN
8433,total_bedrooms,True,True,9.1563375,-117.95,33.98,15.0,16042.0,2602.0,7732.0,2552.0,5.6716,330400.0,<1H OCEAN
8438,total_bedrooms,True,True,3.503184375,-118.17,33.78,23.0,3768.0,1261.0,3940.0,1098.0,1.9647,186200.0,NEAR OCEAN
8439,total_bedrooms,True,True,4.080724999999999,-117.91,33.77,26.0,5556.0,1398.0,4545.0,1333.0,3.0902,190400.0,<1H OCEAN
8473,total_bedrooms,True,True,7.5628312499999995,-116.24,33.71,10.0,9033.0,2224.0,5525.0,1845.0,2.7598,95000.0,INLAND
8488,total_bedrooms,True,True,4.00484375,-117.29,34.41,11.0,5934.0,1380.0,2756.0,1239.0,1.5758,108300.0,INLAND
8504,total_bedrooms,True,True,3.9795499999999997,-122.06,37.63,12.0,6711.0,1374.0,3388.0,1289.0,3.8625,208900.0,NEAR BAY
8550,total_bedrooms,True,True,5.379137500000001,-118.02,33.72,22.0,8844.0,1706.0,4404.0,1594.0,4.4453,267800.0,<1H OCEAN
8618,total_bedrooms,True,False,3.3387749999999996,-121.86,37.29,14.0,6160.0,1222.0,2472.0,1204.0,4.1444,178400.0,<1H OCEAN
8660,total_bedrooms,True,True,4.54444375,-118.09,33.77,26.0,5359.0,1508.0,1829.0,1393.0,1.7675,61300.0,<1H OCEAN
8661,total_bedrooms,True,False,3.11113125,-118.07,33.83,17.0,4822.0,1168.0,3868.0,1117.0,2.5978,142900.0,<1H OCEAN
8663,total_bedrooms,True,True,4.472778125,-117.59,33.91,7.0,10223.0,1491.0,5205.0,1509.0,5.4872,203400.0,INLAND
8735,total_bedrooms,True,True,4.25778125,-118.43,34.11,27.0,10806.0,1440.0,3511.0,1352.0,12.7296,500001.0,<1H OCEAN
8741,total_bedrooms,True,True,3.545340625,-117.56,34.12,4.0,6956.0,1271.0,3455.0,1228.0,4.7193,178700.0,INLAND
8747,total_bedrooms,True,True,6.593237499999999,-119.05,35.3,9.0,10822.0,1994.0,6241.0,1906.0,4.0631,88200.0,INLAND
8766,total_bedrooms,True,False,3.444165625,-121.97,37.55,17.0,4924.0,1247.0,3080.0,1182.0,3.168,189400.0,<1H OCEAN
8798,total_bedrooms,True,False,3.165934375,-117.36,33.92,7.0,9376.0,1181.0,3570.0,1107.0,8.5326,315200.0,INLAND
8816,total_bedrooms,True,True,3.545340625,-118.05,33.72,22.0,5416.0,1271.0,2260.0,1184.0,3.8038,174500.0,<1H OCEAN
8832,total_bedrooms,True,True,5.3454125,-120.93,35.76,11.0,8997.0,1698.0,1825.0,756.0,3.23,154300.0,<1H OCEAN
8854,total_bedrooms,True,True,3.57485,-119.02,37.64,14.0,5919.0,1278.0,265.0,112.0,3.2431,221400.0,INLAND
8857,total_bedrooms,True,False,3.3682843749999996,-116.5,33.81,26.0,5032.0,1229.0,3086.0,1183.0,2.5399,94800.0,INLAND
8884,total_bedrooms,True,True,3.899453125,-121.04,37.69,9.0,6333.0,1355.0,3265.0,1265.0,3.0217,160900.0,INLAND
8898,total_bedrooms,True,True,3.7392593749999996,-118.55,34.39,16.0,8726.0,1317.0,3789.0,1279.0,6.8419,323300.0,<1H OCEAN
8949,total_bedrooms,True,True,6.766078125,-117.67,33.67,5.0,10534.0,2035.0,4656.0,1863.0,5.7797,309200.0,<1H OCEAN
8972,total_bedrooms,True,True,3.7561218750000003,-118.45,34.04,23.0,3771.0,1321.0,2031.0,1241.0,2.7679,277500.0,<1H OCEAN
8981,total_bedrooms,True,True,5.551978125,-117.37,34.59,39.0,8193.0,1747.0,6852.0,1597.0,2.3832,35000.0,INLAND
9007,total_bedrooms,True,True,4.8395375000000005,-118.02,34.14,31.0,6854.0,1578.0,4131.0,1524.0,3.5878,222800.0,INLAND
9008,total_bedrooms,True,True,13.523724999999999,-118.34,33.91,12.0,9975.0,3638.0,7429.0,3405.0,2.6689,192300.0,<1H OCEAN
9019,total_bedrooms,True,True,5.121984375,-122.42,37.78,19.0,4065.0,1645.0,2079.0,1470.0,3.1462,187500.0,NEAR BAY
9025,total_bedrooms,True,True,4.649834374999999,-118.31,34.06,47.0,3038.0,1533.0,4225.0,1472.0,1.6725,187500.0,<1H OCEAN
9027,total_bedrooms,True,False,3.376715625,-118.29,33.88,21.0,4946.0,1231.0,3186.0,1167.0,3.3281,237000.0,<1H OCEAN
9051,total_bedrooms,True,True,7.790474999999999,-117.71,33.97,10.0,10856.0,2278.0,6474.0,2199.0,3.851,137200.0,INLAND
9061,total_bedrooms,True,True,3.916315625,-122.08,37.87,24.0,6130.0,1359.0,1750.0,1286.0,2.9167,102700.0,NEAR BAY
9092,total_bedrooms,True,True,5.307471875,-117.84,33.64,11.0,6840.0,1689.0,6083.0,1629.0,2.4132,198300.0,<1H OCEAN
9095,total_bedrooms,True,True,5.712171875,-121.86,39.76,19.0,7254.0,1785.0,4030.0,1667.0,2.0094,87300.0,INLAND
9100,total_bedrooms,True,True,4.9069875,-118.48,34.19,20.0,5699.0,1594.0,3809.0,1381.0,2.8646,221100.0,<1H OCEAN
9101,total_bedrooms,True,True,3.6380843749999996,-119.16,34.23,26.0,5444.0,1293.0,3700.0,1158.0,2.7556,213200.0,NEAR OCEAN
9147,total_bedrooms,True,True,7.1370531249999996,-122.56,38.09,17.0,9614.0,2123.0,4684.0,2060.0,4.1705,209800.0,NEAR BAY
9181,total_bedrooms,True,True,4.3336625,-116.98,32.62,6.0,7995.0,1458.0,4771.0,1376.0,4.7068,184300.0,NEAR OCEAN
9191,total_bedrooms,True,True,5.564625,-118.18,33.74,30.0,5915.0,1750.0,2136.0,1503.0,4.0968,310000.0,NEAR OCEAN
9194,total_bedrooms,True,True,4.1650374999999995,-117.04,32.99,6.0,9518.0,1418.0,4413.0,1275.0,6.6012,314900.0,<1H OCEAN
9197,total_bedrooms,True,False,3.334559375,-118.1,33.88,18.0,8046.0,1221.0,4276.0,1228.0,6.5515,319600.0,<1H OCEAN
9213,total_bedrooms,True,True,6.618531249999999,-117.7,33.62,16.0,9653.0,2000.0,4732.0,1922.0,3.7361,197200.0,<1H OCEAN
9244,total_bedrooms,True,True,3.520046875,-118.68,34.28,5.0,6150.0,1265.0,3188.0,1266.0,4.7034,223000.0,<1H OCEAN
9253,total_bedrooms,True,True,6.593237499999999,-118.54,34.18,17.0,7214.0,1994.0,4100.0,1823.0,3.0943,174500.0,<1H OCEAN
9287,total_bedrooms,True,True,4.47699375,-122.03,37.56,24.0,8444.0,1492.0,4446.0,1491.0,4.6978,240300.0,NEAR BAY
9292,total_bedrooms,True,True,6.024128125,-116.37,33.72,17.0,8626.0,1859.0,3497.0,1337.0,3.312,121300.0,INLAND
9322,total_bedrooms,True,True,3.5116156249999997,-118.31,34.09,30.0,3165.0,1263.0,3678.0,1141.0,2.0,240600.0,<1H OCEAN
9325,total_bedrooms,True,True,8.308996875,-119.74,36.8,18.0,10862.0,2401.0,5466.0,2209.0,2.4678,74300.0,INLAND
9339,total_bedrooms,True,False,3.191228125,-117.17,33.66,2.0,7401.0,1187.0,2826.0,839.0,4.1386,177300.0,<1H OCEAN
9351,total_bedrooms,True,True,4.88169375,-121.92,37.49,10.0,7441.0,1588.0,3571.0,1466.0,5.1643,193100.0,<1H OCEAN
9415,total_bedrooms,True,True,3.562203125,-118.52,34.39,21.0,5477.0,1275.0,3384.0,1222.0,3.6625,228100.0,<1H OCEAN
9462,total_bedrooms,True,False,3.1195625,-118.36,34.09,33.0,3463.0,1170.0,1845.0,1134.0,2.0205,243800.0,<1H OCEAN
9496,total_bedrooms,True,False,3.4694593750000005,-118.37,34.09,22.0,4247.0,1253.0,1766.0,1170.0,3.1517,341700.0,<1H OCEAN
9527,total_bedrooms,True,True,14.767334374999999,-117.27,33.23,5.0,20908.0,3933.0,9690.0,3510.0,4.1405,198500.0,<1H OCEAN
9536,total_bedrooms,True,True,5.40443125,-121.98,37.34,18.0,6649.0,1712.0,3604.0,1651.0,4.5368,307400.0,<1H OCEAN
9542,total_bedrooms,True,True,4.148175,-122.25,37.81,29.0,4656.0,1414.0,2304.0,1250.0,2.4912,257800.0,NEAR BAY
9552,total_bedrooms,True,True,5.096690625,-122.07,37.98,12.0,6915.0,1639.0,2940.0,1468.0,4.0154,186100.0,NEAR BAY
9556,total_bedrooms,True,False,3.3977937499999995,-122.16,38.07,14.0,6360.0,1236.0,2876.0,1127.0,4.5321,190300.0,NEAR BAY
9579,total_bedrooms,True,True,4.885909375,-119.09,34.24,17.0,10214.0,1589.0,3409.0,1327.0,5.3806,452100.0,<1H OCEAN
9589,total_bedrooms,True,True,10.36200625,-117.04,33.15,15.0,13814.0,2888.0,6583.0,2789.0,2.8247,150000.0,<1H OCEAN
9597,total_bedrooms,True,True,3.53269375,-117.76,33.79,4.0,8974.0,1268.0,3754.0,1241.0,8.2653,374000.0,<1H OCEAN
9598,total_bedrooms,True,True,7.508028125,-122.04,37.39,5.0,8745.0,2211.0,3959.0,2019.0,4.7685,280100.0,<1H OCEAN
9610,total_bedrooms,True,True,13.70078125,-118.35,33.84,22.0,13133.0,3680.0,7180.0,3522.0,3.5414,354700.0,<1H OCEAN
9620,total_bedrooms,True,False,3.17015,-117.2,33.29,12.0,6358.0,1182.0,2778.0,1020.0,4.0357,295900.0,<1H OCEAN
9626,total_bedrooms,True,True,3.7519062499999998,-121.39,38.6,22.0,5773.0,1320.0,2607.0,1250.0,2.5238,118800.0,INLAND
9627,total_bedrooms,True,True,7.086465625,-117.31,34.05,6.0,7423.0,2111.0,4092.0,1789.0,2.7002,88300.0,INLAND
9628,total_bedrooms,True,True,5.096690625,-121.04,37.69,5.0,9601.0,1639.0,4449.0,1575.0,4.5332,195500.0,INLAND
9654,total_bedrooms,True,True,4.08915625,-121.36,38.69,13.0,6850.0,1400.0,4251.0,1421.0,3.6989,93300.0,INLAND
9683,total_bedrooms,True,True,3.6802406249999997,-117.53,34.06,18.0,5605.0,1303.0,4028.0,1145.0,2.9386,116400.0,INLAND
9685,total_bedrooms,True,True,3.6971031250000004,-118.38,34.08,25.0,4625.0,1307.0,1739.0,1191.0,3.3989,485000.0,<1H OCEAN
9690,total_bedrooms,True,True,5.227375,-119.71,36.74,18.0,8099.0,1670.0,4476.0,1514.0,2.4728,88300.0,INLAND
9707,total_bedrooms,True,True,3.9373937499999996,-121.99,37.77,14.0,8213.0,1364.0,3283.0,1286.0,5.1755,294800.0,<1H OCEAN
9710,total_bedrooms,True,True,3.5073999999999996,-118.17,33.77,25.0,4405.0,1262.0,2178.0,1090.0,3.0503,225000.0,NEAR OCEAN
9728,total_bedrooms,True,True,8.2794875,-122.22,38.07,4.0,15654.0,2394.0,7025.0,2168.0,5.8171,225200.0,NEAR BAY
9761,total_bedrooms,True,True,8.97085,-122.05,37.92,14.0,12713.0,2558.0,4741.0,2412.0,4.7094,234700.0,NEAR BAY
9771,total_bedrooms,True,True,5.691093749999999,-118.03,34.58,4.0,9849.0,1780.0,4546.0,1598.0,4.0729,154300.0,INLAND
9773,total_bedrooms,True,True,4.160821875,-121.98,38.39,3.0,9488.0,1417.0,4095.0,1335.0,5.1781,191900.0,INLAND
9809,total_bedrooms,True,False,3.2123062499999997,-119.04,34.24,20.0,7794.0,1192.0,4169.0,1188.0,5.9316,311900.0,<1H OCEAN
9813,total_bedrooms,True,True,4.5402281250000005,-121.36,38.67,5.0,5819.0,1507.0,3237.0,1356.0,2.2339,116600.0,INLAND
9818,total_bedrooms,True,True,3.7476906249999997,-120.66,35.26,15.0,5540.0,1319.0,2383.0,1165.0,2.2656,226200.0,NEAR OCEAN
9829,total_bedrooms,True,True,4.0301375,-121.83,37.3,16.0,5684.0,1386.0,4203.0,1318.0,3.1964,185800.0,<1H OCEAN
9834,total_bedrooms,True,True,4.413759375,-118.47,34.2,25.0,4590.0,1477.0,2723.0,1195.0,2.7118,281700.0,<1H OCEAN
9849,total_bedrooms,True,True,4.3168,-121.98,36.99,14.0,6787.0,1454.0,3416.0,1357.0,3.5943,262400.0,NEAR OCEAN
9869,total_bedrooms,True,True,5.691093749999999,-116.54,33.79,18.0,9374.0,1780.0,1678.0,919.0,3.9737,235600.0,INLAND
9875,total_bedrooms,True,True,5.349628125,-117.03,32.79,17.0,7352.0,1699.0,3331.0,1634.0,2.7006,166300.0,<1H OCEAN
9883,total_bedrooms,True,True,4.700421875,-117.29,34.49,3.0,7689.0,1545.0,3804.0,1399.0,3.3871,111800.0,INLAND
9891,total_bedrooms,True,True,6.879899999999999,-117.72,33.97,16.0,13290.0,2062.0,6931.0,2023.0,5.228,187800.0,<1H OCEAN
9909,total_bedrooms,True,False,3.33034375,-121.5,38.58,20.0,4018.0,1220.0,1570.0,1122.0,2.5821,125000.0,INLAND
9917,total_bedrooms,True,True,4.10601875,-122.12,38.0,20.0,6992.0,1404.0,3221.0,1334.0,4.2042,166400.0,NEAR BAY
9920,total_bedrooms,True,True,3.545340625,-118.21,34.1,47.0,5077.0,1271.0,3348.0,1106.0,3.0377,186800.0,<1H OCEAN
9955,total_bedrooms,True,True,3.5579875000000003,-122.1,37.41,33.0,6277.0,1274.0,3025.0,1211.0,5.4721,343300.0,NEAR BAY
9956,total_bedrooms,True,False,3.4483812499999997,-118.31,34.07,20.0,3264.0,1248.0,2919.0,1191.0,2.3674,500001.0,<1H OCEAN
9958,total_bedrooms,True,True,4.0975875,-116.97,32.83,17.0,6659.0,1402.0,3183.0,1378.0,2.949,117300.0,<1H OCEAN
9975,total_bedrooms,True,False,3.385146875,-118.94,34.24,5.0,10018.0,1233.0,4253.0,1120.0,8.9063,500001.0,<1H OCEAN
9977,total_bedrooms,True,False,3.165934375,-121.82,38.46,10.0,6331.0,1181.0,3419.0,1110.0,3.7083,154800.0,INLAND
10001,total_bedrooms,True,True,4.363171875,-117.23,32.88,18.0,5566.0,1465.0,6303.0,1458.0,1.858,205000.0,NEAR OCEAN
10020,total_bedrooms,True,True,4.47699375,-118.9,35.26,31.0,6145.0,1492.0,5666.0,1457.0,1.9066,54600.0,INLAND
10030,total_bedrooms,True,True,3.604359375,-119.21,34.12,15.0,5778.0,1285.0,1722.0,829.0,4.3427,305800.0,NEAR OCEAN
10056,total_bedrooms,True,True,4.552875,-121.89,37.69,4.0,6159.0,1510.0,2649.0,1241.0,3.62,139300.0,<1H OCEAN
10111,total_bedrooms,True,True,4.970221875,-118.45,34.07,19.0,4845.0,1609.0,3751.0,1539.0,1.583,350000.0,<1H OCEAN
10125,total_bedrooms,True,True,3.81935625,-122.45,37.7,16.0,6457.0,1336.0,4375.0,1231.0,5.1788,267000.0,NEAR OCEAN
10139,total_bedrooms,True,True,3.7940625,-119.76,36.78,30.0,6117.0,1330.0,2768.0,1224.0,2.1383,78800.0,INLAND
10141,total_bedrooms,True,False,3.17015,-117.13,32.75,23.0,3999.0,1182.0,2051.0,1130.0,2.1292,135000.0,NEAR OCEAN
10153,total_bedrooms,True,True,5.509821875,-118.46,34.17,22.0,6707.0,1737.0,2620.0,1610.0,3.1478,273700.0,<1H OCEAN
10154,total_bedrooms,True,False,3.452596875,-117.47,33.95,15.0,6248.0,1249.0,3795.0,1128.0,4.1264,124600.0,INLAND
10176,total_bedrooms,True,True,4.253565625,-119.82,36.79,18.0,5822.0,1439.0,3415.0,1224.0,1.6854,64700.0,INLAND
10180,total_bedrooms,True,True,6.879899999999999,-118.37,33.95,5.0,6955.0,2062.0,3591.0,1566.0,3.111,247600.0,<1H OCEAN
10181,total_bedrooms,True,True,4.283075,-121.82,37.34,23.0,7609.0,1446.0,6034.0,1414.0,4.8424,195300.0,<1H OCEAN
10190,total_bedrooms,True,True,9.219571875,-121.61,36.69,19.0,9899.0,2617.0,11272.0,2528.0,2.0244,118500.0,<1H OCEAN
10198,total_bedrooms,True,True,3.5579875000000003,-117.37,33.19,23.0,4104.0,1274.0,4729.0,1187.0,1.8214,173800.0,NEAR OCEAN
10218,total_bedrooms,True,True,3.92053125,-117.42,34.59,8.0,5445.0,1360.0,3220.0,1214.0,1.7567,69500.0,INLAND
10225,total_bedrooms,True,False,3.2291687500000004,-118.28,34.06,17.0,2518.0,1196.0,3051.0,1000.0,1.7199,175000.0,<1H OCEAN
10235,total_bedrooms,True,True,5.282178125,-118.09,34.57,4.0,9761.0,1683.0,4970.0,1535.0,4.5266,142900.0,INLAND
10241,total_bedrooms,True,True,10.349359375,-122.24,37.72,5.0,18634.0,2885.0,7427.0,2718.0,7.611,350700.0,NEAR BAY
10248,total_bedrooms,True,True,4.658265625,-117.35,33.64,23.0,6859.0,1535.0,3405.0,1351.0,2.5395,109200.0,<1H OCEAN
10272,total_bedrooms,True,False,3.2207375,-122.24,38.07,13.0,5451.0,1194.0,2957.0,1081.0,2.6098,162500.0,NEAR BAY
10310,total_bedrooms,True,True,5.1304156249999995,-118.1,34.7,5.0,10356.0,1647.0,4562.0,1427.0,4.9806,141100.0,INLAND
10313,total_bedrooms,True,True,4.928065625,-117.62,34.07,16.0,6009.0,1599.0,5110.0,1389.0,2.5677,128900.0,INLAND
10337,total_bedrooms,True,False,3.17015,-118.09,34.71,5.0,5807.0,1182.0,2602.0,1007.0,2.4012,159400.0,INLAND
10350,total_bedrooms,True,True,5.619428125,-118.34,34.16,25.0,6082.0,1763.0,2616.0,1644.0,3.6486,246900.0,<1H OCEAN
10418,total_bedrooms,True,True,3.933178125,-117.87,34.1,15.0,6409.0,1363.0,3359.0,1267.0,3.875,173300.0,<1H OCEAN
10420,total_bedrooms,True,True,4.717284375,-118.3,34.18,5.0,5492.0,1549.0,2997.0,1405.0,3.3205,172100.0,<1H OCEAN
10437,total_bedrooms,True,True,3.7982781250000004,-117.07,32.61,22.0,5016.0,1331.0,3222.0,1196.0,2.1441,135500.0,NEAR OCEAN
10439,total_bedrooms,True,True,5.299040625,-117.62,34.44,6.0,8884.0,1687.0,3767.0,1334.0,3.599,140200.0,INLAND
10458,total_bedrooms,True,True,4.2662125,-117.09,33.13,9.0,5685.0,1442.0,3773.0,1250.0,3.0426,129900.0,<1H OCEAN
10461,total_bedrooms,True,True,6.618531249999999,-116.33,33.72,11.0,12327.0,2000.0,2450.0,1139.0,7.4382,353100.0,INLAND
10490,total_bedrooms,True,True,3.85308125,-121.86,37.7,13.0,9621.0,1344.0,4389.0,1391.0,6.6827,313700.0,INLAND
10493,total_bedrooms,True,True,5.155709375,-118.35,34.22,19.0,9259.0,1653.0,3963.0,1595.0,5.997,228700.0,<1H OCEAN
10501,total_bedrooms,True,True,3.80249375,-121.3,38.7,18.0,7334.0,1332.0,3339.0,1271.0,3.235,124700.0,INLAND
10506,total_bedrooms,True,False,3.2797562499999997,-118.29,33.96,31.0,4022.0,1208.0,3707.0,1007.0,1.3096,116300.0,<1H OCEAN
10523,total_bedrooms,True,True,4.485425,-118.13,34.14,23.0,5465.0,1494.0,2511.0,1359.0,3.4531,210900.0,<1H OCEAN
10545,total_bedrooms,True,True,3.958471875,-121.27,38.61,17.0,6663.0,1369.0,2840.0,1299.0,2.9452,115600.0,INLAND
10623,total_bedrooms,True,True,4.919634374999999,-117.83,33.73,20.0,5768.0,1597.0,4853.0,1465.0,3.5387,160400.0,<1H OCEAN
10636,total_bedrooms,True,True,4.10601875,-121.88,37.37,14.0,6016.0,1404.0,3258.0,1316.0,3.5745,333700.0,<1H OCEAN
10646,total_bedrooms,True,True,4.632971875,-117.0,33.74,8.0,5330.0,1529.0,2143.0,1107.0,2.1103,94400.0,INLAND
10680,total_bedrooms,True,True,7.849493749999999,-116.94,32.8,21.0,7906.0,2292.0,4868.0,2117.0,1.8937,109800.0,<1H OCEAN
10686,total_bedrooms,True,True,7.64714375,-119.75,36.87,3.0,13802.0,2244.0,5226.0,1972.0,5.0941,143700.0,INLAND
10690,total_bedrooms,True,True,6.239125,-121.98,37.22,46.0,10088.0,1910.0,3728.0,1781.0,5.2321,500001.0,<1H OCEAN
10702,total_bedrooms,True,True,3.98798125,-122.06,37.58,15.0,8112.0,1376.0,4576.0,1348.0,5.6758,253400.0,NEAR BAY
10708,total_bedrooms,True,False,3.33034375,-119.18,34.23,16.0,4609.0,1220.0,2147.0,1007.0,3.375,218800.0,NEAR OCEAN
10720,total_bedrooms,True,True,4.759440625,-121.85,39.72,18.0,7272.0,1559.0,5022.0,1524.0,1.6911,98800.0,INLAND
10748,total_bedrooms,True,True,7.508028125,-118.41,34.05,16.0,9728.0,2211.0,3026.0,1899.0,5.8758,500001.0,<1H OCEAN
10750,total_bedrooms,True,True,7.297246875000001,-116.71,33.75,25.0,10665.0,2161.0,1874.0,852.0,3.0625,150500.0,INLAND
10771,total_bedrooms,True,True,6.58480625,-121.42,38.48,13.0,7880.0,1992.0,4749.0,1882.0,1.9657,116000.0,INLAND
10773,total_bedrooms,True,True,5.518253124999999,-121.28,38.8,7.0,9003.0,1739.0,4445.0,1591.0,3.816,147900.0,INLAND
10777,total_bedrooms,True,True,5.42129375,-118.3,33.76,18.0,9659.0,1716.0,4336.0,1674.0,5.7764,290500.0,<1H OCEAN
10796,total_bedrooms,True,True,3.9373937499999996,-121.9,37.24,24.0,7521.0,1364.0,3970.0,1318.0,4.4004,255800.0,<1H OCEAN
10815,total_bedrooms,True,True,4.81424375,-118.01,34.07,22.0,6311.0,1572.0,6666.0,1456.0,2.9334,182600.0,INLAND
10823,total_bedrooms,True,False,3.19544375,-122.24,38.15,10.0,6817.0,1188.0,4163.0,1135.0,4.4529,144100.0,NEAR BAY
10855,total_bedrooms,True,False,3.452596875,-122.0,37.55,27.0,6103.0,1249.0,3026.0,1134.0,4.1591,332400.0,<1H OCEAN
10866,total_bedrooms,True,True,3.713965625,-118.41,34.03,20.0,4374.0,1311.0,2165.0,1185.0,3.6019,463600.0,<1H OCEAN
10872,total_bedrooms,True,True,3.874159375,-116.23,33.71,17.0,4874.0,1349.0,5032.0,1243.0,2.444,90000.0,INLAND
10894,total_bedrooms,True,True,10.96905625,-117.29,33.97,4.0,18767.0,3032.0,8805.0,2723.0,4.6667,160600.0,INLAND
10907,total_bedrooms,True,True,3.8067093749999996,-121.14,38.77,15.0,10282.0,1333.0,3868.0,1300.0,6.4789,287800.0,INLAND
10915,total_bedrooms,True,True,3.815140625,-118.26,33.85,24.0,9071.0,1335.0,4558.0,1327.0,5.542,197500.0,<1H OCEAN
10920,total_bedrooms,True,False,3.09426875,-117.8,34.1,17.0,5153.0,1164.0,2949.0,1083.0,3.5603,174600.0,INLAND
10931,total_bedrooms,True,True,4.481209375000001,-122.53,37.66,25.0,7778.0,1493.0,4674.0,1451.0,5.4694,272400.0,NEAR OCEAN
10947,total_bedrooms,True,True,3.6675937499999995,-121.86,37.25,16.0,6958.0,1300.0,2965.0,1217.0,4.2885,262400.0,<1H OCEAN
10960,total_bedrooms,True,True,4.953359375,-118.24,34.15,17.0,5282.0,1605.0,4116.0,1574.0,3.052,209800.0,<1H OCEAN
10969,total_bedrooms,True,True,3.671809375,-118.16,33.78,29.0,3684.0,1301.0,3891.0,1143.0,1.6955,179700.0,NEAR OCEAN
10994,total_bedrooms,True,True,3.6928875,-117.63,34.37,20.0,7052.0,1306.0,2197.0,810.0,3.7252,167100.0,INLAND
11004,total_bedrooms,True,False,3.393578125,-118.29,34.03,22.0,3313.0,1235.0,2381.0,1063.0,0.7473,168800.0,<1H OCEAN
11017,total_bedrooms,True,True,3.6254374999999994,-118.38,33.75,23.0,8277.0,1290.0,3176.0,1159.0,7.6986,500001.0,NEAR OCEAN
11056,total_bedrooms,True,True,4.38425,-117.5,33.96,12.0,7923.0,1470.0,4861.0,1385.0,4.2985,139200.0,INLAND
11057,total_bedrooms,True,True,3.541125,-122.26,37.82,22.0,3682.0,1270.0,2024.0,1250.0,1.2185,170000.0,NEAR BAY
11077,total_bedrooms,True,True,4.98286875,-122.22,37.47,28.0,5956.0,1612.0,3571.0,1549.0,3.1864,272800.0,NEAR OCEAN
11085,total_bedrooms,True,True,5.872365625,-121.97,37.56,13.0,8918.0,1823.0,4518.0,1772.0,4.8052,254000.0,<1H OCEAN
11094,total_bedrooms,True,True,4.700421875,-120.18,39.28,14.0,10098.0,1545.0,701.0,254.0,4.0819,141300.0,INLAND
11102,total_bedrooms,True,True,4.860615624999999,-116.88,33.05,11.0,7217.0,1583.0,4197.0,1502.0,2.8827,166700.0,<1H OCEAN
11115,total_bedrooms,True,True,4.034353125,-116.54,33.8,22.0,6050.0,1387.0,1432.0,890.0,2.2216,183900.0,INLAND
11132,total_bedrooms,True,True,5.06718125,-117.07,33.13,17.0,6817.0,1632.0,4526.0,1474.0,2.6152,135300.0,<1H OCEAN
11133,total_bedrooms,True,True,6.3908875,-116.78,33.0,7.0,12480.0,1946.0,5102.0,1697.0,5.5102,221000.0,<1H OCEAN
11144,total_bedrooms,True,True,4.143959375,-116.97,32.78,26.0,8902.0,1413.0,3941.0,1387.0,4.7943,226900.0,<1H OCEAN
11146,total_bedrooms,True,False,3.2671093749999995,-117.05,32.61,21.0,6034.0,1205.0,3795.0,1146.0,3.2633,129700.0,NEAR OCEAN
11147,total_bedrooms,True,True,4.2704281250000005,-118.42,34.31,19.0,6755.0,1443.0,4205.0,1395.0,3.9583,163200.0,<1H OCEAN
11217,total_bedrooms,True,False,3.435734375,-117.23,32.75,11.0,4304.0,1245.0,1960.0,1105.0,3.3456,159800.0,NEAR OCEAN
11225,total_bedrooms,True,True,4.396896875,-118.47,34.15,7.0,6306.0,1473.0,2381.0,1299.0,4.642,457300.0,<1H OCEAN
11226,total_bedrooms,True,True,3.5959281249999995,-118.4,34.17,24.0,4443.0,1283.0,2421.0,1180.0,2.2652,269200.0,<1H OCEAN
11271,total_bedrooms,True,True,4.902771875,-120.84,37.51,14.0,6337.0,1593.0,3909.0,1480.0,2.0643,106500.0,INLAND
11303,total_bedrooms,True,True,9.506234375,-119.05,35.33,18.0,12707.0,2685.0,7009.0,2552.0,2.9438,87200.0,INLAND
11307,total_bedrooms,True,True,4.890124999999999,-121.54,38.51,17.0,8482.0,1590.0,3362.0,1513.0,4.2216,217900.0,INLAND
11320,total_bedrooms,True,True,5.771190625,-117.48,33.89,14.0,10395.0,1799.0,6295.0,1855.0,4.7295,149900.0,INLAND
11341,total_bedrooms,True,True,3.5790656249999997,-116.98,32.88,12.0,7320.0,1279.0,4048.0,1249.0,4.3952,151700.0,<1H OCEAN
11372,total_bedrooms,True,True,5.029240625,-118.29,33.8,21.0,9944.0,1623.0,4185.0,1582.0,4.526,329400.0,<1H OCEAN
11379,total_bedrooms,True,True,4.616109375,-118.59,34.23,17.0,6592.0,1525.0,4459.0,1463.0,3.0347,254500.0,<1H OCEAN
11384,total_bedrooms,True,True,4.283075,-122.19,38.13,5.0,7854.0,1446.0,4361.0,1395.0,4.9504,214800.0,NEAR BAY
11393,total_bedrooms,True,True,3.6380843749999996,-118.4,34.2,13.0,4859.0,1293.0,3351.0,1200.0,3.6875,211900.0,<1H OCEAN
11395,total_bedrooms,True,True,7.229796875,-118.22,34.63,4.0,14348.0,2145.0,5839.0,1806.0,5.3799,222400.0,INLAND
11399,total_bedrooms,True,True,12.0904125,-121.88,39.74,12.0,14631.0,3298.0,7517.0,3262.0,1.6785,153100.0,INLAND
11427,total_bedrooms,True,True,8.494484375,-117.34,34.1,14.0,11827.0,2445.0,6640.0,2299.0,2.4878,103800.0,INLAND
11473,total_bedrooms,True,False,3.24603125,-118.46,34.16,16.0,4590.0,1200.0,2195.0,1139.0,3.8273,334900.0,<1H OCEAN
11492,total_bedrooms,True,False,3.292403125,-118.27,34.14,29.0,3768.0,1211.0,2320.0,1030.0,2.7685,204500.0,<1H OCEAN
11549,total_bedrooms,True,True,5.32011875,-118.66,35.2,7.0,9664.0,1692.0,3617.0,1370.0,4.0581,162900.0,INLAND
11552,total_bedrooms,True,True,10.265046875,-117.22,33.92,5.0,16884.0,2865.0,9509.0,2688.0,4.0938,130900.0,INLAND
11555,total_bedrooms,True,True,5.8850125,-118.54,34.21,22.0,6064.0,1826.0,4876.0,1697.0,2.875,227100.0,<1H OCEAN
11578,total_bedrooms,True,False,3.4694593750000005,-117.8,34.15,14.0,7876.0,1253.0,3699.0,1162.0,5.5423,248700.0,INLAND
11641,total_bedrooms,True,True,4.025921875,-117.76,33.98,3.0,9662.0,1385.0,2497.0,856.0,6.7172,292400.0,<1H OCEAN
11683,total_bedrooms,True,True,4.624540625,-118.38,34.18,27.0,4834.0,1527.0,3847.0,1432.0,2.1449,165300.0,<1H OCEAN
11691,total_bedrooms,True,True,3.5369093749999996,-121.32,38.89,9.0,5927.0,1269.0,3369.0,1176.0,2.8194,111300.0,INLAND
11718,total_bedrooms,True,True,3.5874968750000003,-118.28,34.07,24.0,3247.0,1281.0,2642.0,1182.0,2.4632,216700.0,<1H OCEAN
11728,total_bedrooms,True,False,3.1448562499999997,-118.27,34.06,25.0,1714.0,1176.0,3723.0,1036.0,1.3241,112500.0,<1H OCEAN
11757,total_bedrooms,True,True,10.669746875,-118.3,34.1,35.0,7517.0,2961.0,5899.0,2769.0,1.9354,340000.0,<1H OCEAN
11765,total_bedrooms,True,False,3.233384375,-118.31,34.06,34.0,2470.0,1197.0,2326.0,1055.0,1.9038,325000.0,<1H OCEAN
11800,total_bedrooms,True,True,11.167190625,-117.88,33.96,16.0,19059.0,3079.0,10988.0,3061.0,5.5469,265200.0,<1H OCEAN
11804,total_bedrooms,True,False,3.098484375,-117.6,33.87,18.0,6450.0,1165.0,3716.0,1113.0,4.2721,150300.0,INLAND
11811,total_bedrooms,True,True,3.7561218750000003,-121.99,36.98,19.0,5613.0,1321.0,3018.0,1268.0,3.1914,215600.0,NEAR OCEAN
11814,total_bedrooms,True,True,5.2611,-120.5,37.37,18.0,8606.0,1678.0,5303.0,1644.0,2.4012,79700.0,INLAND
11823,total_bedrooms,True,True,6.572159375,-118.41,33.85,16.0,6123.0,1989.0,2853.0,1789.0,4.425,336400.0,NEAR OCEAN
11826,total_bedrooms,True,True,4.093371875,-116.94,34.4,20.0,6541.0,1401.0,2631.0,980.0,2.1339,78500.0,INLAND
11829,total_bedrooms,True,True,3.8783749999999997,-118.46,34.2,22.0,4855.0,1350.0,2519.0,1258.0,3.0893,205600.0,<1H OCEAN
11848,total_bedrooms,True,True,6.344515625,-122.51,38.06,24.0,9493.0,1935.0,5162.0,1880.0,3.0742,118800.0,NEAR BAY
11883,total_bedrooms,True,True,3.992196875,-122.14,37.36,23.0,11294.0,1377.0,3840.0,1367.0,12.1387,500001.0,NEAR BAY
11894,total_bedrooms,True,True,5.6995249999999995,-117.98,33.91,16.0,10621.0,1782.0,3836.0,1480.0,5.0923,257200.0,<1H OCEAN
11900,total_bedrooms,True,True,6.04520625,-117.78,34.58,6.0,10263.0,1864.0,6163.0,1781.0,3.8803,120000.0,INLAND
11914,total_bedrooms,True,True,4.708853125,-117.95,33.63,17.0,6745.0,1547.0,2688.0,1535.0,3.9917,271600.0,<1H OCEAN
11929,total_bedrooms,True,True,4.7636562499999995,-118.37,34.14,8.0,4382.0,1560.0,2138.0,1411.0,3.5714,197900.0,<1H OCEAN
11945,total_bedrooms,True,True,3.9669031249999995,-118.12,34.09,25.0,4870.0,1371.0,3518.0,1296.0,3.2307,188400.0,<1H OCEAN
11967,total_bedrooms,True,True,7.381559375,-117.67,33.66,4.0,10175.0,2181.0,4762.0,1929.0,4.7341,237400.0,<1H OCEAN
11982,total_bedrooms,True,True,4.944928125,-117.79,33.84,9.0,10484.0,1603.0,4005.0,1419.0,8.3931,365300.0,<1H OCEAN
12004,total_bedrooms,True,True,16.462015625,-118.1,34.57,7.0,20377.0,4335.0,11973.0,3933.0,3.3086,138100.0,INLAND
12026,total_bedrooms,True,True,5.53933125,-122.26,37.86,35.0,5161.0,1744.0,3276.0,1742.0,1.6307,253600.0,NEAR BAY
12027,total_bedrooms,True,False,3.241815625,-118.33,33.98,28.0,3889.0,1199.0,3121.0,1046.0,1.8806,113900.0,<1H OCEAN
12049,total_bedrooms,True,True,6.555296875000001,-118.33,34.2,23.0,7179.0,1985.0,4757.0,1924.0,3.1051,206500.0,<1H OCEAN
12050,total_bedrooms,True,True,6.26441875,-117.87,33.75,14.0,5526.0,1916.0,6799.0,1796.0,2.6561,144400.0,<1H OCEAN
12074,total_bedrooms,True,True,3.553771875,-122.05,37.59,15.0,6243.0,1273.0,3163.0,1274.0,3.7462,212500.0,NEAR BAY
12076,total_bedrooms,True,False,3.182796875,-118.13,34.1,24.0,4670.0,1185.0,2478.0,1107.0,3.1975,252400.0,<1H OCEAN
12098,total_bedrooms,True,False,3.216521875,-117.59,33.65,2.0,4860.0,1193.0,2332.0,1073.0,4.5022,151900.0,<1H OCEAN
12104,total_bedrooms,True,True,4.4643468749999995,-119.12,35.33,4.0,8574.0,1489.0,4250.0,1444.0,5.1036,103400.0,INLAND
12106,total_bedrooms,True,True,4.78895,-121.97,37.33,21.0,8275.0,1566.0,3636.0,1524.0,5.1506,302100.0,<1H OCEAN
12118,total_bedrooms,True,True,17.515921875,-117.22,32.86,4.0,16289.0,4585.0,7604.0,4176.0,3.6287,280800.0,NEAR OCEAN
12159,total_bedrooms,True,False,3.376715625,-118.21,34.17,24.0,8590.0,1231.0,3401.0,1178.0,8.1325,472700.0,<1H OCEAN
12161,total_bedrooms,True,True,4.4348374999999995,-118.34,34.86,11.0,7353.0,1482.0,3571.0,1308.0,2.8097,130000.0,INLAND
12178,total_bedrooms,True,True,12.246390625,-118.33,33.91,8.0,10731.0,3335.0,7211.0,3028.0,2.455,192700.0,<1H OCEAN
12183,total_bedrooms,True,True,4.978653124999999,-118.43,33.83,19.0,6206.0,1611.0,2455.0,1472.0,5.145,420200.0,NEAR OCEAN
12204,total_bedrooms,True,True,8.4143875,-117.71,34.02,17.0,12689.0,2426.0,7343.0,2230.0,3.6361,157700.0,INLAND
12228,total_bedrooms,True,False,3.16171875,-118.23,33.89,16.0,5003.0,1180.0,4145.0,1159.0,2.1389,133400.0,<1H OCEAN
12253,total_bedrooms,True,True,8.6167375,-121.29,38.61,17.0,13553.0,2474.0,6544.0,2359.0,3.9727,132700.0,INLAND
12270,total_bedrooms,True,True,5.476096875,-118.37,33.97,26.0,6672.0,1729.0,3333.0,1557.0,2.9646,179800.0,<1H OCEAN
12279,total_bedrooms,True,True,4.582384375,-121.95,37.3,25.0,5641.0,1517.0,3786.0,1410.0,3.3958,267500.0,<1H OCEAN
12280,total_bedrooms,True,True,4.413759375,-118.44,34.21,20.0,5756.0,1477.0,4031.0,1369.0,3.2448,221200.0,<1H OCEAN
12288,total_bedrooms,True,True,5.189434374999999,-118.29,34.05,18.0,3585.0,1661.0,5229.0,1534.0,1.847,250000.0,<1H OCEAN
12302,total_bedrooms,True,True,3.6971031250000004,-122.48,37.85,42.0,6297.0,1307.0,2096.0,1205.0,6.4752,500001.0,NEAR BAY
12316,total_bedrooms,True,True,5.012378125,-122.33,37.56,34.0,6394.0,1619.0,2400.0,1496.0,3.4902,500001.0,NEAR OCEAN
12323,total_bedrooms,True,False,3.461028125,-122.09,37.42,23.0,4874.0,1251.0,2699.0,1163.0,3.8003,229800.0,NEAR BAY
12333,total_bedrooms,True,True,5.071396875,-122.46,37.65,16.0,8676.0,1633.0,5130.0,1574.0,4.8096,262000.0,NEAR OCEAN
12338,total_bedrooms,True,True,4.8311062499999995,-118.35,34.02,34.0,5218.0,1576.0,3538.0,1371.0,1.5143,118800.0,<1H OCEAN
12360,total_bedrooms,True,True,5.85971875,-118.46,34.19,20.0,5992.0,1820.0,4826.0,1632.0,2.7237,233500.0,<1H OCEAN
12396,total_bedrooms,True,True,12.760696874999999,-121.5,38.62,8.0,16679.0,3457.0,7919.0,3329.0,3.7188,134500.0,INLAND
12433,total_bedrooms,True,True,3.815140625,-122.33,37.97,19.0,5151.0,1335.0,2548.0,1165.0,3.3125,158800.0,NEAR BAY
12439,total_bedrooms,True,True,4.2324874999999995,-116.95,32.82,12.0,5535.0,1434.0,3112.0,1262.0,2.5949,108300.0,<1H OCEAN
12457,total_bedrooms,True,True,12.34335,-121.35,38.54,12.0,16239.0,3358.0,8656.0,3234.0,3.5691,116300.0,INLAND
12458,total_bedrooms,True,False,3.182796875,-117.03,33.13,15.0,7000.0,1185.0,3555.0,1118.0,4.7022,172800.0,<1H OCEAN
12477,total_bedrooms,True,True,9.21535625,-117.18,32.92,4.0,15025.0,2616.0,7560.0,2392.0,5.196,210700.0,<1H OCEAN
12481,total_bedrooms,True,False,3.098484375,-116.99,34.88,23.0,6060.0,1165.0,2920.0,1072.0,3.1528,69000.0,INLAND
12504,total_bedrooms,True,True,7.3014624999999995,-117.1,33.09,5.0,12045.0,2162.0,5640.0,1997.0,4.4375,353000.0,<1H OCEAN
12537,total_bedrooms,True,True,11.226209375,-116.95,32.79,19.0,11391.0,3093.0,7178.0,2905.0,2.0326,123200.0,<1H OCEAN
12542,total_bedrooms,True,True,7.3984218749999995,-117.9,34.04,15.0,11989.0,2185.0,6652.0,2081.0,4.5554,278300.0,<1H OCEAN
12543,total_bedrooms,True,False,3.1237781250000003,-118.38,34.2,23.0,4138.0,1171.0,3911.0,1068.0,3.0125,181700.0,<1H OCEAN
12593,total_bedrooms,True,True,9.26594375,-117.08,33.13,17.0,8466.0,2628.0,7014.0,2267.0,2.1437,113700.0,<1H OCEAN
12607,total_bedrooms,True,True,3.5917125,-122.5,37.91,31.0,7001.0,1282.0,2755.0,1267.0,5.4851,441100.0,NEAR BAY
12617,total_bedrooms,True,False,3.2881875000000003,-117.56,34.12,4.0,5351.0,1210.0,2988.0,1101.0,3.7973,181300.0,INLAND
12624,total_bedrooms,True,True,3.85308125,-116.97,32.74,14.0,7410.0,1344.0,3597.0,1274.0,4.2192,176100.0,<1H OCEAN
12660,total_bedrooms,True,False,3.182796875,-118.49,34.02,27.0,4725.0,1185.0,1945.0,1177.0,4.1365,470800.0,<1H OCEAN
12703,total_bedrooms,True,True,3.51583125,-117.59,33.44,3.0,5813.0,1264.0,2363.0,1041.0,4.3897,341300.0,NEAR OCEAN
12732,total_bedrooms,True,True,5.020809375,-117.16,34.26,27.0,9285.0,1621.0,1135.0,410.0,2.5446,135200.0,INLAND
12734,total_bedrooms,True,True,15.450265625,-117.61,34.1,9.0,18956.0,4095.0,10323.0,3832.0,3.6033,132600.0,INLAND
12749,total_bedrooms,True,True,4.346309375,-117.22,33.9,8.0,8302.0,1461.0,5155.0,1370.0,4.0467,121500.0,INLAND
12769,total_bedrooms,True,True,7.432146874999999,-118.45,34.24,11.0,9053.0,2193.0,7096.0,2038.0,3.5082,136500.0,<1H OCEAN
12781,total_bedrooms,True,False,3.2671093749999995,-117.05,34.01,27.0,5484.0,1205.0,2645.0,1131.0,2.1927,116700.0,INLAND
12789,total_bedrooms,True,False,3.292403125,-121.96,37.27,22.0,6114.0,1211.0,2983.0,1163.0,5.2533,269100.0,<1H OCEAN
12793,total_bedrooms,True,False,3.4863218750000002,-118.41,35.63,15.0,5907.0,1257.0,2310.0,1001.0,2.3125,96900.0,INLAND
12814,total_bedrooms,True,False,3.136425,-118.27,33.78,21.0,3354.0,1174.0,4426.0,1110.0,2.5262,167300.0,<1H OCEAN
12825,total_bedrooms,True,True,7.66400625,-117.17,34.12,3.0,15695.0,2248.0,6080.0,1920.0,6.2178,173900.0,INLAND
12842,total_bedrooms,True,True,9.683290625,-117.64,33.87,2.0,17470.0,2727.0,5964.0,1985.0,6.2308,257900.0,<1H OCEAN
12846,total_bedrooms,True,False,3.43151875,-117.27,34.23,26.0,6339.0,1244.0,1177.0,466.0,3.7708,110400.0,INLAND
12847,total_bedrooms,True,True,4.5613062499999995,-117.64,33.65,4.0,6842.0,1512.0,3256.0,1439.0,5.4132,216600.0,<1H OCEAN
12857,total_bedrooms,True,True,4.13974375,-117.69,34.03,20.0,6374.0,1412.0,3690.0,1350.0,3.4184,162500.0,INLAND
12901,total_bedrooms,True,True,4.890124999999999,-122.06,37.89,21.0,4985.0,1590.0,2575.0,1458.0,3.1002,114300.0,NEAR BAY
12916,total_bedrooms,True,True,5.678446875000001,-121.48,38.46,8.0,10505.0,1777.0,6002.0,1694.0,4.0516,121200.0,INLAND
12920,total_bedrooms,True,False,3.26289375,-117.85,33.77,23.0,5928.0,1204.0,3570.0,1150.0,4.0398,233100.0,<1H OCEAN
12921,total_bedrooms,True,True,10.51376875,-118.96,34.23,14.0,15207.0,2924.0,6301.0,2829.0,3.9699,217000.0,<1H OCEAN
12941,total_bedrooms,True,False,3.09426875,-121.55,38.55,10.0,6227.0,1164.0,2909.0,1077.0,4.106,115900.0,INLAND
12950,total_bedrooms,True,True,8.97928125,-118.6,34.21,21.0,9512.0,2560.0,7282.0,2387.0,2.8039,227500.0,<1H OCEAN
12951,total_bedrooms,True,True,6.2559875,-117.25,33.92,7.0,9812.0,1914.0,5595.0,1729.0,4.1482,124600.0,INLAND
12969,total_bedrooms,True,True,4.843753125,-120.19,38.03,17.0,8651.0,1579.0,2071.0,757.0,3.1076,115800.0,INLAND
12973,total_bedrooms,True,False,3.494753125,-122.29,38.19,13.0,7065.0,1259.0,3864.0,1221.0,4.7472,148600.0,NEAR BAY
12978,total_bedrooms,True,True,20.4879375,-117.78,34.03,8.0,32054.0,5290.0,15507.0,5050.0,6.0191,253900.0,<1H OCEAN
12983,total_bedrooms,True,True,3.612790625,-117.32,34.17,6.0,5661.0,1287.0,2943.0,1162.0,3.6362,106500.0,INLAND
12993,total_bedrooms,True,True,3.7687687500000004,-117.21,33.61,7.0,7722.0,1324.0,2975.0,1161.0,3.6273,150900.0,<1H OCEAN
13014,total_bedrooms,True,True,6.251771875,-121.53,38.61,5.0,8149.0,1913.0,2933.0,1616.0,3.6788,178800.0,INLAND
13021,total_bedrooms,True,False,3.191228125,-117.43,34.08,13.0,4563.0,1187.0,2475.0,1019.0,2.1189,121700.0,INLAND
13024,total_bedrooms,True,False,3.16171875,-118.16,33.79,25.0,3742.0,1180.0,3916.0,1063.0,2.4,153700.0,NEAR OCEAN
13027,total_bedrooms,True,True,4.616109375,-117.29,34.03,9.0,8185.0,1525.0,3630.0,1466.0,4.1667,197700.0,INLAND
13043,total_bedrooms,True,True,7.09068125,-121.87,37.42,19.0,12128.0,2112.0,6810.0,2040.0,6.4419,264500.0,<1H OCEAN
13058,total_bedrooms,True,True,6.44990625,-118.12,33.89,22.0,6876.0,1960.0,5162.0,1879.0,2.9293,170800.0,<1H OCEAN
13074,total_bedrooms,True,True,3.8572968750000003,-118.61,34.17,19.0,5944.0,1345.0,2372.0,1250.0,3.8819,328900.0,<1H OCEAN
13087,total_bedrooms,True,True,5.029240625,-117.83,33.74,23.0,6114.0,1623.0,4088.0,1521.0,3.0382,183600.0,<1H OCEAN
13101,total_bedrooms,True,True,3.5664187499999995,-117.06,33.09,11.0,7483.0,1276.0,3516.0,1261.0,4.0484,262500.0,<1H OCEAN
13120,total_bedrooms,True,True,6.01148125,-121.39,39.12,28.0,10035.0,1856.0,6912.0,1818.0,2.0943,108300.0,INLAND
13128,total_bedrooms,True,False,3.4905375,-118.51,34.43,15.0,8510.0,1258.0,3733.0,1233.0,6.1082,253700.0,<1H OCEAN
13131,total_bedrooms,True,True,4.717284375,-118.16,34.6,2.0,11008.0,1549.0,4098.0,1367.0,6.4865,204400.0,INLAND
13135,total_bedrooms,True,True,3.958471875,-118.45,34.23,25.0,4393.0,1369.0,3781.0,1267.0,2.5833,183700.0,<1H OCEAN
13175,total_bedrooms,True,True,10.2692625,-118.37,34.43,11.0,17339.0,2866.0,8721.0,2803.0,5.9507,225200.0,INLAND
13189,total_bedrooms,True,True,4.784734375,-121.24,38.63,4.0,11021.0,1565.0,3857.0,1494.0,7.2582,273200.0,INLAND
13190,total_bedrooms,True,False,3.1195625,-121.94,38.02,29.0,5765.0,1170.0,3266.0,1131.0,2.7907,113900.0,INLAND
13231,total_bedrooms,True,False,3.4568125000000003,-119.74,36.71,17.0,5872.0,1250.0,5034.0,1224.0,2.1905,61800.0,INLAND
13237,total_bedrooms,True,True,3.646515625,-118.54,34.15,26.0,10111.0,1295.0,3599.0,1257.0,10.2292,500001.0,<1H OCEAN
13245,total_bedrooms,True,True,6.1210875,-122.09,38.0,6.0,10191.0,1882.0,4377.0,1789.0,5.2015,204200.0,NEAR BAY
13260,total_bedrooms,True,True,8.06870625,-122.22,38.12,15.0,14125.0,2344.0,6456.0,2147.0,5.1014,179500.0,NEAR BAY
13268,total_bedrooms,True,True,8.013903125,-118.4,34.02,19.0,7297.0,2331.0,3870.0,2144.0,3.116,300000.0,<1H OCEAN
13270,total_bedrooms,True,True,4.4685625,-119.23,34.17,18.0,6171.0,1490.0,2164.0,1210.0,3.6875,500001.0,NEAR OCEAN
13273,total_bedrooms,True,True,4.86483125,-122.4,37.75,44.0,6848.0,1584.0,3269.0,1383.0,2.8679,243300.0,NEAR BAY
13347,total_bedrooms,True,True,4.902771875,-117.16,32.75,19.0,5430.0,1593.0,2496.0,1484.0,2.9112,199100.0,NEAR OCEAN
13357,total_bedrooms,True,True,3.5116156249999997,-118.25,33.87,18.0,6812.0,1263.0,3704.0,1216.0,4.25,169200.0,<1H OCEAN
13379,total_bedrooms,True,True,4.025921875,-117.34,34.51,6.0,5667.0,1385.0,2447.0,1199.0,2.3617,103100.0,INLAND
13381,total_bedrooms,True,True,3.57485,-121.22,38.68,10.0,6262.0,1278.0,2954.0,1169.0,3.4506,139000.0,INLAND
13382,total_bedrooms,True,True,8.49026875,-121.42,38.49,17.0,13180.0,2444.0,7235.0,2335.0,3.363,103000.0,INLAND
13396,total_bedrooms,True,True,4.253565625,-121.94,37.76,4.0,6875.0,1439.0,2889.0,1307.0,4.6932,356100.0,<1H OCEAN
13438,total_bedrooms,True,True,5.425509375,-117.7,33.59,11.0,8039.0,1717.0,3445.0,1571.0,4.1678,190900.0,<1H OCEAN
13445,total_bedrooms,True,True,3.7771999999999997,-117.91,33.66,26.0,5761.0,1326.0,2681.0,1116.0,4.0341,243300.0,<1H OCEAN
13521,total_bedrooms,True,True,4.843753125,-117.02,33.71,6.0,8278.0,1579.0,3062.0,1446.0,3.0043,134700.0,INLAND
13550,total_bedrooms,True,True,3.81935625,-122.68,38.36,8.0,7520.0,1336.0,3833.0,1287.0,4.3278,184100.0,<1H OCEAN
13609,total_bedrooms,True,True,4.599246875,-116.99,32.81,18.0,10968.0,1521.0,4439.0,1501.0,6.2787,250000.0,<1H OCEAN
13624,total_bedrooms,True,False,3.2123062499999997,-122.42,37.76,52.0,4407.0,1192.0,2280.0,1076.0,3.3937,270000.0,NEAR BAY
13628,total_bedrooms,True,True,6.648040625,-116.99,33.77,7.0,10352.0,2007.0,3559.0,1689.0,2.2925,113100.0,INLAND
13667,total_bedrooms,True,True,3.899453125,-121.89,37.82,4.0,11444.0,1355.0,3898.0,1257.0,13.2949,500001.0,INLAND
13670,total_bedrooms,True,True,3.545340625,-117.09,34.07,24.0,6260.0,1271.0,3132.0,1189.0,2.5156,103000.0,INLAND
13710,total_bedrooms,True,False,3.385146875,-121.9,36.93,22.0,7281.0,1233.0,1849.0,832.0,5.3276,335500.0,NEAR OCEAN
13762,total_bedrooms,True,True,6.6606875,-118.36,34.1,37.0,7097.0,2010.0,2913.0,1939.0,2.875,300000.0,<1H OCEAN
13768,total_bedrooms,True,True,3.541125,-118.3,33.76,6.0,6097.0,1270.0,2678.0,1226.0,5.1269,285200.0,<1H OCEAN
13784,total_bedrooms,True,True,5.2105125,-120.76,35.52,7.0,9613.0,1666.0,4487.0,1653.0,3.6667,250600.0,<1H OCEAN
13787,total_bedrooms,True,True,6.100009375,-118.18,33.97,26.0,6895.0,1877.0,8551.0,1808.0,2.3175,154500.0,<1H OCEAN
13799,total_bedrooms,True,False,3.3387749999999996,-121.35,38.68,20.0,7085.0,1222.0,3455.0,1229.0,4.3118,120000.0,INLAND
13823,total_bedrooms,True,True,4.447484375,-118.01,34.07,24.0,5684.0,1485.0,6626.0,1481.0,2.2559,166800.0,INLAND
13825,total_bedrooms,True,True,5.374921875,-119.29,34.3,24.0,7637.0,1705.0,4647.0,1623.0,3.5385,186800.0,NEAR OCEAN
13871,total_bedrooms,True,True,6.04520625,-117.4,34.15,4.0,12156.0,1864.0,5020.0,1524.0,4.7909,149200.0,INLAND
13883,total_bedrooms,True,False,3.393578125,-117.17,34.07,24.0,6573.0,1235.0,2904.0,1202.0,3.0651,108000.0,INLAND
13892,total_bedrooms,True,True,3.63386875,-121.67,36.68,38.0,5561.0,1292.0,3523.0,1253.0,2.8289,168300.0,<1H OCEAN
13899,total_bedrooms,True,True,7.4026375,-121.78,38.55,12.0,10509.0,2186.0,5633.0,2138.0,2.9605,204300.0,INLAND
13906,total_bedrooms,True,True,8.477621875,-120.67,35.62,6.0,12779.0,2441.0,6085.0,2157.0,3.8661,168100.0,<1H OCEAN
13922,total_bedrooms,True,True,6.243340625,-118.11,34.02,17.0,9559.0,1911.0,5279.0,1844.0,5.1515,318900.0,<1H OCEAN
13931,total_bedrooms,True,True,3.6380843749999996,-118.49,34.03,31.0,4949.0,1293.0,1985.0,1244.0,4.252,436700.0,<1H OCEAN
14004,total_bedrooms,True,True,6.4625531249999995,-118.43,34.0,28.0,6128.0,1963.0,3586.0,1815.0,2.7058,310900.0,<1H OCEAN
14006,total_bedrooms,True,True,10.998565625,-118.38,33.99,21.0,11308.0,3039.0,5127.0,2839.0,4.6277,228300.0,<1H OCEAN
14011,total_bedrooms,True,False,3.11113125,-117.17,32.74,38.0,5054.0,1168.0,2366.0,1103.0,2.9422,289400.0,NEAR OCEAN
14021,total_bedrooms,True,True,7.318325,-121.97,37.31,21.0,7628.0,2166.0,3637.0,1749.0,3.6401,267500.0,<1H OCEAN
14023,total_bedrooms,True,True,3.604359375,-117.12,32.72,36.0,6096.0,1285.0,3093.0,1229.0,3.37,159100.0,NEAR OCEAN
14057,total_bedrooms,True,True,4.780518750000001,-122.35,37.58,30.0,5039.0,1564.0,2129.0,1536.0,3.3469,345000.0,NEAR OCEAN
14070,total_bedrooms,True,True,5.939815625,-116.53,33.84,28.0,8399.0,1839.0,3470.0,1340.0,2.5885,159000.0,INLAND
14076,total_bedrooms,True,False,3.43151875,-122.15,37.46,30.0,4198.0,1244.0,2678.0,1147.0,3.6712,308600.0,NEAR BAY
14078,total_bedrooms,True,True,3.9542562500000003,-117.01,32.66,11.0,9992.0,1368.0,4495.0,1316.0,6.9664,293900.0,NEAR OCEAN
14100,total_bedrooms,True,True,5.383353125,-118.44,34.0,22.0,5822.0,1707.0,3335.0,1585.0,3.1579,243100.0,<1H OCEAN
14118,total_bedrooms,True,False,3.4863218750000002,-115.85,34.2,34.0,3868.0,1257.0,890.0,423.0,1.3571,41000.0,INLAND
14137,total_bedrooms,True,True,3.722396875,-118.36,33.82,26.0,5166.0,1313.0,2738.0,1239.0,3.3565,360800.0,<1H OCEAN
14143,total_bedrooms,True,False,3.46524375,-118.29,34.05,31.0,2818.0,1252.0,4126.0,1200.0,2.053,229200.0,<1H OCEAN
14160,total_bedrooms,True,True,3.5664187499999995,-122.14,37.85,27.0,9147.0,1276.0,3371.0,1269.0,7.3267,389900.0,NEAR BAY
14187,total_bedrooms,True,False,3.2881875000000003,-117.78,33.89,7.0,9729.0,1210.0,4160.0,1214.0,8.9088,415300.0,<1H OCEAN
14199,total_bedrooms,True,True,4.455915625,-121.39,38.62,27.0,5693.0,1487.0,2334.0,1387.0,2.2844,170500.0,INLAND
14201,total_bedrooms,True,False,3.17015,-118.45,35.58,16.0,5396.0,1182.0,1802.0,807.0,1.8819,69700.0,INLAND
14203,total_bedrooms,True,True,4.4643468749999995,-122.02,37.37,8.0,5686.0,1489.0,3250.0,1329.0,4.2782,327700.0,<1H OCEAN
14274,total_bedrooms,True,True,3.941609375,-118.4,33.86,18.0,5152.0,1365.0,2286.0,1243.0,5.1677,380800.0,<1H OCEAN
14275,total_bedrooms,True,False,3.359853125,-121.17,38.69,5.0,7138.0,1227.0,2623.0,1139.0,5.6902,243200.0,INLAND
14283,total_bedrooms,True,True,4.013275,-120.0,38.93,17.0,8005.0,1382.0,999.0,383.0,3.9722,313400.0,INLAND
14286,total_bedrooms,True,True,6.517356250000001,-117.25,34.15,22.0,7935.0,1976.0,4523.0,1791.0,2.1465,88800.0,INLAND
14309,total_bedrooms,True,False,3.292403125,-122.7,38.39,16.0,4922.0,1211.0,2557.0,1088.0,2.0915,168100.0,<1H OCEAN
14365,total_bedrooms,True,True,10.298771875,-118.06,34.13,28.0,12139.0,2873.0,5359.0,2731.0,3.292,227300.0,INLAND
14384,total_bedrooms,True,True,5.37070625,-116.99,33.76,12.0,7626.0,1704.0,2823.0,1554.0,2.1722,69400.0,INLAND
14417,total_bedrooms,True,True,3.840434375,-117.35,33.17,16.0,4595.0,1341.0,2849.0,1197.0,2.478,185600.0,NEAR OCEAN
14421,total_bedrooms,True,True,3.9500406249999997,-118.24,33.83,22.0,7368.0,1367.0,4721.0,1342.0,4.8438,213100.0,<1H OCEAN
14431,total_bedrooms,True,True,4.679343749999999,-121.95,37.55,21.0,10687.0,1540.0,4552.0,1520.0,6.6478,333400.0,<1H OCEAN
7,population,True,True,6.045916856492027,-117.04,32.6,20.0,8052.0,1461.0,5094.0,1430.0,4.2241,139800.0,NEAR OCEAN
24,population,True,True,3.9717141230068336,-118.2,33.79,25.0,2851.0,968.0,3744.0,906.0,2.0675,116700.0,NEAR OCEAN
44,population,True,True,5.913782460136674,-117.44,33.99,12.0,9966.0,1517.0,5008.0,1492.0,4.5625,171300.0,INLAND
74,population,True,True,3.819605922551253,-122.01,37.91,21.0,10093.0,1269.0,3645.0,1219.0,7.6877,367700.0,NEAR BAY
82,population,True,True,4.993451025056948,-117.79,33.8,11.0,10535.0,1620.0,4409.0,1622.0,6.67,283200.0,<1H OCEAN
86,population,True,True,13.388594533029613,-118.72,34.14,7.0,23866.0,4407.0,9873.0,4012.0,5.4032,318500.0,NEAR OCEAN
89,population,True,True,5.7739658314350795,-117.1,33.14,7.0,10665.0,2576.0,4917.0,2424.0,2.3171,159500.0,<1H OCEAN
109,population,True,False,3.0006799544419134,-117.94,33.99,18.0,6100.0,1018.0,3112.0,982.0,4.9932,284000.0,<1H OCEAN
113,population,True,True,5.947584282460137,-116.86,33.05,17.0,9044.0,1689.0,5030.0,1596.0,3.6348,164500.0,<1H OCEAN
148,population,True,True,4.263638952164009,-121.85,37.24,17.0,6425.0,1268.0,3934.0,1238.0,5.1228,237600.0,<1H OCEAN
159,population,True,True,5.302276765375854,-121.84,37.35,20.0,3375.0,867.0,4610.0,860.0,2.6894,182200.0,<1H OCEAN
187,population,True,False,3.1543246013667425,-118.41,33.99,39.0,3014.0,822.0,3212.0,777.0,1.1985,215000.0,<1H OCEAN
196,population,True,True,10.151301822323463,-117.54,34.12,4.0,17577.0,2819.0,7766.0,2473.0,5.1333,181800.0,INLAND
209,population,True,False,3.3171879271070615,-117.79,33.73,3.0,8240.0,1410.0,3318.0,1270.0,7.2074,291300.0,<1H OCEAN
220,population,True,True,3.8841366742596812,-116.99,32.83,20.0,6696.0,1326.0,3687.0,1291.0,3.1979,154600.0,<1H OCEAN
265,population,True,False,3.0913302961275626,-119.19,34.2,18.0,3620.0,,3171.0,779.0,3.3409,220500.0,NEAR OCEAN
266,population,True,True,3.8549441913439635,-122.28,37.79,30.0,4145.0,869.0,3668.0,855.0,2.5444,275000.0,NEAR BAY
275,population,True,True,3.9225478359908883,-117.74,34.03,27.0,3623.0,809.0,3712.0,754.0,3.4609,123300.0,INLAND
303,population,True,True,5.637222095671982,-121.44,38.51,27.0,7212.0,1606.0,4828.0,1549.0,2.214,82400.0,INLAND
307,population,True,True,5.379099088838269,-117.82,33.71,9.0,5206.0,992.0,4660.0,978.0,2.885,162500.0,<1H OCEAN
337,population,True,True,11.564832574031891,-117.86,33.99,10.0,17820.0,2812.0,8686.0,2666.0,6.3875,310700.0,<1H OCEAN
340,population,True,True,4.203717539863326,-118.3,34.1,37.0,5305.0,1980.0,3895.0,1874.0,2.0672,283300.0,<1H OCEAN
351,population,True,False,3.4554681093394075,-118.46,33.97,18.0,9430.0,2473.0,3408.0,2003.0,6.1726,500001.0,<1H OCEAN
357,population,True,True,4.653896355353075,-118.01,33.87,25.0,6348.0,1615.0,4188.0,1497.0,3.139,185700.0,<1H OCEAN
362,population,True,True,3.6383052391799544,-117.49,34.04,4.0,6034.0,1170.0,3527.0,1098.0,4.1775,143700.0,INLAND
365,population,True,False,3.2588029612756264,-117.06,32.7,12.0,3943.0,737.0,3280.0,751.0,4.112,141400.0,NEAR OCEAN
376,population,True,False,3.2173189066059225,-117.39,34.12,7.0,5059.0,780.0,3253.0,801.0,4.9196,140500.0,INLAND
405,population,True,True,4.575537585421412,-118.29,34.06,27.0,2456.0,1111.0,4137.0,1104.0,1.5954,187500.0,<1H OCEAN
408,population,True,True,7.547025056947608,-121.8,36.68,18.0,8581.0,1957.0,6071.0,1889.0,3.0,162200.0,<1H OCEAN
420,population,True,True,3.5061708428246017,-117.96,33.68,24.0,6517.0,1279.0,3441.0,1198.0,4.25,152100.0,<1H OCEAN
475,population,True,True,5.923001138952164,-117.91,33.67,16.0,7961.0,2276.0,5014.0,2116.0,3.512,218400.0,<1H OCEAN
478,population,True,True,4.47874145785877,-117.14,33.07,12.0,9302.0,1603.0,4074.0,1504.0,4.3513,199600.0,<1H OCEAN
486,population,True,True,3.5292175398633256,-118.34,33.94,37.0,3107.0,903.0,3456.0,734.0,2.182,147500.0,<1H OCEAN
497,population,True,True,3.6383052391799544,-117.39,34.38,4.0,7151.0,1295.0,3527.0,1170.0,3.5696,129700.0,INLAND
499,population,True,False,3.0544555808656035,-117.88,34.08,30.0,6132.0,1538.0,3147.0,1449.0,2.7763,187800.0,<1H OCEAN
516,population,True,True,3.672107061503417,-122.42,37.72,42.0,4219.0,1125.0,3549.0,993.0,1.2387,212800.0,NEAR BAY
524,population,True,True,3.98400569476082,-122.47,37.67,20.0,5689.0,992.0,3752.0,1002.0,5.5845,304300.0,NEAR OCEAN
525,population,True,True,4.0915569476082005,-117.79,33.88,17.0,8562.0,1351.0,3822.0,1316.0,6.0829,252600.0,<1H OCEAN
566,population,True,True,4.6154851936218675,-119.01,35.28,10.0,7011.0,1453.0,4163.0,1307.0,2.7659,77500.0,INLAND
569,population,True,True,14.931186788154898,-117.27,33.15,4.0,23915.0,4135.0,10877.0,3958.0,4.6357,244900.0,NEAR OCEAN
570,population,True,False,3.3463804100227788,-122.26,37.87,52.0,1087.0,371.0,3337.0,350.0,1.4012,175000.0,NEAR BAY
580,population,True,True,5.163996583143508,-117.24,33.93,12.0,7105.0,1447.0,4520.0,1333.0,3.2705,113200.0,INLAND
589,population,True,True,4.978086560364465,-117.32,33.25,7.0,8206.0,1523.0,4399.0,1423.0,3.6301,170900.0,<1H OCEAN
599,population,True,False,3.2019544419134394,-121.63,36.68,24.0,2591.0,739.0,3243.0,702.0,2.1766,108500.0,<1H OCEAN
603,population,True,True,4.985768792710706,-118.59,34.18,7.0,11853.0,2691.0,4404.0,2447.0,4.2009,271300.0,<1H OCEAN
629,population,True,True,5.183970387243735,-118.31,34.07,26.0,5062.0,2055.0,4533.0,1822.0,2.3105,166700.0,<1H OCEAN
651,population,True,True,6.2917482915717535,-117.91,33.76,22.0,7531.0,1569.0,5254.0,1523.0,3.8506,167400.0,<1H OCEAN
670,population,True,True,6.606719817767654,-118.26,34.18,32.0,14556.0,2077.0,5459.0,2017.0,8.1657,500001.0,<1H OCEAN
672,population,True,True,7.642284738041002,-117.22,34.54,8.0,12526.0,2495.0,6133.0,2324.0,2.9072,119200.0,INLAND
676,population,True,False,2.9945341685649205,-116.93,32.79,23.0,5759.0,1258.0,3108.0,1202.0,3.0927,140600.0,<1H OCEAN
687,population,True,True,4.2544202733485195,-122.32,38.12,12.0,5382.0,928.0,3928.0,921.0,5.3785,150600.0,NEAR BAY
724,population,True,True,6.721953302961276,-119.18,34.15,22.0,4769.0,1366.0,5534.0,1318.0,2.4167,192000.0,NEAR OCEAN
746,population,True,True,6.929373576309795,-117.62,34.15,16.0,13556.0,1704.0,5669.0,1668.0,6.5138,311500.0,INLAND
777,population,True,True,4.391164009111617,-121.84,37.24,24.0,7991.0,1286.0,4017.0,1213.0,5.4741,238800.0,<1H OCEAN
785,population,True,True,3.7858041002277907,-116.52,33.82,21.0,10227.0,2315.0,3623.0,1734.0,2.5212,145200.0,INLAND
791,population,True,True,5.154777904328018,-119.23,34.46,34.0,9280.0,1765.0,4514.0,1693.0,3.2026,227600.0,<1H OCEAN
803,population,True,False,3.220391799544419,-117.35,34.09,14.0,5983.0,1224.0,3255.0,1150.0,2.5902,111500.0,INLAND
805,population,True,True,6.234899772209568,-118.25,34.14,25.0,5980.0,1856.0,5217.0,1772.0,2.506,184500.0,<1H OCEAN
819,population,True,True,3.8733815489749426,-118.28,33.82,26.0,4586.0,1042.0,3680.0,1027.0,4.174,205100.0,<1H OCEAN
842,population,True,True,10.690594533029614,-122.01,37.57,14.0,16199.0,2993.0,8117.0,2847.0,5.8322,281800.0,NEAR BAY
859,population,True,True,12.691047835990888,-117.2,33.58,2.0,30450.0,5033.0,9419.0,3197.0,4.5936,174300.0,<1H OCEAN
874,population,True,True,7.1705956719817765,-121.75,37.71,11.0,12070.0,2220.0,5826.0,2125.0,4.8624,192400.0,INLAND
919,population,True,True,6.319404328018223,-118.33,33.83,5.0,13038.0,2679.0,5272.0,2523.0,5.5023,286400.0,<1H OCEAN
925,population,True,False,3.203490888382688,-118.27,33.87,21.0,6108.0,1130.0,3244.0,1113.0,4.2768,181400.0,<1H OCEAN
982,population,True,True,4.050072892938497,-118.28,34.06,42.0,2472.0,,3795.0,1179.0,1.2254,162500.0,<1H OCEAN
993,population,True,True,5.057981776765376,-117.08,32.57,9.0,6298.0,1512.0,4451.0,1456.0,2.569,88300.0,NEAR OCEAN
1011,population,True,True,11.065487471526195,-121.33,38.77,3.0,20214.0,3559.0,8361.0,3112.0,4.2259,169300.0,INLAND
1025,population,True,True,3.8457255125284737,-117.1,32.57,14.0,5058.0,1299.0,3662.0,1193.0,2.3253,133700.0,NEAR OCEAN
1031,population,True,True,7.310412300683371,-122.5,37.97,25.0,6526.0,1902.0,5917.0,1812.0,2.7273,187500.0,NEAR BAY
1041,population,True,True,5.101002277904328,-121.79,38.54,7.0,1777.0,513.0,4479.0,504.0,1.4653,310000.0,INLAND
1045,population,True,True,10.017630979498861,-119.93,36.32,25.0,8363.0,1636.0,7679.0,1580.0,2.0285,106300.0,INLAND
1055,population,True,True,6.170369020501139,-118.88,34.02,19.0,15990.0,2611.0,5175.0,2173.0,7.7848,500001.0,NEAR OCEAN
1060,population,True,False,3.134350797266515,-118.21,34.05,28.0,1841.0,809.0,3199.0,727.0,1.6319,151600.0,<1H OCEAN
1119,population,True,False,3.2864589977220957,-118.3,34.01,48.0,4217.0,1095.0,3298.0,949.0,1.9152,122300.0,<1H OCEAN
1133,population,True,False,3.0590649202733484,-121.96,37.36,16.0,5040.0,1325.0,3150.0,1196.0,4.2837,264500.0,<1H OCEAN
1134,population,True,False,3.0452369020501138,-118.27,34.22,34.0,8206.0,1186.0,3141.0,1150.0,7.2812,462200.0,<1H OCEAN
1143,population,True,False,2.9945341685649205,-122.61,37.99,40.0,7737.0,1488.0,3108.0,1349.0,4.4375,289600.0,NEAR OCEAN
1147,population,True,True,5.787793849658314,-117.84,33.82,24.0,10281.0,1689.0,4926.0,1629.0,4.7946,251200.0,<1H OCEAN
1182,population,True,False,3.1573974943052394,-117.69,33.52,3.0,7374.0,1444.0,3214.0,1279.0,4.538,278200.0,<1H OCEAN
1194,population,True,True,3.710518223234624,-120.65,35.32,20.0,626.0,212.0,3574.0,261.0,1.0298,300000.0,NEAR OCEAN
1215,population,True,True,4.9366025056947604,-116.91,32.75,5.0,8710.0,1614.0,4372.0,1527.0,4.7813,240900.0,<1H OCEAN
1232,population,True,True,6.662031890660592,-118.8,34.19,4.0,15572.0,2222.0,5495.0,2152.0,8.6499,500001.0,<1H OCEAN
1281,population,True,True,3.768903189066059,-118.28,34.0,38.0,3335.0,921.0,3612.0,887.0,2.125,118800.0,<1H OCEAN
1312,population,True,True,5.14402277904328,-116.06,34.15,15.0,10377.0,2331.0,4507.0,1807.0,2.2466,66800.0,INLAND
1333,population,True,True,3.6429145785876993,-119.79,36.75,33.0,3161.0,934.0,3530.0,846.0,1.123,46700.0,INLAND
1350,population,True,True,3.6229407744874713,-118.54,34.28,10.0,7665.0,999.0,3517.0,998.0,10.8805,500001.0,<1H OCEAN
1384,population,True,False,3.4923428246013666,-118.3,34.1,29.0,3403.0,1367.0,3432.0,1174.0,1.7083,166700.0,<1H OCEAN
1390,population,True,True,4.789103644646924,-120.55,41.61,22.0,9047.0,1831.0,4276.0,1622.0,2.0802,47900.0,INLAND
1392,population,True,True,5.145559225512528,-122.04,38.27,16.0,8517.0,1910.0,4508.0,1837.0,3.1853,129600.0,INLAND
1404,population,True,True,16.96851480637813,-121.92,37.53,7.0,28258.0,3864.0,12203.0,3701.0,8.4045,451100.0,<1H OCEAN
1405,population,True,True,5.317641230068337,-122.2,38.1,5.0,9567.0,1729.0,4620.0,1580.0,4.4821,210000.0,NEAR BAY
1408,population,True,True,3.7135911161731205,-121.32,38.64,19.0,8501.0,1558.0,3576.0,1467.0,3.6523,158500.0,INLAND
1417,population,True,True,7.136793849658313,-117.25,33.93,8.0,10110.0,1761.0,5804.0,1703.0,4.2654,137600.0,INLAND
1446,population,True,True,4.01934396355353,-117.07,33.0,4.0,9153.0,1866.0,3775.0,1698.0,4.955,241500.0,<1H OCEAN
1466,population,True,True,15.33373576309795,-116.14,34.45,12.0,8796.0,1721.0,11139.0,1680.0,2.2612,137500.0,INLAND
1467,population,True,True,9.681149202733485,-121.98,38.32,45.0,19.0,5.0,7460.0,6.0,10.2264,137500.0,INLAND
1471,population,True,True,4.2528838268792715,-122.05,38.26,21.0,7195.0,1416.0,3927.0,1377.0,3.0912,126300.0,INLAND
1475,population,True,False,3.1481788154897496,-117.44,34.08,15.0,5024.0,992.0,3208.0,981.0,3.6025,116400.0,INLAND
1488,population,True,False,3.331015945330296,-119.27,34.17,15.0,11403.0,2131.0,3327.0,1585.0,4.3693,423300.0,NEAR OCEAN
1498,population,True,True,5.758601366742597,-121.65,36.69,21.0,7884.0,2011.0,4907.0,1919.0,2.7367,160300.0,<1H OCEAN
1525,population,True,False,3.0267995444191342,-118.38,34.18,32.0,3553.0,1060.0,3129.0,1010.0,2.5603,174200.0,<1H OCEAN
1587,population,True,True,4.509470387243736,-118.26,34.14,29.0,3431.0,1222.0,4094.0,1205.0,2.2614,248100.0,<1H OCEAN
1596,population,True,True,4.122285876993166,-118.09,34.04,18.0,5580.0,1369.0,3842.0,1276.0,3.6512,168500.0,<1H OCEAN
1609,population,True,True,4.623167425968109,-121.57,37.0,18.0,7241.0,1225.0,4168.0,1138.0,4.5714,260300.0,INLAND
1657,population,True,True,9.020477220956721,-118.45,34.44,16.0,13406.0,2574.0,7030.0,2440.0,4.6861,187900.0,<1H OCEAN
1681,population,True,True,8.513449886104784,-118.77,34.24,6.0,16222.0,2309.0,6700.0,2080.0,6.4963,308100.0,<1H OCEAN
1684,population,True,False,3.4662232346241457,-119.2,35.37,6.0,7383.0,1095.0,3415.0,1059.0,5.3119,157300.0,INLAND
1685,population,True,True,4.4065284738041,-117.99,34.04,30.0,4468.0,959.0,4027.0,938.0,3.185,168300.0,<1H OCEAN
1692,population,True,True,4.222154897494305,-121.44,37.73,7.0,8363.0,1314.0,3907.0,1068.0,5.3321,208100.0,INLAND
1752,population,True,False,3.4247391799544418,-117.45,34.13,16.0,5058.0,965.0,3388.0,878.0,3.6417,119000.0,INLAND
1753,population,True,True,4.699989749430524,-117.31,33.94,7.0,11232.0,1791.0,4218.0,1644.0,5.2713,216500.0,INLAND
1759,population,True,False,3.211173120728929,-117.86,33.73,30.0,2651.0,572.0,3249.0,552.0,3.7202,182100.0,<1H OCEAN
1760,population,True,False,3.117449886104784,-118.87,34.18,21.0,5661.0,1369.0,3188.0,1308.0,3.4676,212800.0,<1H OCEAN
1766,population,True,True,3.6075763097949882,-121.25,38.72,10.0,7277.0,1168.0,3507.0,1131.0,4.485,179400.0,INLAND
1792,population,True,True,3.519998861047836,-117.4,33.85,9.0,7538.0,1125.0,3450.0,1077.0,5.4625,223600.0,INLAND
1795,population,True,True,5.107148063781321,-118.49,34.26,25.0,8389.0,1872.0,4483.0,1747.0,3.5497,261300.0,<1H OCEAN
1802,population,True,True,3.519998861047836,-118.92,35.26,20.0,3815.0,924.0,3450.0,920.0,2.0174,63700.0,INLAND
1803,population,True,True,9.665784738041001,-118.52,34.17,20.0,17377.0,4457.0,7450.0,4204.0,3.2154,259600.0,<1H OCEAN
1825,population,True,True,4.547881548974943,-118.05,34.07,32.0,4492.0,1075.0,4119.0,1035.0,3.2373,183100.0,<1H OCEAN
1888,population,True,True,9.877814350797266,-117.36,34.48,3.0,16533.0,2549.0,7588.0,2285.0,3.9792,122100.0,INLAND
1890,population,True,False,3.1543246013667425,-118.17,34.09,33.0,2907.0,797.0,3212.0,793.0,2.2348,146600.0,<1H OCEAN
1904,population,True,True,3.6920808656036446,-117.0,34.87,16.0,6862.0,1292.0,3562.0,1126.0,3.6091,87200.0,INLAND
1924,population,True,True,4.670797266514806,-119.04,34.23,21.0,9807.0,1614.0,4199.0,1554.0,5.0145,246600.0,<1H OCEAN
1927,population,True,False,3.0037528473804103,-117.37,34.13,18.0,5877.0,1043.0,3114.0,1002.0,4.0294,133200.0,INLAND
1931,population,True,True,5.180897494305238,-122.37,37.81,26.0,5416.0,1045.0,4531.0,962.0,2.7909,250000.0,NEAR BAY
1939,population,True,False,3.447785876993166,-118.42,34.2,27.0,3201.0,970.0,3403.0,948.0,2.2377,231700.0,<1H OCEAN
1964,population,True,True,9.187949886104784,-117.29,33.63,7.0,16010.0,2726.0,7139.0,2426.0,3.8056,162200.0,<1H OCEAN
1970,population,True,False,3.017580865603645,-118.16,34.6,5.0,7294.0,1139.0,3123.0,930.0,4.9904,154100.0,INLAND
1994,population,True,True,4.747619589977221,-117.57,34.15,3.0,12806.0,2219.0,4249.0,1499.0,5.485,343100.0,INLAND
2013,population,True,True,3.5753109339407745,-122.09,37.91,18.0,9576.0,1455.0,3486.0,1380.0,7.0895,306900.0,NEAR BAY
2028,population,True,True,3.8779908883826875,-117.04,32.97,13.0,6711.0,1256.0,3683.0,1220.0,4.5746,175700.0,<1H OCEAN
2043,population,True,True,3.768903189066059,-121.83,36.61,27.0,5665.0,1281.0,3612.0,1191.0,3.0542,142100.0,<1H OCEAN
2100,population,True,True,5.038007972665148,-117.12,32.95,4.0,9018.0,1572.0,4438.0,1498.0,4.988,263700.0,<1H OCEAN
2126,population,True,False,3.12974145785877,-122.06,38.27,14.0,6920.0,996.0,3196.0,978.0,5.0672,171300.0,INLAND
2168,population,True,False,3.1666161731207287,-118.23,34.11,35.0,4148.0,971.0,3220.0,892.0,3.3389,187100.0,<1H OCEAN
2179,population,True,True,4.24520159453303,-118.38,34.01,18.0,9528.0,2075.0,3922.0,1920.0,4.7612,304100.0,<1H OCEAN
2182,population,True,False,3.072892938496583,-117.04,32.65,8.0,8806.0,1401.0,3159.0,1059.0,4.2155,247800.0,NEAR OCEAN
2184,population,True,True,3.977859908883827,-122.08,37.96,21.0,9135.0,1534.0,3748.0,1502.0,6.0859,266000.0,NEAR BAY
2214,population,True,True,3.9671047835990887,-122.62,38.4,10.0,9772.0,1308.0,3741.0,1242.0,6.5261,324700.0,<1H OCEAN
2240,population,True,True,5.514306378132118,-121.98,37.32,17.0,9789.0,2552.0,4748.0,2206.0,4.2531,279800.0,<1H OCEAN
2241,population,True,True,7.553170842824602,-122.05,37.57,7.0,10648.0,1818.0,6075.0,1797.0,6.1047,278200.0,NEAR BAY
2285,population,True,True,8.491939635535307,-117.23,33.89,5.0,11775.0,2031.0,6686.0,1911.0,4.1953,136600.0,INLAND
2291,population,True,False,3.034481776765376,-114.59,33.61,34.0,4789.0,1175.0,3134.0,1056.0,2.1782,58400.0,INLAND
2298,population,True,True,53.042741457858774,-117.42,33.35,14.0,25135.0,4819.0,35682.0,4769.0,2.5729,134400.0,<1H OCEAN
2340,population,True,True,9.108054669703872,-118.55,34.44,14.0,15348.0,2366.0,7087.0,2169.0,6.3277,237700.0,INLAND
2359,population,True,True,9.96385535307517,-117.08,32.97,3.0,17466.0,3336.0,7644.0,2895.0,5.4584,246500.0,<1H OCEAN
2374,population,True,True,6.50224145785877,-118.02,34.57,4.0,10655.0,1706.0,5391.0,1529.0,5.083,151300.0,INLAND
2380,population,True,False,3.1374236902050114,-121.3,37.92,28.0,3308.0,766.0,3201.0,720.0,1.7694,73900.0,INLAND
2411,population,True,True,7.239735763097951,-118.07,34.56,5.0,10264.0,1821.0,5871.0,1790.0,4.2329,145500.0,INLAND
2424,population,True,True,9.532113895216401,-117.61,34.14,14.0,15809.0,2485.0,7363.0,2410.0,5.5198,245600.0,INLAND
2426,population,True,False,3.008362186788155,-117.89,33.75,34.0,2753.0,654.0,3117.0,631.0,3.1713,170100.0,<1H OCEAN
2447,population,True,True,8.223061503416856,-122.31,40.55,11.0,13714.0,2302.0,6511.0,2267.0,3.5522,100100.0,INLAND
2454,population,True,True,4.208326879271071,-117.03,32.75,24.0,7879.0,1655.0,3898.0,1534.0,3.0897,187300.0,NEAR OCEAN
2496,population,True,True,4.789103644646924,-121.6,37.9,5.0,14684.0,2252.0,4276.0,1722.0,6.9051,340900.0,INLAND
2522,population,True,True,5.463603644646924,-122.47,37.81,45.0,6927.0,1258.0,4715.0,1165.0,3.4051,500001.0,NEAR BAY
2537,population,True,False,3.3555990888382685,-121.3,38.02,16.0,2717.0,621.0,3343.0,643.0,2.5473,106300.0,INLAND
2540,population,True,True,9.324693621867882,-117.9,33.98,20.0,9893.0,2283.0,7228.0,2159.0,3.253,186700.0,<1H OCEAN
2543,population,True,False,3.1527881548974945,-118.26,33.83,28.0,4112.0,861.0,3211.0,841.0,4.4539,192200.0,<1H OCEAN
2582,population,True,True,7.6054100227790435,-122.56,38.06,19.0,15622.0,2721.0,6109.0,2615.0,5.0965,295300.0,NEAR BAY
2588,population,True,False,3.1850535307517083,-118.88,34.19,16.0,7268.0,1729.0,3232.0,1653.0,3.3703,228700.0,<1H OCEAN
2592,population,True,True,4.074656036446469,-116.38,33.73,10.0,11836.0,2405.0,3811.0,1570.0,4.0079,134500.0,INLAND
2594,population,True,True,4.907410022779043,-118.19,34.22,32.0,10626.0,1504.0,4353.0,1482.0,9.8413,500001.0,<1H OCEAN
2614,population,True,True,11.182257403189064,-117.21,33.97,3.0,18356.0,2537.0,8437.0,2342.0,5.6409,197700.0,INLAND
2623,population,True,True,3.599894077448747,-117.73,34.08,28.0,5173.0,1069.0,3502.0,954.0,3.8438,130800.0,INLAND
2629,population,True,True,9.68575854214123,-121.49,38.62,8.0,15309.0,2996.0,7463.0,2885.0,3.9143,129700.0,INLAND
2635,population,True,True,11.904387243735762,-117.92,33.98,10.0,16414.0,2919.0,8907.0,2714.0,6.1552,362500.0,<1H OCEAN
2661,population,True,False,3.4769783599088835,-121.42,38.47,11.0,5665.0,1507.0,3422.0,1299.0,2.3343,97800.0,INLAND
2703,population,True,True,4.251347380410023,-121.9,37.67,7.0,9540.0,1294.0,3926.0,1229.0,7.4353,389800.0,<1H OCEAN
2759,population,True,True,4.216009111617312,-117.9,33.68,25.0,7060.0,1159.0,3903.0,1139.0,4.8359,249200.0,<1H OCEAN
2767,population,True,True,4.2943678815489745,-117.61,34.12,17.0,6709.0,1198.0,3954.0,1161.0,4.6997,156900.0,INLAND
2769,population,True,True,3.5030979498861043,-121.56,37.08,17.0,6725.0,1051.0,3439.0,1027.0,6.4313,393100.0,<1H OCEAN
2771,population,True,True,3.7335649202733485,-120.59,37.39,16.0,4717.0,1119.0,3589.0,1017.0,2.1061,72800.0,INLAND
2821,population,True,False,3.241902050113895,-119.13,35.22,5.0,6268.0,1003.0,3269.0,980.0,5.1457,118200.0,INLAND
2823,population,True,True,8.610246013667426,-117.23,33.94,7.0,13195.0,2696.0,6763.0,2437.0,3.5851,142000.0,INLAND
2830,population,True,True,11.776862186788154,-117.12,33.49,4.0,21988.0,4055.0,8824.0,3252.0,3.9963,191100.0,<1H OCEAN
2834,population,True,False,3.225001138952164,-117.54,33.76,5.0,5846.0,1035.0,3258.0,1001.0,4.7965,160800.0,<1H OCEAN
2868,population,True,True,5.612638952164009,-118.18,33.78,26.0,3042.0,1253.0,4812.0,1141.0,1.7701,146200.0,NEAR OCEAN
2955,population,True,True,4.047,-119.12,34.38,28.0,7200.0,1281.0,3793.0,1238.0,4.075,237900.0,<1H OCEAN
2957,population,True,True,6.961638952164009,-117.47,34.12,6.0,10565.0,1767.0,5690.0,1555.0,4.1797,141000.0,INLAND
2965,population,True,True,3.9455945330296127,-118.29,34.07,24.0,4021.0,1707.0,3727.0,1529.0,1.7365,112500.0,<1H OCEAN
2966,population,True,False,3.019117312072893,-118.0,33.97,30.0,6540.0,991.0,3124.0,953.0,6.0663,372600.0,<1H OCEAN
2991,population,True,False,3.1251321184510252,-118.36,33.95,26.0,3231.0,1089.0,3193.0,1020.0,2.6535,177200.0,<1H OCEAN
3015,population,True,True,5.497405466970387,-122.38,37.73,15.0,6804.0,1664.0,4737.0,1581.0,1.4133,203400.0,NEAR BAY
3016,population,True,True,6.668177676537585,-117.58,34.14,7.0,11818.0,1745.0,5499.0,1600.0,5.3678,231700.0,INLAND
3021,population,True,True,3.599894077448747,-117.34,34.08,33.0,4924.0,1007.0,3502.0,953.0,3.233,99400.0,INLAND
3025,population,True,False,3.0421640091116173,-121.44,38.47,5.0,5666.0,1178.0,3139.0,1131.0,3.3608,108900.0,INLAND
3033,population,True,True,3.639841685649203,-118.02,34.07,21.0,3245.0,959.0,3528.0,887.0,2.3236,156300.0,INLAND
3050,population,True,False,3.3048963553530752,-119.19,34.15,31.0,4175.0,1004.0,3310.0,954.0,3.1989,185400.0,NEAR OCEAN
3073,population,True,False,3.1481788154897496,-116.26,33.72,10.0,9404.0,1827.0,3208.0,1283.0,3.1086,105800.0,INLAND
3082,population,True,True,4.786030751708428,-116.5,33.95,10.0,7249.0,1882.0,4274.0,1621.0,1.6983,66600.0,INLAND
3099,population,True,True,3.773512528473804,-117.4,34.09,5.0,6190.0,993.0,3615.0,963.0,4.4034,133200.0,INLAND
3109,population,True,False,3.2864589977220957,-118.37,34.16,6.0,6526.0,2007.0,3298.0,1790.0,2.7231,250000.0,<1H OCEAN
3110,population,True,False,3.3433075170842823,-117.25,33.12,8.0,8552.0,1437.0,3335.0,1323.0,5.311,255800.0,NEAR OCEAN
3117,population,True,True,6.843332574031891,-122.1,37.63,18.0,9963.0,2031.0,5613.0,1946.0,3.8171,187200.0,NEAR BAY
3128,population,True,True,3.6029669703872433,-119.16,34.2,35.0,2183.0,636.0,3504.0,623.0,1.9704,160300.0,NEAR OCEAN
3146,population,True,True,4.033171981776765,-117.18,32.81,19.0,6823.0,1509.0,3784.0,1509.0,3.1032,179500.0,NEAR OCEAN
3155,population,True,True,8.458137813211845,-118.36,33.84,22.0,11016.0,3170.0,6664.0,2838.0,3.703,361300.0,<1H OCEAN
3175,population,True,True,9.438390660592255,-117.01,32.83,17.0,15401.0,3280.0,7302.0,3176.0,3.3067,121900.0,<1H OCEAN
3178,population,True,True,3.8503348519362186,-117.24,33.77,9.0,6907.0,1379.0,3665.0,1290.0,2.8401,104200.0,INLAND
3184,population,True,True,7.33806833712984,-121.28,37.82,10.0,9205.0,1774.0,5935.0,1673.0,3.65,119400.0,INLAND
3185,population,True,True,4.8152232346241455,-118.3,34.18,13.0,7174.0,1997.0,4293.0,1872.0,3.0973,251900.0,<1H OCEAN
3195,population,True,True,9.896251708428245,-117.52,33.99,14.0,13562.0,2057.0,7600.0,2086.0,5.2759,182900.0,INLAND
3210,population,True,True,5.038007972665148,-121.13,38.66,2.0,12360.0,1747.0,4438.0,1470.0,6.2503,222500.0,INLAND
3211,population,True,False,3.314115034168565,-121.82,39.75,29.0,7744.0,1375.0,3316.0,1365.0,3.0253,111400.0,INLAND
3212,population,True,True,3.5968211845102505,-119.29,35.76,15.0,3938.0,789.0,3500.0,768.0,2.1295,59800.0,INLAND
3246,population,True,True,7.79746583143508,-121.86,37.34,29.0,5274.0,1625.0,6234.0,1639.0,2.5947,177300.0,<1H OCEAN
3255,population,True,False,3.055992027334852,-118.38,34.09,24.0,8264.0,2437.0,3148.0,2274.0,3.5659,281300.0,<1H OCEAN
3274,population,True,False,3.409374715261959,-121.24,37.82,9.0,6169.0,959.0,3378.0,945.0,5.1047,157900.0,INLAND
3277,population,True,True,3.778121867881549,-118.48,34.22,22.0,3430.0,1214.0,3618.0,1092.0,2.1974,93800.0,<1H OCEAN
3312,population,True,True,5.262329157175398,-119.06,35.35,20.0,9351.0,2139.0,4584.0,1953.0,2.575,69900.0,INLAND
3318,population,True,True,4.162233485193622,-117.06,32.77,32.0,3888.0,827.0,3868.0,841.0,3.0755,166800.0,NEAR OCEAN
3323,population,True,True,3.6966902050113895,-117.37,33.94,14.0,9286.0,1269.0,3565.0,1238.0,6.6635,219600.0,INLAND
3341,population,True,True,5.245428246013668,-117.23,33.96,5.0,9179.0,1361.0,4573.0,1294.0,5.253,163300.0,INLAND
3346,population,True,True,7.304266514806378,-117.42,33.98,16.0,10072.0,2043.0,5913.0,1909.0,3.0606,119500.0,INLAND
3404,population,True,True,4.380408883826879,-121.98,38.29,4.0,8778.0,1291.0,4010.0,1188.0,5.4399,187100.0,INLAND
3422,population,True,False,3.3494533029612756,-117.97,34.09,27.0,3569.0,761.0,3339.0,762.0,4.1304,160500.0,INLAND
3430,population,True,False,3.340234624145786,-118.11,33.77,15.0,9103.0,1847.0,3333.0,1712.0,5.1508,367300.0,NEAR OCEAN
3434,population,True,False,3.055992027334852,-117.06,32.56,5.0,2706.0,925.0,3148.0,855.0,1.7301,125000.0,NEAR OCEAN
3466,population,True,True,4.185280182232346,-117.93,34.01,23.0,3188.0,836.0,3883.0,840.0,2.1863,157600.0,<1H OCEAN
3504,population,True,True,3.8856731207289297,-117.27,34.1,9.0,3904.0,1042.0,3688.0,896.0,1.8022,78000.0,INLAND
3509,population,True,False,3.077502277904328,-117.88,33.63,21.0,9565.0,2289.0,3162.0,1831.0,4.7024,345400.0,<1H OCEAN
3511,population,True,True,3.7704396355353076,-118.01,33.74,25.0,8110.0,1264.0,3613.0,1232.0,6.0609,264900.0,<1H OCEAN
3516,population,True,True,3.9133291571753985,-121.86,37.0,16.0,8638.0,1392.0,3706.0,1251.0,5.503,351800.0,<1H OCEAN
3531,population,True,False,3.019117312072893,-122.27,38.12,42.0,5266.0,1167.0,3124.0,1025.0,2.7375,120000.0,NEAR BAY
3585,population,True,True,5.737091116173121,-119.01,35.3,7.0,8596.0,1597.0,4893.0,1520.0,3.9054,80900.0,INLAND
3588,population,True,True,10.851921412300683,-117.58,33.85,6.0,16431.0,2640.0,8222.0,2553.0,5.2861,195100.0,INLAND
3592,population,True,True,3.821142369020501,-118.3,34.08,32.0,2880.0,1063.0,3646.0,1028.0,2.3846,258300.0,<1H OCEAN
3597,population,True,False,3.420129840546697,-117.92,33.74,13.0,4620.0,1265.0,3385.0,1109.0,3.1773,186500.0,<1H OCEAN
3605,population,True,True,5.024179954441913,-117.88,34.01,16.0,6756.0,1332.0,4429.0,1299.0,4.7589,178200.0,<1H OCEAN
3608,population,True,True,3.6582790432801824,-118.33,34.24,31.0,6434.0,1188.0,3540.0,1131.0,4.2639,293300.0,<1H OCEAN
3653,population,True,True,3.994760820045558,-121.54,38.49,6.0,9104.0,1535.0,3759.0,1481.0,5.1442,174500.0,INLAND
3659,population,True,True,5.282302961275627,-117.66,33.65,13.0,8527.0,1364.0,4597.0,1393.0,6.2242,237900.0,<1H OCEAN
3667,population,True,True,8.737771070615034,-118.29,34.06,42.0,3894.0,2293.0,6846.0,2156.0,1.5553,70000.0,<1H OCEAN
3708,population,True,False,3.2342198177676535,-118.15,33.98,17.0,3361.0,925.0,3264.0,914.0,2.2813,145600.0,<1H OCEAN
3726,population,True,True,4.120749430523918,-117.68,34.1,11.0,7392.0,1796.0,3841.0,1621.0,2.8326,163000.0,INLAND
3729,population,True,False,3.112840546697039,-117.45,33.93,20.0,5998.0,1320.0,3185.0,1199.0,3.2731,113900.0,INLAND
3752,population,True,True,4.19142596810934,-117.55,33.85,4.0,8207.0,1373.0,3887.0,1304.0,4.8686,195300.0,INLAND
3767,population,True,True,7.858923690205011,-116.47,33.81,7.0,10105.0,2481.0,6274.0,2095.0,2.4497,90900.0,INLAND
3773,population,True,True,5.334542141230068,-118.48,35.14,4.0,8417.0,1657.0,4631.0,1468.0,3.6949,115800.0,INLAND
3813,population,True,False,3.1712255125284736,-122.0,37.51,7.0,6352.0,1390.0,3223.0,1316.0,4.9867,181700.0,<1H OCEAN
3833,population,True,True,4.19142596810934,-118.28,33.83,18.0,5923.0,1409.0,3887.0,1322.0,3.4712,194400.0,<1H OCEAN
3848,population,True,True,6.317867881548975,-117.49,33.9,7.0,10235.0,2238.0,5271.0,2094.0,3.6071,159100.0,INLAND
3853,population,True,True,3.5660922551252847,-118.32,34.05,42.0,3343.0,1183.0,3480.0,1146.0,1.9923,250000.0,<1H OCEAN
3861,population,True,True,4.1775979498861044,-117.96,34.1,35.0,4036.0,904.0,3878.0,846.0,3.2957,141600.0,INLAND
3870,population,True,False,3.2265375854214122,-118.2,33.98,30.0,2369.0,753.0,3259.0,770.0,2.1964,158500.0,<1H OCEAN
3915,population,True,True,11.512593394077449,-121.35,38.72,2.0,21897.0,3513.0,8652.0,2873.0,4.5432,151300.0,INLAND
3921,population,True,True,3.910256264236902,-121.59,37.02,14.0,6355.0,1279.0,3704.0,1224.0,4.4233,228600.0,INLAND
3945,population,True,True,3.500025056947608,-122.25,37.56,19.0,7976.0,1406.0,3437.0,1338.0,5.6396,430300.0,NEAR BAY
3961,population,True,True,5.050299544419134,-117.08,32.83,7.0,13703.0,2352.0,4446.0,1856.0,6.4335,260600.0,<1H OCEAN
4037,population,True,True,3.6367687927107064,-121.26,38.74,22.0,7173.0,1314.0,3526.0,1316.0,3.3941,135900.0,INLAND
4038,population,True,False,3.0129715261959,-121.88,37.33,35.0,3300.0,1154.0,3120.0,1075.0,1.473,213600.0,<1H OCEAN
4063,population,True,True,7.161376993166288,-117.46,34.04,3.0,12870.0,2315.0,5820.0,1759.0,4.2429,147300.0,INLAND
4064,population,True,True,4.4925694760820045,-122.1,37.93,20.0,10212.0,1424.0,4083.0,1374.0,8.039,382200.0,NEAR BAY
4098,population,True,True,9.393833712984055,-122.06,37.4,21.0,12855.0,3226.0,7273.0,3052.0,4.3351,267400.0,NEAR BAY
4108,population,True,True,3.5799202733485194,-121.77,37.67,20.0,8068.0,1217.0,3489.0,1259.0,5.7907,264200.0,INLAND
4113,population,True,True,4.159160592255125,-121.56,37.0,20.0,3976.0,953.0,3866.0,950.0,2.5387,160100.0,INLAND
4123,population,True,True,5.815449886104783,-117.85,34.11,25.0,9255.0,1659.0,4944.0,1627.0,4.5708,223000.0,INLAND
4133,population,True,False,3.194272209567198,-122.0,38.28,3.0,7030.0,1191.0,3238.0,1055.0,4.962,161700.0,INLAND
4158,population,True,False,3.12974145785877,-117.95,33.76,24.0,3956.0,812.0,3196.0,795.0,4.3512,191400.0,<1H OCEAN
4164,population,True,True,6.662031890660592,-117.32,33.15,15.0,13245.0,2212.0,5495.0,2060.0,5.4904,262100.0,NEAR OCEAN
4173,population,True,True,10.229660592255126,-121.83,37.31,19.0,11181.0,1895.0,7817.0,1853.0,5.6058,232700.0,<1H OCEAN
4190,population,True,False,3.4447129840546697,-118.47,34.29,18.0,4256.0,987.0,3401.0,955.0,4.2935,190000.0,<1H OCEAN
4197,population,True,True,6.76343735763098,-119.73,36.74,14.0,6202.0,1551.0,5561.0,1435.0,1.6073,64700.0,INLAND
4214,population,True,True,8.006422551252848,-119.2,34.19,19.0,9503.0,1769.0,6370.0,1718.0,5.0016,218500.0,NEAR OCEAN
4221,population,True,True,4.231373576309795,-118.23,33.96,44.0,3186.0,876.0,3913.0,842.0,3.0143,148200.0,<1H OCEAN
4230,population,True,True,4.045463553530752,-118.13,33.95,24.0,6662.0,1852.0,3792.0,1735.0,3.1104,230000.0,<1H OCEAN
4232,population,True,True,5.061054669703872,-118.49,34.43,15.0,8244.0,1409.0,4453.0,1357.0,5.4829,199600.0,<1H OCEAN
4260,population,True,False,3.1420330296127563,-117.41,34.11,12.0,6758.0,1550.0,3204.0,1279.0,2.5181,105500.0,INLAND
4297,population,True,True,10.040677676537586,-118.2,34.69,5.0,9076.0,1503.0,7694.0,1278.0,4.875,163400.0,INLAND
4371,population,True,False,3.2296104783599087,-117.08,32.62,16.0,5192.0,1381.0,3261.0,1321.0,2.2685,151900.0,NEAR OCEAN
4379,population,True,False,3.117449886104784,-121.9,37.41,24.0,4759.0,921.0,3188.0,902.0,5.6344,228700.0,<1H OCEAN
4396,population,True,False,3.2342198177676535,-120.91,38.98,13.0,7689.0,1415.0,3264.0,1198.0,3.653,146800.0,INLAND
4401,population,True,True,4.031635535307517,-122.46,37.63,22.0,6728.0,1382.0,3783.0,1310.0,5.0479,280400.0,NEAR OCEAN
4411,population,True,True,4.083874715261959,-118.1,34.07,33.0,3437.0,1081.0,3817.0,1042.0,2.25,203700.0,<1H OCEAN
4419,population,True,True,3.667497722095672,-124.15,41.81,17.0,3276.0,628.0,3546.0,585.0,2.2868,103100.0,NEAR OCEAN
4430,population,True,True,6.634375854214123,-117.88,33.75,34.0,3004.0,673.0,5477.0,640.0,2.8342,187200.0,<1H OCEAN
4477,population,True,True,3.793486332574032,-121.86,39.78,12.0,7653.0,1578.0,3628.0,1494.0,3.0905,117800.0,INLAND
4503,population,True,True,8.816129840546697,-118.42,33.75,22.0,17591.0,2604.0,6897.0,2492.0,8.2831,500001.0,NEAR OCEAN
4504,population,True,False,3.155861047835991,-117.27,34.45,8.0,6463.0,1095.0,3213.0,1031.0,3.2215,108800.0,INLAND
4520,population,True,True,9.908543280182231,-121.35,38.7,5.0,14414.0,2979.0,7608.0,2832.0,3.5802,129600.0,INLAND
4531,population,True,True,4.560173120728929,-117.29,33.19,18.0,6235.0,1233.0,4127.0,1162.0,3.0704,151600.0,NEAR OCEAN
4669,population,True,True,4.464913439635535,-122.08,37.64,30.0,5267.0,1253.0,4065.0,1113.0,3.3479,182100.0,NEAR BAY
4689,population,True,True,4.282076309794989,-117.94,33.91,18.0,8836.0,1527.0,3946.0,1451.0,5.6441,313000.0,<1H OCEAN
4690,population,True,True,21.32280410022779,-117.87,34.04,7.0,27700.0,4179.0,15037.0,4072.0,6.6288,339700.0,<1H OCEAN
4723,population,True,True,3.635232346241458,-119.05,35.32,11.0,7035.0,1455.0,3525.0,1387.0,3.4827,93600.0,INLAND
4767,population,True,True,6.949347380410023,-116.19,33.69,11.0,5692.0,1346.0,5682.0,1273.0,2.5383,74000.0,INLAND
4799,population,True,False,3.1850535307517083,-118.02,33.94,23.0,4815.0,1081.0,3232.0,1016.0,3.488,191800.0,<1H OCEAN
4800,population,True,True,5.735554669703872,-118.14,34.57,6.0,9882.0,1892.0,4892.0,1621.0,3.7636,167600.0,INLAND
4810,population,True,False,3.2833861047835993,-118.3,34.07,18.0,3759.0,,3296.0,1462.0,2.2708,175000.0,<1H OCEAN
4850,population,True,True,4.666187927107061,-118.15,33.89,30.0,4426.0,995.0,4196.0,921.0,3.274,148300.0,<1H OCEAN
4855,population,True,True,8.109364464692483,-119.16,34.17,17.0,7982.0,1603.0,6437.0,1596.0,4.1279,223900.0,NEAR OCEAN
4867,population,True,True,9.313938496583143,-118.28,34.07,25.0,7522.0,3179.0,7221.0,2902.0,2.0173,177500.0,<1H OCEAN
4878,population,True,True,5.399072892938496,-118.12,33.92,27.0,6336.0,1628.0,4673.0,1505.0,2.5893,183700.0,<1H OCEAN
4883,population,True,False,3.2004179954441914,-117.86,33.74,38.0,2415.0,642.0,3242.0,599.0,3.425,165600.0,<1H OCEAN
4901,population,True,True,4.279003416856492,-118.22,33.86,16.0,8732.0,1489.0,3944.0,1493.0,5.1948,203500.0,<1H OCEAN
4922,population,True,True,4.931993166287016,-117.75,34.1,21.0,8069.0,2174.0,4369.0,2036.0,3.2756,156800.0,INLAND
4925,population,True,True,14.275124145785876,-117.75,34.01,4.0,22128.0,3522.0,10450.0,3258.0,6.1287,289600.0,<1H OCEAN
4931,population,True,True,3.5553371298405465,-118.41,34.32,18.0,6572.0,1105.0,3473.0,1067.0,5.2987,203400.0,<1H OCEAN
5002,population,True,True,3.6966902050113895,-115.5,32.68,18.0,3631.0,913.0,3565.0,924.0,1.5931,88400.0,INLAND
5013,population,True,True,5.724799544419134,-121.28,38.55,35.0,7088.0,1279.0,4885.0,1272.0,2.6981,112500.0,INLAND
5041,population,True,True,5.545035307517084,-118.52,34.4,5.0,7748.0,1557.0,4768.0,1393.0,5.305,311200.0,<1H OCEAN
5050,population,True,True,3.8426526195899773,-117.27,34.39,6.0,6988.0,1121.0,3660.0,1092.0,4.2224,125700.0,INLAND
5061,population,True,False,3.2710945330296126,-118.33,33.94,31.0,3757.0,1102.0,3288.0,964.0,1.9309,137500.0,<1H OCEAN
5071,population,True,False,3.38171867881549,-117.6,34.11,18.0,6025.0,1062.0,3360.0,1028.0,4.8889,155700.0,INLAND
5079,population,True,True,4.590902050113895,-121.48,38.62,23.0,7709.0,1279.0,4147.0,1262.0,3.8272,96600.0,INLAND
5106,population,True,False,3.0913302961275626,-117.9,33.74,24.0,1435.0,494.0,3171.0,504.0,3.0833,151700.0,<1H OCEAN
5107,population,True,True,9.890105922551252,-117.23,33.91,9.0,11654.0,2100.0,7596.0,2127.0,4.0473,127200.0,INLAND
5114,population,True,True,4.027026195899772,-117.27,34.06,20.0,5258.0,1514.0,3780.0,1404.0,2.025,85700.0,INLAND
5119,population,True,False,3.1251321184510252,-118.04,33.84,21.0,6623.0,1204.0,3193.0,1129.0,4.5395,256000.0,<1H OCEAN
5122,population,True,True,4.0577551252847375,-117.87,33.76,6.0,2992.0,1194.0,3800.0,1130.0,2.246,183300.0,<1H OCEAN
5125,population,True,False,3.430884965831435,-118.35,33.74,25.0,8272.0,1132.0,3392.0,1132.0,10.0973,500001.0,NEAR OCEAN
5128,population,True,True,4.655432801822323,-121.42,37.71,7.0,8297.0,1433.0,4189.0,1271.0,4.3696,170700.0,INLAND
5139,population,True,False,3.392473804100228,-117.73,34.04,26.0,3827.0,814.0,3367.0,810.0,3.15,129700.0,INLAND
5148,population,True,True,3.5799202733485194,-117.32,34.54,9.0,5904.0,1165.0,3489.0,1063.0,3.125,92800.0,INLAND
5166,population,True,True,4.881290432801823,-118.2,34.1,30.0,3643.0,1197.0,4336.0,1163.0,2.07,154500.0,<1H OCEAN
5207,population,True,True,5.753992027334852,-117.84,34.04,4.0,9959.0,1544.0,4904.0,1429.0,6.9754,402500.0,<1H OCEAN
5210,population,True,True,5.211626423690205,-118.21,33.92,28.0,2949.0,1003.0,4551.0,930.0,1.9026,131900.0,<1H OCEAN
5224,population,True,True,4.638531890660592,-118.62,34.26,15.0,10860.0,1653.0,4178.0,1581.0,6.3249,262100.0,<1H OCEAN
5262,population,True,False,3.3248701594533028,-118.29,34.03,29.0,3544.0,1384.0,3323.0,1213.0,1.0219,258300.0,<1H OCEAN
5272,population,True,True,3.7043724373576308,-122.01,38.25,11.0,6550.0,1149.0,3570.0,1123.0,3.8583,137900.0,INLAND
5287,population,True,True,4.0930933940774485,-117.6,33.87,15.0,7626.0,1570.0,3823.0,1415.0,3.4419,138100.0,INLAND
5292,population,True,True,5.400609339407745,-121.32,38.59,21.0,9774.0,1777.0,4674.0,1712.0,3.6817,136100.0,INLAND
5304,population,True,True,7.192105922551253,-118.3,34.07,28.0,5221.0,2530.0,5840.0,2374.0,1.8829,300000.0,<1H OCEAN
5316,population,True,False,3.332552391799544,-117.85,33.73,28.0,1499.0,574.0,3328.0,595.0,2.4539,115000.0,<1H OCEAN
5321,population,True,False,3.3018234624145784,-117.93,33.76,24.0,3202.0,703.0,3308.0,714.0,4.1577,174100.0,<1H OCEAN
5344,population,True,True,13.340964692482915,-118.43,34.43,5.0,21113.0,4386.0,9842.0,3886.0,4.2037,194600.0,<1H OCEAN
5345,population,True,False,3.052919134396355,-117.04,32.9,6.0,6525.0,826.0,3146.0,806.0,9.2858,436100.0,<1H OCEAN
5347,population,True,True,5.903027334851936,-121.06,38.7,9.0,13255.0,1739.0,5001.0,1627.0,6.314,228900.0,INLAND
5378,population,True,True,5.621857630979499,-117.91,33.76,20.0,4413.0,,4818.0,1063.0,2.8594,215100.0,<1H OCEAN
5381,population,True,True,4.325096810933941,-118.26,34.06,42.0,2541.0,1282.0,3974.0,1189.0,1.5854,87500.0,<1H OCEAN
5398,population,True,False,3.251120728929385,-121.26,38.7,9.0,7812.0,1348.0,3275.0,1178.0,4.3826,146600.0,INLAND
5407,population,True,False,3.2849225512528473,-116.93,33.93,13.0,7804.0,1594.0,3297.0,1469.0,2.0549,95600.0,INLAND
5417,population,True,True,5.793939635535307,-120.97,38.42,16.0,1748.0,322.0,4930.0,287.0,4.3029,121900.0,INLAND
5418,population,True,False,3.1589339407744874,-121.96,37.51,22.0,5811.0,1125.0,3215.0,1086.0,4.4107,223500.0,<1H OCEAN
5428,population,True,True,4.429575170842824,-116.01,33.51,24.0,2985.0,958.0,4042.0,905.0,1.7344,66400.0,INLAND
5503,population,True,True,4.2928314350797265,-118.3,34.09,40.0,3058.0,1215.0,3953.0,1223.0,1.8156,218800.0,<1H OCEAN
5523,population,True,True,7.780564920273349,-117.7,33.48,6.0,16590.0,2696.0,6223.0,2357.0,6.3088,340300.0,<1H OCEAN
5528,population,True,True,5.546571753986333,-121.42,38.51,15.0,7901.0,1422.0,4769.0,1418.0,2.8139,90400.0,INLAND
5536,population,True,True,12.703339407744874,-117.79,34.02,5.0,18690.0,2862.0,9427.0,2777.0,6.4266,315600.0,<1H OCEAN
5563,population,True,True,4.086947608200456,-117.59,34.16,10.0,9467.0,1181.0,3819.0,1122.0,7.8252,361400.0,INLAND
5579,population,True,True,3.727419134396355,-118.56,34.14,23.0,9657.0,1189.0,3585.0,1162.0,10.4399,500001.0,<1H OCEAN
5620,population,True,True,6.909399772209567,-121.46,38.49,15.0,10211.0,1995.0,5656.0,1752.0,2.575,107900.0,INLAND
5628,population,True,False,3.320260820045558,-118.24,34.12,29.0,2904.0,892.0,3320.0,765.0,2.6111,168800.0,<1H OCEAN
5639,population,True,False,3.0974760820045555,-120.76,38.12,7.0,7188.0,1288.0,3175.0,1115.0,3.8488,130600.0,INLAND
5641,population,True,False,3.017580865603645,-117.06,32.61,24.0,4369.0,1353.0,3123.0,1247.0,2.0571,152300.0,NEAR OCEAN
5653,population,True,True,9.804064920273348,-117.43,33.91,15.0,14281.0,2511.0,7540.0,2245.0,4.3222,138000.0,INLAND
5666,population,True,True,3.996297266514806,-117.3,33.17,6.0,7880.0,1533.0,3760.0,1460.0,4.1807,182600.0,NEAR OCEAN
5684,population,True,True,9.443,-117.52,33.89,2.0,17978.0,3217.0,7305.0,2463.0,5.1695,220800.0,INLAND
5703,population,True,False,3.068283599088838,-117.45,34.1,9.0,4288.0,1017.0,3156.0,900.0,2.7827,105800.0,INLAND
5737,population,True,True,11.094679954441911,-117.83,33.99,14.0,17527.0,2751.0,8380.0,2676.0,6.2734,267000.0,<1H OCEAN
5748,population,True,True,4.663115034168565,-117.25,33.06,6.0,9859.0,1448.0,4194.0,1401.0,6.439,296200.0,NEAR OCEAN
5778,population,True,True,4.520225512528474,-122.43,37.64,34.0,8400.0,1812.0,4101.0,1717.0,4.1033,301000.0,NEAR OCEAN
5799,population,True,False,3.112840546697039,-117.19,32.77,30.0,2747.0,640.0,3185.0,657.0,3.765,238000.0,NEAR OCEAN
5818,population,True,True,9.335448747152618,-117.38,33.67,9.0,13288.0,2728.0,7235.0,2350.0,3.375,131800.0,<1H OCEAN
5839,population,True,False,2.9929977220956716,-121.32,38.63,20.0,7003.0,1409.0,3107.0,1315.0,3.0348,150500.0,INLAND
5861,population,True,True,3.682862186788155,-121.85,37.36,15.0,3148.0,1116.0,3556.0,1037.0,3.0466,159600.0,<1H OCEAN
5874,population,True,True,5.111757403189066,-118.24,34.14,9.0,4877.0,1488.0,4486.0,1458.0,2.4421,222100.0,<1H OCEAN
5906,population,True,False,3.441640091116173,-122.26,37.56,23.0,7283.0,1342.0,3399.0,1298.0,5.6683,391000.0,NEAR BAY
5914,population,True,True,8.035615034168565,-116.95,32.83,14.0,12517.0,2506.0,6389.0,2333.0,3.3081,168700.0,<1H OCEAN
5953,population,True,False,3.452395216400911,-119.87,36.78,4.0,6102.0,1114.0,3406.0,1115.0,3.4213,84500.0,INLAND
5988,population,True,False,3.4539316628701595,-119.83,36.8,16.0,6101.0,1200.0,3407.0,1134.0,3.125,80800.0,INLAND
5997,population,True,False,3.31872437357631,-121.92,37.24,26.0,6777.0,1051.0,3319.0,1061.0,6.3663,279400.0,<1H OCEAN
6029,population,True,True,6.575990888382688,-117.21,33.93,4.0,10002.0,1468.0,5439.0,1397.0,5.0223,152600.0,INLAND
6037,population,True,True,17.312678815489747,-120.59,34.7,29.0,17738.0,3114.0,12427.0,2826.0,2.7377,28300.0,NEAR OCEAN
6057,population,True,True,3.8073143507972667,-118.17,33.89,11.0,3605.0,880.0,3637.0,873.0,2.6328,160700.0,<1H OCEAN
6067,population,True,True,5.034935079726651,-117.5,34.12,2.0,11965.0,1802.0,4436.0,1296.0,5.285,191700.0,INLAND
6070,population,True,False,3.094403189066059,-117.75,33.54,21.0,8711.0,1544.0,3173.0,1396.0,5.0907,378200.0,<1H OCEAN
6083,population,True,False,3.2649487471526197,-117.06,32.55,5.0,3223.0,940.0,3284.0,854.0,1.4384,108800.0,NEAR OCEAN
6086,population,True,True,4.01934396355353,-118.08,34.07,32.0,4089.0,975.0,3775.0,955.0,3.29,205500.0,<1H OCEAN
6100,population,True,False,3.23729271070615,-121.99,39.15,17.0,6440.0,1204.0,3266.0,1142.0,2.7137,72000.0,INLAND
6133,population,True,False,3.2588029612756264,-121.98,37.82,18.0,9117.0,1248.0,3280.0,1167.0,8.003,351300.0,<1H OCEAN
6140,population,True,True,5.466676537585422,-118.52,34.26,21.0,8850.0,2139.0,4717.0,1979.0,3.7816,254200.0,<1H OCEAN
6142,population,True,True,3.994760820045558,-121.95,37.28,19.0,7027.0,1847.0,3759.0,1753.0,3.1509,242900.0,<1H OCEAN
6158,population,True,True,3.7074453302961277,-121.85,37.35,29.0,3515.0,807.0,3572.0,776.0,2.7562,160100.0,<1H OCEAN
6177,population,True,False,3.3340888382687925,-121.89,37.68,12.0,7490.0,1207.0,3329.0,1136.0,6.3373,339700.0,<1H OCEAN
6185,population,True,False,3.008362186788155,-118.15,34.18,45.0,2612.0,664.0,3117.0,584.0,2.3029,148800.0,<1H OCEAN
6244,population,True,False,3.4554681093394075,-122.34,37.96,15.0,6487.0,1717.0,3408.0,1560.0,2.1991,133300.0,NEAR BAY
6248,population,True,True,5.55732687927107,-117.38,33.67,17.0,10145.0,2306.0,4776.0,1749.0,2.2423,132600.0,<1H OCEAN
6281,population,True,True,5.803158314350797,-117.46,33.9,10.0,9738.0,2130.0,4936.0,1840.0,3.3187,144800.0,INLAND
6342,population,True,True,5.474358769931663,-121.02,37.62,14.0,5737.0,1286.0,4722.0,1210.0,1.6731,95800.0,INLAND
6358,population,True,True,11.644727790432801,-117.31,33.19,11.0,20944.0,3753.0,8738.0,3441.0,4.3762,215500.0,NEAR OCEAN
6387,population,True,True,5.964485193621868,-118.02,34.04,28.0,6175.0,1449.0,5041.0,1408.0,2.8821,158100.0,<1H OCEAN
6441,population,True,False,3.079038724373576,-118.21,34.08,26.0,2574.0,807.0,3163.0,802.0,1.9495,173200.0,<1H OCEAN
6447,population,True,True,5.993677676537585,-116.95,33.79,8.0,10997.0,2205.0,5060.0,1949.0,2.1979,95300.0,INLAND
6459,population,True,True,3.8595535307517084,-117.86,34.02,19.0,6300.0,937.0,3671.0,943.0,5.9716,262100.0,<1H OCEAN
6468,population,True,True,3.84879840546697,-121.96,38.33,3.0,7985.0,1257.0,3664.0,1215.0,4.976,158300.0,INLAND
6517,population,True,True,3.9394487471526194,-118.17,34.67,5.0,8352.0,1555.0,3723.0,1389.0,4.5659,140300.0,INLAND
6604,population,True,True,4.7737391799544415,-116.91,33.75,13.0,10886.0,2127.0,4266.0,1955.0,2.3169,123400.0,INLAND
6613,population,True,True,6.241045558086561,-117.38,34.14,11.0,10804.0,1493.0,5221.0,1482.0,5.246,161400.0,INLAND
6623,population,True,True,3.6198678815489753,-117.34,34.46,9.0,5983.0,1122.0,3515.0,1064.0,3.1505,102000.0,INLAND
6626,population,True,True,4.466449886104784,-119.17,34.16,17.0,5276.0,1020.0,4066.0,984.0,4.5828,205400.0,NEAR OCEAN
6641,population,True,True,4.139186788154897,-117.97,33.91,19.0,8096.0,1318.0,3853.0,1313.0,6.0076,269500.0,<1H OCEAN
6670,population,True,True,9.177194760820045,-119.25,34.21,12.0,15201.0,2418.0,7132.0,2251.0,5.6756,301800.0,NEAR OCEAN
6699,population,True,True,5.1271218678815496,-117.2,33.07,5.0,10394.0,1617.0,4496.0,1553.0,5.9289,411300.0,NEAR OCEAN
6709,population,True,True,4.048536446469248,-121.79,36.68,22.0,6912.0,1513.0,3794.0,1455.0,3.0608,168300.0,<1H OCEAN
6717,population,True,True,3.56148291571754,-122.48,37.7,33.0,4492.0,,3477.0,1537.0,3.0546,297900.0,NEAR OCEAN
6734,population,True,True,3.547654897494305,-122.79,38.48,7.0,6837.0,,3468.0,1405.0,3.1662,191000.0,<1H OCEAN
6737,population,True,True,3.719736902050114,-118.17,33.78,29.0,2920.0,962.0,3580.0,772.0,1.7393,140200.0,NEAR OCEAN
6742,population,True,True,5.028789293849658,-119.74,36.85,3.0,10425.0,2121.0,4432.0,1778.0,3.9032,140800.0,INLAND
6752,population,True,False,3.294141230068337,-118.45,34.16,22.0,7828.0,2038.0,3303.0,1922.0,3.6171,318300.0,<1H OCEAN
6760,population,True,False,3.2710945330296126,-121.99,37.56,20.0,6462.0,1294.0,3288.0,1235.0,4.3393,231200.0,<1H OCEAN
6774,population,True,True,4.189889521640091,-117.15,33.45,4.0,9089.0,1413.0,3886.0,1243.0,4.6904,174200.0,<1H OCEAN
6782,population,True,False,3.0698200455580866,-117.86,33.75,6.0,1565.0,599.0,3157.0,629.0,2.9271,123200.0,<1H OCEAN
6793,population,True,False,3.235756264236902,-121.54,39.12,17.0,4251.0,899.0,3265.0,934.0,2.3496,65000.0,INLAND
6801,population,True,True,3.9348394077448745,-118.3,34.06,23.0,2512.0,1203.0,3720.0,1118.0,1.7896,322200.0,<1H OCEAN
6834,population,True,True,7.685305239179955,-118.4,34.28,16.0,6573.0,1480.0,6161.0,1473.0,3.3304,154900.0,<1H OCEAN
6837,population,True,False,3.0267995444191342,-116.98,33.26,12.0,5898.0,1002.0,3129.0,945.0,4.7647,254100.0,<1H OCEAN
6841,population,True,False,3.0636742596810933,-121.28,38.66,17.0,7741.0,1401.0,3153.0,1331.0,3.7869,216100.0,INLAND
6844,population,True,True,6.032088838268793,-117.89,33.78,16.0,6352.0,1747.0,5085.0,1649.0,2.8835,193800.0,<1H OCEAN
6863,population,True,True,5.623394077448747,-121.24,38.82,5.0,12259.0,1643.0,4819.0,1582.0,5.4498,217300.0,INLAND
6866,population,True,True,4.9734772209567195,-118.14,33.87,21.0,6618.0,1773.0,4396.0,1649.0,3.0989,171400.0,<1H OCEAN
6895,population,True,True,4.444939635535308,-117.45,34.11,7.0,6356.0,1244.0,4052.0,1164.0,2.9112,121700.0,INLAND
6897,population,True,True,3.5491913439635536,-122.26,37.8,36.0,5329.0,2477.0,3469.0,2323.0,2.0096,130000.0,NEAR BAY
6924,population,True,True,3.9640318906605922,-118.58,34.21,13.0,6227.0,1317.0,3739.0,1226.0,4.0313,299300.0,<1H OCEAN
6956,population,True,True,18.578710706150343,-117.12,33.52,4.0,30401.0,4957.0,13251.0,4339.0,4.5841,212300.0,<1H OCEAN
6959,population,True,True,4.687698177676538,-118.14,34.14,24.0,10239.0,2823.0,4210.0,2565.0,3.6997,225000.0,<1H OCEAN
6992,population,True,True,3.8073143507972667,-121.84,37.18,6.0,9176.0,1201.0,3637.0,1138.0,8.3837,473400.0,<1H OCEAN
7050,population,True,True,9.289355353075171,-122.07,37.52,3.0,14014.0,2861.0,7205.0,2753.0,6.0824,273500.0,NEAR BAY
7059,population,True,True,4.126895216400911,-117.57,34.02,5.0,6933.0,1311.0,3845.0,1285.0,4.6727,158900.0,INLAND
7083,population,True,True,5.70175284738041,-119.07,35.33,13.0,9027.0,1901.0,4870.0,1797.0,3.406,100700.0,INLAND
7099,population,True,True,11.637045558086559,-118.59,34.47,5.0,538.0,98.0,8733.0,105.0,4.2391,154600.0,INLAND
7105,population,True,True,5.724799544419134,-117.27,33.92,13.0,8443.0,1744.0,4885.0,1470.0,3.0907,127200.0,INLAND
7129,population,True,True,9.241725512528474,-122.17,37.43,24.0,3924.0,1142.0,7174.0,950.0,4.0972,387500.0,NEAR OCEAN
7131,population,True,True,3.6874715261958997,-118.19,33.97,27.0,2911.0,972.0,3559.0,945.0,1.9485,146300.0,<1H OCEAN
7152,population,True,True,9.383078587699318,-122.27,37.97,10.0,15259.0,2275.0,7266.0,2338.0,6.0666,272400.0,NEAR BAY
7153,population,True,False,3.177371298405467,-120.93,37.66,10.0,7566.0,1348.0,3227.0,1199.0,4.744,148100.0,INLAND
7181,population,True,True,4.600120728929385,-118.2,34.11,46.0,3659.0,1068.0,4153.0,993.0,2.5211,162900.0,<1H OCEAN
7187,population,True,True,3.8380432801822324,-117.82,33.79,26.0,2641.0,633.0,3657.0,617.0,4.1339,222300.0,<1H OCEAN
7203,population,True,True,7.024633257403189,-118.19,34.67,8.0,11275.0,1822.0,5731.0,1692.0,5.0285,167900.0,INLAND
7204,population,True,True,3.690544419134396,-118.52,34.25,11.0,7849.0,1664.0,3561.0,1500.0,4.6625,290900.0,<1H OCEAN
7249,population,True,True,13.485390660592255,-118.55,34.41,8.0,21086.0,3945.0,9936.0,3790.0,5.8602,265100.0,<1H OCEAN
7255,population,True,True,3.629086560364464,-117.83,33.87,5.0,6971.0,1449.0,3521.0,1423.0,5.2131,243900.0,<1H OCEAN
7262,population,True,False,3.099012528473804,-122.42,40.57,10.0,7949.0,1309.0,3176.0,1163.0,4.1099,120100.0,INLAND
7374,population,True,True,9.446072892938497,-118.46,34.23,19.0,9902.0,2814.0,7307.0,2660.0,2.585,145400.0,<1H OCEAN
7382,population,True,True,7.8527779043280175,-118.43,33.96,16.0,14891.0,3984.0,6270.0,3595.0,5.1064,283200.0,<1H OCEAN
7391,population,True,True,10.529267653758541,-122.04,37.58,14.0,14917.0,2708.0,8012.0,2606.0,5.6277,269800.0,NEAR BAY
7425,population,True,True,7.682232346241458,-116.99,33.73,13.0,16148.0,3474.0,6159.0,3232.0,1.9961,97800.0,INLAND
7460,population,True,True,5.325323462414579,-118.45,34.22,24.0,3442.0,1168.0,4625.0,1097.0,2.0699,183000.0,<1H OCEAN
7465,population,True,True,4.762984054669704,-121.67,36.66,19.0,9371.0,1980.0,4259.0,1882.0,3.6875,189700.0,<1H OCEAN
7474,population,True,True,5.555790432801822,-117.36,34.08,4.0,8866.0,1832.0,4775.0,1554.0,3.7348,125800.0,INLAND
7482,population,True,True,3.567628701594533,-121.92,38.34,2.0,7747.0,1133.0,3481.0,1083.0,6.1112,181000.0,INLAND
7508,population,True,False,3.02219020501139,-121.9,37.66,18.0,7397.0,1137.0,3126.0,1115.0,6.4994,323000.0,INLAND
7556,population,True,True,4.358898633257403,-117.51,34.02,24.0,7779.0,1835.0,3996.0,1765.0,2.1764,135300.0,INLAND
7571,population,True,True,3.919474943052392,-117.24,33.95,11.0,6617.0,1118.0,3710.0,1087.0,4.7877,132600.0,INLAND
7574,population,True,True,4.234446469248292,-118.27,34.06,17.0,2124.0,1168.0,3915.0,1137.0,1.1346,137500.0,<1H OCEAN
7610,population,True,False,3.0913302961275626,-117.92,33.73,14.0,5147.0,1182.0,3171.0,1126.0,3.9929,225800.0,<1H OCEAN
7614,population,True,True,8.461210706150341,-117.3,33.22,4.0,14960.0,2988.0,6666.0,2612.0,3.7568,184100.0,NEAR OCEAN
7620,population,True,False,3.473905466970387,-118.35,33.82,28.0,7591.0,1710.0,3420.0,1635.0,4.0708,328900.0,<1H OCEAN
7648,population,True,True,5.342224373576309,-117.33,33.9,2.0,12837.0,1842.0,4636.0,1453.0,5.1512,187800.0,INLAND
7653,population,True,True,5.816986332574032,-118.12,34.06,17.0,5137.0,1614.0,4945.0,1535.0,2.4599,181600.0,<1H OCEAN
7698,population,True,True,5.488186788154898,-122.06,37.0,14.0,1547.0,374.0,4731.0,348.0,2.4732,131300.0,NEAR OCEAN
7703,population,True,False,3.079038724373576,-118.44,34.31,14.0,4151.0,941.0,3163.0,915.0,4.0301,154300.0,<1H OCEAN
7712,population,True,True,3.947130979498861,-118.27,33.84,24.0,6303.0,1277.0,3728.0,1252.0,3.9227,208600.0,<1H OCEAN
7765,population,True,True,4.680015945330296,-120.51,37.29,20.0,4927.0,1042.0,4205.0,1009.0,1.7679,79800.0,INLAND
7783,population,True,True,4.368117312072893,-116.99,33.75,18.0,9601.0,2401.0,4002.0,2106.0,1.4366,77000.0,INLAND
7817,population,True,True,5.589592255125285,-117.09,32.55,8.0,6533.0,1217.0,4797.0,1177.0,3.9583,144400.0,NEAR OCEAN
7832,population,True,True,3.8872095671981772,-118.01,34.15,32.0,6597.0,1579.0,3689.0,1459.0,3.2377,184100.0,INLAND
7853,population,True,False,3.1927357630979496,-122.07,38.27,8.0,6761.0,1234.0,3237.0,1177.0,4.3586,173400.0,INLAND
7857,population,True,True,4.274394077448747,-117.7,33.92,4.0,8301.0,1333.0,3941.0,1236.0,6.2141,252200.0,<1H OCEAN
7860,population,True,False,3.2342198177676535,-122.07,37.93,25.0,7201.0,1521.0,3264.0,1433.0,3.7433,252100.0,NEAR BAY
7880,population,True,True,6.803384965831436,-117.91,34.02,22.0,6269.0,,5587.0,1251.0,3.8201,136200.0,<1H OCEAN
7884,population,True,True,3.6859350797266512,-118.17,33.97,31.0,3388.0,1059.0,3558.0,957.0,2.4049,159000.0,<1H OCEAN
7885,population,True,True,5.635685649202733,-121.06,37.7,7.0,9374.0,1847.0,4827.0,1722.0,3.462,151900.0,INLAND
7920,population,True,True,7.846632118451025,-122.31,37.5,22.0,14034.0,3020.0,6266.0,2952.0,4.3939,491200.0,NEAR OCEAN
7937,population,True,True,6.843332574031891,-121.95,37.78,4.0,14652.0,2826.0,5613.0,2579.0,6.3942,356700.0,<1H OCEAN
7968,population,True,False,3.315651480637813,-118.16,33.94,25.0,5675.0,1224.0,3317.0,1119.0,3.9352,232900.0,<1H OCEAN
7970,population,True,True,4.623167425968109,-118.34,33.78,25.0,11016.0,1626.0,4168.0,1584.0,8.1782,500001.0,NEAR OCEAN
7977,population,True,True,6.062817767653758,-118.6,34.19,16.0,14912.0,4183.0,5105.0,3302.0,2.8312,213900.0,<1H OCEAN
7978,population,True,True,8.959019362186789,-116.94,32.78,17.0,13559.0,2656.0,6990.0,2533.0,3.434,193200.0,<1H OCEAN
7985,population,True,True,5.362198177676538,-118.38,33.77,21.0,11353.0,1537.0,4649.0,1504.0,9.821,500001.0,NEAR OCEAN
8000,population,True,True,22.989848519362187,-117.74,33.89,4.0,37937.0,5471.0,16122.0,5189.0,7.4947,366300.0,<1H OCEAN
8016,population,True,False,3.327943052391799,-118.24,34.06,19.0,2870.0,1021.0,3325.0,978.0,1.7395,162500.0,<1H OCEAN
8048,population,True,True,3.6552061503416855,-117.95,34.16,17.0,7116.0,1089.0,3538.0,1083.0,6.2654,273800.0,INLAND
8096,population,True,True,7.063044419134396,-117.85,33.74,26.0,2589.0,1003.0,5756.0,983.0,2.1992,170800.0,<1H OCEAN
8114,population,True,True,3.821142369020501,-118.55,34.03,35.0,9075.0,1858.0,3646.0,1724.0,6.0307,500001.0,<1H OCEAN
8125,population,True,True,4.239055808656037,-121.54,36.7,12.0,6758.0,1241.0,3918.0,1100.0,3.525,201700.0,<1H OCEAN
8133,population,True,True,7.683768792710707,-122.46,37.59,21.0,12902.0,2118.0,6160.0,2082.0,5.7653,325800.0,NEAR OCEAN
8163,population,True,True,5.008815489749431,-117.84,34.1,17.0,7836.0,1624.0,4419.0,1526.0,3.8465,180700.0,<1H OCEAN
8165,population,True,True,5.689461275626424,-117.39,34.1,12.0,7184.0,1516.0,4862.0,1235.0,2.4492,103800.0,INLAND
8172,population,True,True,3.693617312072893,-117.96,34.08,33.0,4151.0,850.0,3563.0,848.0,3.1912,159900.0,<1H OCEAN
8174,population,True,True,4.876681093394077,-121.42,38.5,24.0,7740.0,1539.0,4333.0,1397.0,3.025,87900.0,INLAND
8179,population,True,True,4.168379271070615,-117.89,33.72,25.0,4343.0,847.0,3872.0,850.0,4.65,197800.0,<1H OCEAN
8190,population,True,False,3.1374236902050114,-118.35,33.95,28.0,4770.0,1328.0,3201.0,1196.0,2.681,147700.0,<1H OCEAN
8200,population,True,False,3.337161731207289,-118.55,34.37,21.0,7010.0,1063.0,3331.0,1038.0,6.776,278100.0,<1H OCEAN
8215,population,True,True,8.326003416856492,-121.38,38.47,4.0,14418.0,2282.0,6578.0,2140.0,4.5604,145900.0,INLAND
8222,population,True,True,4.2544202733485195,-117.35,33.98,31.0,4163.0,1242.0,3928.0,1076.0,1.6943,85900.0,INLAND
8235,population,True,True,5.068736902050113,-118.36,33.81,25.0,9042.0,2022.0,4458.0,1944.0,4.5592,378800.0,<1H OCEAN
8242,population,True,True,4.025489749430524,-116.23,33.72,32.0,4981.0,1326.0,3779.0,1186.0,1.7805,76900.0,INLAND
8246,population,True,False,3.2695580865603646,-118.27,33.8,28.0,4698.0,902.0,3287.0,881.0,4.8508,215900.0,<1H OCEAN
8249,population,True,True,4.066973804100227,-118.45,34.07,13.0,4284.0,1452.0,3806.0,1252.0,1.3125,350000.0,<1H OCEAN
8275,population,True,False,2.991461275626424,-117.99,33.92,27.0,5805.0,1152.0,3106.0,1144.0,4.061,222700.0,<1H OCEAN
8294,population,True,True,9.902397494305239,-122.15,37.43,20.0,11709.0,,7604.0,3589.0,1.9045,375000.0,NEAR BAY
8301,population,True,True,4.867462414578587,-117.73,33.57,5.0,11976.0,2495.0,4327.0,2009.0,4.8488,194400.0,<1H OCEAN
8338,population,True,True,5.303813211845102,-119.02,35.3,10.0,7397.0,1369.0,4611.0,1310.0,3.6369,81600.0,INLAND
8355,population,True,False,3.461613895216401,-118.08,33.82,30.0,2636.0,652.0,3412.0,649.0,2.8095,118300.0,<1H OCEAN
8360,population,True,True,4.216009111617312,-118.61,34.25,16.0,8295.0,1506.0,3903.0,1451.0,5.5111,276600.0,<1H OCEAN
8364,population,True,True,8.447382687927107,-122.0,38.25,7.0,11768.0,1893.0,6657.0,1874.0,4.9222,142900.0,INLAND
8384,population,True,True,3.712054669703872,-121.59,37.01,16.0,6637.0,1171.0,3575.0,1162.0,4.3227,251500.0,INLAND
8428,population,True,True,3.699763097949886,-117.43,34.12,7.0,5954.0,1071.0,3567.0,1070.0,3.2056,134100.0,INLAND
8429,population,True,True,9.356958997722096,-121.66,36.69,6.0,10613.0,2485.0,7249.0,2375.0,3.7912,168900.0,<1H OCEAN
8433,population,True,True,10.09906264236902,-117.95,33.98,15.0,16042.0,2602.0,7732.0,2552.0,5.6716,330400.0,<1H OCEAN
8438,population,True,True,4.272857630979499,-118.17,33.78,23.0,3768.0,1261.0,3940.0,1098.0,1.9647,186200.0,NEAR OCEAN
8439,population,True,True,5.202407744874715,-117.91,33.77,26.0,5556.0,1398.0,4545.0,1333.0,3.0902,190400.0,<1H OCEAN
8443,population,True,False,3.0698200455580866,-117.35,34.12,22.0,5640.0,889.0,3157.0,887.0,4.1581,126500.0,INLAND
8473,population,True,True,6.70812528473804,-116.24,33.71,10.0,9033.0,2224.0,5525.0,1845.0,2.7598,95000.0,INLAND
8504,population,True,False,3.4247391799544418,-122.06,37.63,12.0,6711.0,1374.0,3388.0,1289.0,3.8625,208900.0,NEAR BAY
8526,population,True,True,5.176288154897494,-117.81,33.79,25.0,5950.0,1155.0,4528.0,1064.0,4.2564,204600.0,<1H OCEAN
8532,population,True,False,3.4339578587699315,-117.88,34.0,21.0,5459.0,1086.0,3394.0,1087.0,3.6308,192100.0,<1H OCEAN
8545,population,True,True,3.650596810933941,-119.55,36.61,14.0,3004.0,793.0,3535.0,735.0,1.586,56900.0,INLAND
8550,population,True,True,4.985768792710706,-118.02,33.72,22.0,8844.0,1706.0,4404.0,1594.0,4.4453,267800.0,<1H OCEAN
8567,population,True,False,3.014507972665148,-118.28,34.03,41.0,1933.0,791.0,3121.0,719.0,1.8539,147500.0,<1H OCEAN
8587,population,True,False,3.320260820045558,-122.46,37.69,26.0,4302.0,1125.0,3320.0,1100.0,3.4375,277700.0,NEAR OCEAN
8661,population,True,True,4.162233485193622,-118.07,33.83,17.0,4822.0,1168.0,3868.0,1117.0,2.5978,142900.0,<1H OCEAN
8663,population,True,True,6.216462414578587,-117.59,33.91,7.0,10223.0,1491.0,5205.0,1509.0,5.4872,203400.0,INLAND
8706,population,True,True,3.5107801822323466,-118.42,34.27,35.0,2700.0,702.0,3444.0,679.0,1.4867,124000.0,<1H OCEAN
8735,population,True,True,3.6137220956719815,-118.43,34.11,27.0,10806.0,1440.0,3511.0,1352.0,12.7296,500001.0,<1H OCEAN
8741,population,True,True,3.5276810933940776,-117.56,34.12,4.0,6956.0,1271.0,3455.0,1228.0,4.7193,178700.0,INLAND
8747,population,True,True,7.8082209567198175,-119.05,35.3,9.0,10822.0,1994.0,6241.0,1906.0,4.0631,88200.0,INLAND
8798,population,True,True,3.7043724373576308,-117.36,33.92,7.0,9376.0,1181.0,3570.0,1107.0,8.5326,315200.0,INLAND
8865,population,True,True,4.182207289293849,-117.89,34.01,23.0,4535.0,955.0,3881.0,930.0,3.6275,154100.0,<1H OCEAN
8884,population,True,False,3.235756264236902,-121.04,37.69,9.0,6333.0,1355.0,3265.0,1265.0,3.0217,160900.0,INLAND
8898,population,True,True,4.040854214123007,-118.55,34.39,16.0,8726.0,1317.0,3789.0,1279.0,6.8419,323300.0,<1H OCEAN
8949,population,True,True,5.3729533029612755,-117.67,33.67,5.0,10534.0,2035.0,4656.0,1863.0,5.7797,309200.0,<1H OCEAN
8955,population,True,False,3.327943052391799,-121.84,37.98,8.0,7505.0,1089.0,3325.0,1016.0,5.2699,204200.0,INLAND
8981,population,True,True,8.746989749430524,-117.37,34.59,39.0,8193.0,1747.0,6852.0,1597.0,2.3832,35000.0,INLAND
9007,population,True,True,4.566318906605923,-118.02,34.14,31.0,6854.0,1578.0,4131.0,1524.0,3.5878,222800.0,INLAND
9008,population,True,True,9.633519362186787,-118.34,33.91,12.0,9975.0,3638.0,7429.0,3405.0,2.6689,192300.0,<1H OCEAN
9021,population,True,False,3.1082312072892937,-121.97,38.35,17.0,5678.0,1116.0,3182.0,1135.0,3.7388,122000.0,INLAND
9025,population,True,True,4.710744874715261,-118.31,34.06,47.0,3038.0,1533.0,4225.0,1472.0,1.6725,187500.0,<1H OCEAN
9027,population,True,False,3.1143769931662866,-118.29,33.88,21.0,4946.0,1231.0,3186.0,1167.0,3.3281,237000.0,<1H OCEAN
9037,population,True,False,3.1850535307517083,-117.88,33.73,33.0,2291.0,594.0,3232.0,589.0,3.2037,163500.0,<1H OCEAN
9051,population,True,True,8.166212984054669,-117.71,33.97,10.0,10856.0,2278.0,6474.0,2199.0,3.851,137200.0,INLAND
9076,population,True,True,3.962495444191344,-117.92,34.01,35.0,3055.0,634.0,3738.0,615.0,3.375,127200.0,<1H OCEAN
9082,population,True,True,8.475038724373576,-121.15,38.69,52.0,240.0,44.0,6675.0,29.0,6.1359,225000.0,INLAND
9092,population,True,True,7.565462414578588,-117.84,33.64,11.0,6840.0,1689.0,6083.0,1629.0,2.4132,198300.0,<1H OCEAN
9095,population,True,True,4.411137813211845,-121.86,39.76,19.0,7254.0,1785.0,4030.0,1667.0,2.0094,87300.0,INLAND
9100,population,True,True,4.071583143507972,-118.48,34.19,20.0,5699.0,1594.0,3809.0,1381.0,2.8646,221100.0,<1H OCEAN
9101,population,True,True,3.9041104783599088,-119.16,34.23,26.0,5444.0,1293.0,3700.0,1158.0,2.7556,213200.0,NEAR OCEAN
9131,population,True,False,3.031408883826879,-117.79,33.71,16.0,6339.0,862.0,3132.0,825.0,7.1069,313400.0,<1H OCEAN
9147,population,True,True,5.415973804100228,-122.56,38.09,17.0,9614.0,2123.0,4684.0,2060.0,4.1705,209800.0,NEAR BAY
9172,population,True,True,4.082338268792711,-118.1,34.07,36.0,3661.0,956.0,3816.0,931.0,2.5104,185000.0,<1H OCEAN
9181,population,True,True,5.549644646924829,-116.98,32.62,6.0,7995.0,1458.0,4771.0,1376.0,4.7068,184300.0,NEAR OCEAN
9194,population,True,True,4.999596810933941,-117.04,32.99,6.0,9518.0,1418.0,4413.0,1275.0,6.6012,314900.0,<1H OCEAN
9197,population,True,True,4.789103644646924,-118.1,33.88,18.0,8046.0,1221.0,4276.0,1228.0,6.5515,319600.0,<1H OCEAN
9213,population,True,True,5.489723234624146,-117.7,33.62,16.0,9653.0,2000.0,4732.0,1922.0,3.7361,197200.0,<1H OCEAN
9244,population,True,False,3.117449886104784,-118.68,34.28,5.0,6150.0,1265.0,3188.0,1266.0,4.7034,223000.0,<1H OCEAN
9253,population,True,True,4.518689066059226,-118.54,34.18,17.0,7214.0,1994.0,4100.0,1823.0,3.0943,174500.0,<1H OCEAN
9259,population,True,True,4.045463553530752,-118.02,34.06,26.0,2929.0,970.0,3792.0,817.0,2.2577,173800.0,<1H OCEAN
9268,population,True,True,3.8257517084282457,-118.21,33.93,30.0,2831.0,862.0,3649.0,883.0,1.9668,152100.0,<1H OCEAN
9287,population,True,True,5.050299544419134,-122.03,37.56,24.0,8444.0,1492.0,4446.0,1491.0,4.6978,240300.0,NEAR BAY
9292,population,True,True,3.5922118451025056,-116.37,33.72,17.0,8626.0,1859.0,3497.0,1337.0,3.312,121300.0,INLAND
9322,population,True,True,3.870308656036446,-118.31,34.09,30.0,3165.0,1263.0,3678.0,1141.0,2.0,240600.0,<1H OCEAN
9325,population,True,True,6.617474943052392,-119.74,36.8,18.0,10862.0,2401.0,5466.0,2209.0,2.4678,74300.0,INLAND
9351,population,True,True,3.705908883826879,-121.92,37.49,10.0,7441.0,1588.0,3571.0,1466.0,5.1643,193100.0,<1H OCEAN
9401,population,True,True,3.501561503416857,-121.88,36.58,29.0,4910.0,871.0,3438.0,904.0,4.0432,450000.0,NEAR OCEAN
9415,population,True,False,3.418593394077449,-118.52,34.39,21.0,5477.0,1275.0,3384.0,1222.0,3.6625,228100.0,<1H OCEAN
9445,population,True,True,3.5046343963553532,-121.29,38.0,12.0,4038.0,1074.0,3440.0,942.0,1.9698,112300.0,INLAND
9488,population,True,False,3.2234646924829153,-117.99,33.81,23.0,3284.0,795.0,3257.0,758.0,2.4526,182900.0,<1H OCEAN
9527,population,True,True,13.107424829157175,-117.27,33.23,5.0,20908.0,3933.0,9690.0,3510.0,4.1405,198500.0,<1H OCEAN
9528,population,True,False,3.420129840546697,-118.83,34.23,6.0,8803.0,1114.0,3385.0,1010.0,8.7288,425800.0,<1H OCEAN
9536,population,True,True,3.7566116173120725,-121.98,37.34,18.0,6649.0,1712.0,3604.0,1651.0,4.5368,307400.0,<1H OCEAN
9579,population,True,False,3.457004555808656,-119.09,34.24,17.0,10214.0,1589.0,3409.0,1327.0,5.3806,452100.0,<1H OCEAN
9589,population,True,True,8.333685649202733,-117.04,33.15,15.0,13814.0,2888.0,6583.0,2789.0,2.8247,150000.0,<1H OCEAN
9597,population,True,True,3.9870785876993162,-117.76,33.79,4.0,8974.0,1268.0,3754.0,1241.0,8.2653,374000.0,<1H OCEAN
9598,population,True,True,4.302050113895216,-122.04,37.39,5.0,8745.0,2211.0,3959.0,2019.0,4.7685,280100.0,<1H OCEAN
9610,population,True,True,9.250944191343963,-118.35,33.84,22.0,13133.0,3680.0,7180.0,3522.0,3.5414,354700.0,<1H OCEAN
9627,population,True,True,4.506397494305239,-117.31,34.05,6.0,7423.0,2111.0,4092.0,1789.0,2.7002,88300.0,INLAND
9628,population,True,True,5.054908883826879,-121.04,37.69,5.0,9601.0,1639.0,4449.0,1575.0,4.5332,195500.0,INLAND
9654,population,True,True,4.750692482915718,-121.36,38.69,13.0,6850.0,1400.0,4251.0,1421.0,3.6989,93300.0,INLAND
9683,population,True,True,4.408064920273349,-117.53,34.06,18.0,5605.0,1303.0,4028.0,1145.0,2.9386,116400.0,INLAND
9686,population,True,False,3.0698200455580866,-116.21,33.71,19.0,3114.0,787.0,3157.0,772.0,1.7083,82200.0,INLAND
9690,population,True,True,5.096392938496583,-119.71,36.74,18.0,8099.0,1670.0,4476.0,1514.0,2.4728,88300.0,INLAND
9707,population,True,False,3.2634123006833713,-121.99,37.77,14.0,8213.0,1364.0,3283.0,1286.0,5.1755,294800.0,<1H OCEAN
9717,population,True,True,3.951740318906606,-118.21,33.97,52.0,4220.0,908.0,3731.0,892.0,3.1901,167600.0,<1H OCEAN
9728,population,True,True,9.012794988610478,-122.22,38.07,4.0,15654.0,2394.0,7025.0,2168.0,5.8171,225200.0,NEAR BAY
9761,population,True,True,5.50355125284738,-122.05,37.92,14.0,12713.0,2558.0,4741.0,2412.0,4.7094,234700.0,NEAR BAY
9771,population,True,True,5.203944191343964,-118.03,34.58,4.0,9849.0,1780.0,4546.0,1598.0,4.0729,154300.0,INLAND
9773,population,True,True,4.511006833712984,-121.98,38.39,3.0,9488.0,1417.0,4095.0,1335.0,5.1781,191900.0,INLAND
9809,population,True,True,4.624703872437357,-119.04,34.24,20.0,7794.0,1192.0,4169.0,1188.0,5.9316,311900.0,<1H OCEAN
9813,population,True,False,3.1927357630979496,-121.36,38.67,5.0,5819.0,1507.0,3237.0,1356.0,2.2339,116600.0,INLAND
9829,population,True,True,4.676943052391799,-121.83,37.3,16.0,5684.0,1386.0,4203.0,1318.0,3.1964,185800.0,<1H OCEAN
9841,population,True,True,4.346607061503417,-118.45,34.3,35.0,4085.0,919.0,3988.0,906.0,3.4812,160200.0,<1H OCEAN
9843,population,True,False,3.1435694760820048,-122.2,38.09,18.0,6860.0,1079.0,3205.0,1058.0,5.2957,171900.0,NEAR BAY
9849,population,True,False,3.4677596810933937,-121.98,36.99,14.0,6787.0,1454.0,3416.0,1357.0,3.5943,262400.0,NEAR OCEAN
9875,population,True,False,3.337161731207289,-117.03,32.79,17.0,7352.0,1699.0,3331.0,1634.0,2.7006,166300.0,<1H OCEAN
9878,population,True,True,3.9455945330296127,-117.99,33.98,18.0,8399.0,1144.0,3727.0,1107.0,6.9695,360400.0,<1H OCEAN
9883,population,True,True,4.063900911161731,-117.29,34.49,3.0,7689.0,1545.0,3804.0,1399.0,3.3871,111800.0,INLAND
9891,population,True,True,8.868369020501138,-117.72,33.97,16.0,13290.0,2062.0,6931.0,2023.0,5.228,187800.0,<1H OCEAN
9898,population,True,False,3.25573006833713,-121.83,37.38,15.0,4430.0,992.0,3278.0,1018.0,4.5533,209900.0,<1H OCEAN
9917,population,True,False,3.168152619589977,-122.12,38.0,20.0,6992.0,1404.0,3221.0,1334.0,4.2042,166400.0,NEAR BAY
9920,population,True,False,3.36328132118451,-118.21,34.1,47.0,5077.0,1271.0,3348.0,1106.0,3.0377,186800.0,<1H OCEAN
9944,population,True,True,3.6628883826879273,-118.19,33.79,30.0,3107.0,994.0,3543.0,850.0,1.9387,141700.0,NEAR OCEAN
9958,population,True,False,3.1097676537585417,-116.97,32.83,17.0,6659.0,1402.0,3183.0,1378.0,2.949,117300.0,<1H OCEAN
9975,population,True,True,4.753765375854214,-118.94,34.24,5.0,10018.0,1233.0,4253.0,1120.0,8.9063,500001.0,<1H OCEAN
9977,population,True,False,3.4723690205011386,-121.82,38.46,10.0,6331.0,1181.0,3419.0,1110.0,3.7083,154800.0,INLAND
9989,population,True,False,3.146642369020501,-121.95,38.03,5.0,5526.0,,3207.0,1012.0,4.0767,143100.0,INLAND
10001,population,True,True,7.903480637813212,-117.23,32.88,18.0,5566.0,1465.0,6303.0,1458.0,1.858,205000.0,NEAR OCEAN
10020,population,True,True,6.924764236902051,-118.9,35.26,31.0,6145.0,1492.0,5666.0,1457.0,1.9066,54600.0,INLAND
10026,population,True,True,4.982695899772209,-121.29,37.72,22.0,1630.0,404.0,4402.0,358.0,1.9792,63000.0,INLAND
10058,population,True,True,4.229837129840547,-118.0,34.03,25.0,6909.0,1154.0,3912.0,1121.0,5.257,226100.0,<1H OCEAN
10061,population,True,True,3.962495444191344,-118.41,34.0,30.0,3550.0,934.0,3738.0,880.0,3.191,271200.0,<1H OCEAN
10076,population,True,False,3.2803132118451024,-121.64,39.12,13.0,6408.0,1087.0,3294.0,1106.0,4.2656,110700.0,INLAND
10085,population,True,True,3.9671047835990887,-122.28,37.78,29.0,5154.0,,3741.0,1273.0,2.5762,173400.0,NEAR BAY
10111,population,True,True,3.9824692482915713,-118.45,34.07,19.0,4845.0,1609.0,3751.0,1539.0,1.583,350000.0,<1H OCEAN
10125,population,True,True,4.941211845102505,-122.45,37.7,16.0,6457.0,1336.0,4375.0,1231.0,5.1788,267000.0,NEAR OCEAN
10140,population,True,False,3.2480478359908886,-118.08,34.04,20.0,5841.0,1146.0,3273.0,1131.0,4.7222,185100.0,<1H OCEAN
10154,population,True,True,4.050072892938497,-117.47,33.95,15.0,6248.0,1249.0,3795.0,1128.0,4.1264,124600.0,INLAND
10162,population,True,False,3.1589339407744874,-118.17,33.9,12.0,3653.0,993.0,3215.0,854.0,2.8681,114200.0,<1H OCEAN
10176,population,True,False,3.4662232346241457,-119.82,36.79,18.0,5822.0,1439.0,3415.0,1224.0,1.6854,64700.0,INLAND
10180,population,True,True,3.736637813211845,-118.37,33.95,5.0,6955.0,2062.0,3591.0,1566.0,3.111,247600.0,<1H OCEAN
10181,population,True,True,7.4901765375854215,-121.82,37.34,23.0,7609.0,1446.0,6034.0,1414.0,4.8424,195300.0,<1H OCEAN
10189,population,True,False,3.0667471526195897,-118.3,34.09,36.0,2332.0,993.0,3155.0,927.0,2.2612,230400.0,<1H OCEAN
10190,population,True,True,15.538083143507972,-121.61,36.69,19.0,9899.0,2617.0,11272.0,2528.0,2.0244,118500.0,<1H OCEAN
10198,population,True,True,5.485113895216402,-117.37,33.19,23.0,4104.0,1274.0,4729.0,1187.0,1.8214,173800.0,NEAR OCEAN
10218,population,True,False,3.1666161731207287,-117.42,34.59,8.0,5445.0,1360.0,3220.0,1214.0,1.7567,69500.0,INLAND
10235,population,True,True,5.8553974943052385,-118.09,34.57,4.0,9761.0,1683.0,4970.0,1535.0,4.5266,142900.0,INLAND
10241,population,True,True,9.630446469248291,-122.24,37.72,5.0,18634.0,2885.0,7427.0,2718.0,7.611,350700.0,NEAR BAY
10248,population,True,False,3.4508587699316626,-117.35,33.64,23.0,6859.0,1535.0,3405.0,1351.0,2.5395,109200.0,<1H OCEAN
10306,population,True,True,3.6920808656036446,-118.59,34.26,20.0,8146.0,1131.0,3562.0,1054.0,7.167,357100.0,<1H OCEAN
10310,population,True,True,5.228527334851936,-118.1,34.7,5.0,10356.0,1647.0,4562.0,1427.0,4.9806,141100.0,INLAND
10313,population,True,True,6.0705,-117.62,34.07,16.0,6009.0,1599.0,5110.0,1389.0,2.5677,128900.0,INLAND
10316,population,True,False,3.2234646924829153,-121.83,37.33,27.0,3127.0,610.0,3257.0,604.0,4.6333,173600.0,<1H OCEAN
10327,population,True,False,2.9945341685649205,-117.72,33.99,14.0,5622.0,861.0,3108.0,821.0,5.7763,206700.0,INLAND
10343,population,True,True,4.640068337129841,-119.75,36.72,22.0,3247.0,859.0,4179.0,881.0,1.3343,60800.0,INLAND
10354,population,True,False,3.1328143507972666,-121.77,36.92,9.0,4934.0,1112.0,3198.0,977.0,3.5,194800.0,<1H OCEAN
10386,population,True,True,3.5707015945330296,-118.39,34.2,19.0,2012.0,732.0,3483.0,731.0,2.2234,181300.0,<1H OCEAN
10391,population,True,True,6.758828018223235,-119.15,34.2,25.0,3445.0,898.0,5558.0,894.0,3.0972,169300.0,NEAR OCEAN
10418,population,True,False,3.380182232346241,-117.87,34.1,15.0,6409.0,1363.0,3359.0,1267.0,3.875,173300.0,<1H OCEAN
10437,population,True,False,3.1696890660592256,-117.07,32.61,22.0,5016.0,1331.0,3222.0,1196.0,2.1441,135500.0,NEAR OCEAN
10439,population,True,True,4.007052391799545,-117.62,34.44,6.0,8884.0,1687.0,3767.0,1334.0,3.599,140200.0,INLAND
10458,population,True,True,4.016271070615034,-117.09,33.13,9.0,5685.0,1442.0,3773.0,1250.0,3.0426,129900.0,<1H OCEAN
10486,population,True,False,3.083648063781321,-121.25,38.72,15.0,6838.0,941.0,3166.0,926.0,5.2177,162700.0,INLAND
10490,population,True,True,4.962722095671981,-121.86,37.7,13.0,9621.0,1344.0,4389.0,1391.0,6.6827,313700.0,INLAND
10493,population,True,True,4.308195899772209,-118.35,34.22,19.0,9259.0,1653.0,3963.0,1595.0,5.997,228700.0,<1H OCEAN
10501,population,True,False,3.3494533029612756,-121.3,38.7,18.0,7334.0,1332.0,3339.0,1271.0,3.235,124700.0,INLAND
10506,population,True,True,3.914865603644647,-118.29,33.96,31.0,4022.0,1208.0,3707.0,1007.0,1.3096,116300.0,<1H OCEAN
10619,population,True,True,3.647523917995444,-118.33,33.93,37.0,4916.0,1134.0,3533.0,1035.0,3.2862,152300.0,<1H OCEAN
10623,population,True,True,5.675633257403189,-117.83,33.73,20.0,5768.0,1597.0,4853.0,1465.0,3.5387,160400.0,<1H OCEAN
10636,population,True,False,3.225001138952164,-121.88,37.37,14.0,6016.0,1404.0,3258.0,1316.0,3.5745,333700.0,<1H OCEAN
10680,population,True,True,5.698679954441913,-116.94,32.8,21.0,7906.0,2292.0,4868.0,2117.0,1.8937,109800.0,<1H OCEAN
10686,population,True,True,6.248727790432802,-119.75,36.87,3.0,13802.0,2244.0,5226.0,1972.0,5.0941,143700.0,INLAND
10690,population,True,True,3.947130979498861,-121.98,37.22,46.0,10088.0,1910.0,3728.0,1781.0,5.2321,500001.0,<1H OCEAN
10702,population,True,True,5.2500375854214125,-122.06,37.58,15.0,8112.0,1376.0,4576.0,1348.0,5.6758,253400.0,NEAR BAY
10720,population,True,True,5.93529271070615,-121.85,39.72,18.0,7272.0,1559.0,5022.0,1524.0,1.6911,98800.0,INLAND
10765,population,True,False,3.3294794988610477,-118.3,34.08,34.0,2501.0,1047.0,3326.0,970.0,1.8771,247500.0,<1H OCEAN
10771,population,True,True,5.515842824601367,-121.42,38.48,13.0,7880.0,1992.0,4749.0,1882.0,1.9657,116000.0,INLAND
10773,population,True,True,5.0487630979498865,-121.28,38.8,7.0,9003.0,1739.0,4445.0,1591.0,3.816,147900.0,INLAND
10777,population,True,True,4.881290432801823,-118.3,33.76,18.0,9659.0,1716.0,4336.0,1674.0,5.7764,290500.0,<1H OCEAN
10796,population,True,True,4.318951025056947,-121.9,37.24,24.0,7521.0,1364.0,3970.0,1318.0,4.4004,255800.0,<1H OCEAN
10815,population,True,True,8.461210706150341,-118.01,34.07,22.0,6311.0,1572.0,6666.0,1456.0,2.9334,182600.0,INLAND
10816,population,True,True,6.03516173120729,-120.45,37.79,8.0,2687.0,495.0,5087.0,385.0,3.1719,115400.0,INLAND
10823,population,True,True,4.6154851936218675,-122.24,38.15,10.0,6817.0,1188.0,4163.0,1135.0,4.4529,144100.0,NEAR BAY
10826,population,True,False,3.4800512528473804,-115.22,33.54,18.0,1706.0,397.0,3424.0,283.0,1.625,53500.0,INLAND
10827,population,True,False,3.2065637813211842,-118.91,34.28,6.0,6106.0,1134.0,3246.0,1062.0,5.2206,280200.0,<1H OCEAN
10872,population,True,True,5.950657175398633,-116.23,33.71,17.0,4874.0,1349.0,5032.0,1243.0,2.444,90000.0,INLAND
10875,population,True,True,4.034708428246014,-117.79,33.7,16.0,6259.0,1098.0,3785.0,1114.0,6.3298,247100.0,<1H OCEAN
10879,population,True,False,3.0959396355353075,-117.11,32.82,16.0,3980.0,682.0,3174.0,647.0,2.6607,175000.0,NEAR OCEAN
10894,population,True,True,11.747669703872438,-117.29,33.97,4.0,18767.0,3032.0,8805.0,2723.0,4.6667,160600.0,INLAND
10907,population,True,True,4.162233485193622,-121.14,38.77,15.0,10282.0,1333.0,3868.0,1300.0,6.4789,287800.0,INLAND
10915,population,True,True,5.222381548974943,-118.26,33.85,24.0,9071.0,1335.0,4558.0,1327.0,5.542,197500.0,<1H OCEAN
10916,population,True,False,3.478514806378132,-118.21,33.93,33.0,2739.0,801.0,3423.0,741.0,2.2847,132700.0,<1H OCEAN
10931,population,True,True,5.400609339407745,-122.53,37.66,25.0,7778.0,1493.0,4674.0,1451.0,5.4694,272400.0,NEAR OCEAN
10960,population,True,True,4.543272209567198,-118.24,34.15,17.0,5282.0,1605.0,4116.0,1574.0,3.052,209800.0,<1H OCEAN
10969,population,True,True,4.197571753986332,-118.16,33.78,29.0,3684.0,1301.0,3891.0,1143.0,1.6955,179700.0,NEAR OCEAN
10999,population,True,True,5.102538724373575,-117.94,33.75,30.0,5268.0,1093.0,4480.0,1050.0,4.015,186700.0,<1H OCEAN
11017,population,True,False,3.099012528473804,-118.38,33.75,23.0,8277.0,1290.0,3176.0,1159.0,7.6986,500001.0,NEAR OCEAN
11028,population,True,True,5.457457858769931,-117.76,34.05,36.0,3839.0,1004.0,4711.0,942.0,2.3859,116200.0,INLAND
11044,population,True,True,3.647523917995444,-117.4,34.06,17.0,5451.0,1008.0,3533.0,940.0,3.9191,101600.0,INLAND
11056,population,True,True,5.687924829157175,-117.5,33.96,12.0,7923.0,1470.0,4861.0,1385.0,4.2985,139200.0,INLAND
11062,population,True,True,3.6321594533029615,-121.72,37.98,5.0,7105.0,1143.0,3523.0,1088.0,5.0468,168800.0,INLAND
11077,population,True,True,3.705908883826879,-122.22,37.47,28.0,5956.0,1612.0,3571.0,1549.0,3.1864,272800.0,NEAR OCEAN
11085,population,True,True,5.160923690205012,-121.97,37.56,13.0,8918.0,1823.0,4518.0,1772.0,4.8052,254000.0,<1H OCEAN
11102,population,True,True,4.667724373576309,-116.88,33.05,11.0,7217.0,1583.0,4197.0,1502.0,2.8827,166700.0,<1H OCEAN
11132,population,True,True,5.1732152619589975,-117.07,33.13,17.0,6817.0,1632.0,4526.0,1474.0,2.6152,135300.0,<1H OCEAN
11133,population,True,True,6.058208428246013,-116.78,33.0,7.0,12480.0,1946.0,5102.0,1697.0,5.5102,221000.0,<1H OCEAN
11144,population,True,True,4.274394077448747,-116.97,32.78,26.0,8902.0,1413.0,3941.0,1387.0,4.7943,226900.0,<1H OCEAN
11146,population,True,True,4.050072892938497,-117.05,32.61,21.0,6034.0,1205.0,3795.0,1146.0,3.2633,129700.0,NEAR OCEAN
11147,population,True,True,4.680015945330296,-118.42,34.31,19.0,6755.0,1443.0,4205.0,1395.0,3.9583,163200.0,<1H OCEAN
11238,population,True,True,3.7351013667425965,-118.29,33.93,31.0,3894.0,1017.0,3590.0,962.0,2.0437,137200.0,<1H OCEAN
11271,population,True,True,4.225227790432802,-120.84,37.51,14.0,6337.0,1593.0,3909.0,1480.0,2.0643,106500.0,INLAND
11277,population,True,True,5.621857630979499,-119.18,34.19,36.0,4519.0,1081.0,4818.0,1061.0,2.8561,179100.0,NEAR OCEAN
11280,population,True,True,5.1271218678815496,-118.22,33.95,42.0,3896.0,981.0,4496.0,993.0,3.153,150900.0,<1H OCEAN
11303,population,True,True,8.988211845102505,-119.05,35.33,18.0,12707.0,2685.0,7009.0,2552.0,2.9438,87200.0,INLAND
11307,population,True,False,3.3847915717539863,-121.54,38.51,17.0,8482.0,1590.0,3362.0,1513.0,4.2216,217900.0,INLAND
11320,population,True,True,7.891189066059225,-117.48,33.89,14.0,10395.0,1799.0,6295.0,1855.0,4.7295,149900.0,INLAND
11324,population,True,True,4.440330296127563,-117.28,33.28,13.0,6131.0,1040.0,4049.0,940.0,3.8156,150700.0,<1H OCEAN
11341,population,True,True,4.438793849658314,-116.98,32.88,12.0,7320.0,1279.0,4048.0,1249.0,4.3952,151700.0,<1H OCEAN
11372,population,True,True,4.649287015945331,-118.29,33.8,21.0,9944.0,1623.0,4185.0,1582.0,4.526,329400.0,<1H OCEAN
11379,population,True,True,5.070273348519362,-118.59,34.23,17.0,6592.0,1525.0,4459.0,1463.0,3.0347,254500.0,<1H OCEAN
11384,population,True,True,4.919701594533029,-122.19,38.13,5.0,7854.0,1446.0,4361.0,1395.0,4.9504,214800.0,NEAR BAY
11393,population,True,False,3.3678906605922547,-118.4,34.2,13.0,4859.0,1293.0,3351.0,1200.0,3.6875,211900.0,<1H OCEAN
11395,population,True,True,7.190569476082004,-118.22,34.63,4.0,14348.0,2145.0,5839.0,1806.0,5.3799,222400.0,INLAND
11399,population,True,True,9.768726651480637,-121.88,39.74,12.0,14631.0,3298.0,7517.0,3262.0,1.6785,153100.0,INLAND
11427,population,True,True,8.421263097949886,-117.34,34.1,14.0,11827.0,2445.0,6640.0,2299.0,2.4878,103800.0,INLAND
11460,population,True,True,3.567628701594533,-118.03,34.06,27.0,2510.0,783.0,3481.0,726.0,2.4875,157800.0,<1H OCEAN
11538,population,True,False,3.1973451025056945,-117.56,33.86,25.0,6964.0,1066.0,3240.0,1036.0,5.2898,177100.0,INLAND
11549,population,True,True,3.776585421412301,-118.66,35.2,7.0,9664.0,1692.0,3617.0,1370.0,4.0581,162900.0,INLAND
11552,population,True,True,12.829328018223235,-117.22,33.92,5.0,16884.0,2865.0,9509.0,2688.0,4.0938,130900.0,INLAND
11555,population,True,True,5.7109715261959,-118.54,34.21,22.0,6064.0,1826.0,4876.0,1697.0,2.875,227100.0,<1H OCEAN
11567,population,True,True,4.116140091116173,-121.81,37.29,15.0,5957.0,1037.0,3838.0,997.0,6.2907,253100.0,<1H OCEAN
11578,population,True,True,3.9025740318906608,-117.8,34.15,14.0,7876.0,1253.0,3699.0,1162.0,5.5423,248700.0,INLAND
11599,population,True,True,3.66903416856492,-121.83,37.35,31.0,2914.0,715.0,3547.0,645.0,3.7143,178600.0,<1H OCEAN
11658,population,True,False,3.3786457858769934,-121.3,38.69,21.0,6575.0,1105.0,3358.0,1098.0,4.0739,115400.0,INLAND
11671,population,True,True,4.341997722095672,-117.7,33.68,29.0,5650.0,1084.0,3985.0,1056.0,2.8192,162500.0,<1H OCEAN
11683,population,True,True,4.129968109339408,-118.38,34.18,27.0,4834.0,1527.0,3847.0,1432.0,2.1449,165300.0,<1H OCEAN
11691,population,True,False,3.3955466970387245,-121.32,38.89,9.0,5927.0,1269.0,3369.0,1176.0,2.8194,111300.0,INLAND
11699,population,True,True,3.6383052391799544,-117.96,34.0,33.0,5462.0,952.0,3527.0,914.0,4.4038,186700.0,<1H OCEAN
11728,population,True,True,3.9394487471526194,-118.27,34.06,25.0,1714.0,1176.0,3723.0,1036.0,1.3241,112500.0,<1H OCEAN
11757,population,True,True,7.282756264236903,-118.3,34.1,35.0,7517.0,2961.0,5899.0,2769.0,1.9354,340000.0,<1H OCEAN
11800,population,True,True,15.101732346241457,-117.88,33.96,16.0,19059.0,3079.0,10988.0,3061.0,5.5469,265200.0,<1H OCEAN
11804,population,True,True,3.9286936218678816,-117.6,33.87,18.0,6450.0,1165.0,3716.0,1113.0,4.2721,150300.0,INLAND
11814,population,True,True,6.3670341685649205,-120.5,37.37,18.0,8606.0,1678.0,5303.0,1644.0,2.4012,79700.0,INLAND
11836,population,True,True,3.914865603644647,-118.26,34.06,33.0,1950.0,1047.0,3707.0,1012.0,1.7238,110000.0,<1H OCEAN
11848,population,True,True,6.150395216400911,-122.51,38.06,24.0,9493.0,1935.0,5162.0,1880.0,3.0742,118800.0,NEAR BAY
11877,population,True,False,3.099012528473804,-118.13,34.03,31.0,4267.0,1070.0,3176.0,1071.0,3.0212,208200.0,<1H OCEAN
11883,population,True,True,4.11921298405467,-122.14,37.36,23.0,11294.0,1377.0,3840.0,1367.0,12.1387,500001.0,NEAR BAY
11893,population,True,False,3.3294794988610477,-122.26,38.0,5.0,6265.0,908.0,3326.0,872.0,6.2073,272900.0,NEAR BAY
11894,population,True,True,4.113067198177677,-117.98,33.91,16.0,10621.0,1782.0,3836.0,1480.0,5.0923,257200.0,<1H OCEAN
11900,population,True,True,7.688378132118451,-117.78,34.58,6.0,10263.0,1864.0,6163.0,1781.0,3.8803,120000.0,INLAND
11921,population,True,False,3.168152619589977,-118.66,34.19,23.0,7544.0,1031.0,3221.0,1043.0,7.642,374900.0,<1H OCEAN
11945,population,True,True,3.62447722095672,-118.12,34.09,25.0,4870.0,1371.0,3518.0,1296.0,3.2307,188400.0,<1H OCEAN
11967,population,True,True,5.535816628701594,-117.67,33.66,4.0,10175.0,2181.0,4762.0,1929.0,4.7341,237400.0,<1H OCEAN
11979,population,True,False,3.4984886104783595,-122.04,37.57,12.0,5719.0,1064.0,3436.0,1057.0,5.2879,231200.0,NEAR BAY
11982,population,True,True,4.3727266514806375,-117.79,33.84,9.0,10484.0,1603.0,4005.0,1419.0,8.3931,365300.0,<1H OCEAN
12004,population,True,True,16.615132118451026,-118.1,34.57,7.0,20377.0,4335.0,11973.0,3933.0,3.3086,138100.0,INLAND
12026,population,True,False,3.2526571753986335,-122.26,37.86,35.0,5161.0,1744.0,3276.0,1742.0,1.6307,253600.0,NEAR BAY
12027,population,True,False,3.014507972665148,-118.33,33.98,28.0,3889.0,1199.0,3121.0,1046.0,1.8806,113900.0,<1H OCEAN
12049,population,True,True,5.5281343963553535,-118.33,34.2,23.0,7179.0,1985.0,4757.0,1924.0,3.1051,206500.0,<1H OCEAN
12050,population,True,True,8.665558086560365,-117.87,33.75,14.0,5526.0,1916.0,6799.0,1796.0,2.6561,144400.0,<1H OCEAN
12074,population,True,False,3.079038724373576,-122.05,37.59,15.0,6243.0,1273.0,3163.0,1274.0,3.7462,212500.0,NEAR BAY
12104,population,True,True,4.749156036446469,-119.12,35.33,4.0,8574.0,1489.0,4250.0,1444.0,5.1036,103400.0,INLAND
12106,population,True,True,3.805777904328018,-121.97,37.33,21.0,8275.0,1566.0,3636.0,1524.0,5.1506,302100.0,<1H OCEAN
12118,population,True,True,9.902397494305239,-117.22,32.86,4.0,16289.0,4585.0,7604.0,4176.0,3.6287,280800.0,NEAR OCEAN
12159,population,True,False,3.4447129840546697,-118.21,34.17,24.0,8590.0,1231.0,3401.0,1178.0,8.1325,472700.0,<1H OCEAN
12161,population,True,True,3.705908883826879,-118.34,34.86,11.0,7353.0,1482.0,3571.0,1308.0,2.8097,130000.0,INLAND
12178,population,True,True,9.298574031890661,-118.33,33.91,8.0,10731.0,3335.0,7211.0,3028.0,2.455,192700.0,<1H OCEAN
12204,population,True,True,9.501384965831436,-117.71,34.02,17.0,12689.0,2426.0,7343.0,2230.0,3.6361,157700.0,INLAND
12228,population,True,True,4.587829157175399,-118.23,33.89,16.0,5003.0,1180.0,4145.0,1159.0,2.1389,133400.0,<1H OCEAN
12230,population,True,True,3.616794988610478,-117.22,33.93,14.0,5104.0,1026.0,3513.0,972.0,3.2148,117000.0,INLAND
12253,population,True,True,8.27376423690205,-121.29,38.61,17.0,13553.0,2474.0,6544.0,2359.0,3.9727,132700.0,INLAND
12270,population,True,False,3.340234624145786,-118.37,33.97,26.0,6672.0,1729.0,3333.0,1557.0,2.9646,179800.0,<1H OCEAN
12279,population,True,True,4.036244874715262,-121.95,37.3,25.0,5641.0,1517.0,3786.0,1410.0,3.3958,267500.0,<1H OCEAN
12280,population,True,True,4.4126742596810935,-118.44,34.21,20.0,5756.0,1477.0,4031.0,1369.0,3.2448,221200.0,<1H OCEAN
12288,population,True,True,6.253337129840547,-118.29,34.05,18.0,3585.0,1661.0,5229.0,1534.0,1.847,250000.0,<1H OCEAN
12333,population,True,True,6.101228929384965,-122.46,37.65,16.0,8676.0,1633.0,5130.0,1574.0,4.8096,262000.0,NEAR OCEAN
12338,population,True,True,3.6552061503416855,-118.35,34.02,34.0,5218.0,1576.0,3538.0,1371.0,1.5143,118800.0,<1H OCEAN
12359,population,True,False,3.0744293849658315,-118.06,34.06,28.0,2127.0,625.0,3160.0,620.0,2.5763,173900.0,<1H OCEAN
12360,population,True,True,5.634149202733486,-118.46,34.19,20.0,5992.0,1820.0,4826.0,1632.0,2.7237,233500.0,<1H OCEAN
12396,population,True,True,10.38637813211845,-121.5,38.62,8.0,16679.0,3457.0,7919.0,3329.0,3.7188,134500.0,INLAND
12420,population,True,True,4.050072892938497,-121.95,37.39,24.0,5230.0,934.0,3795.0,970.0,5.4228,264100.0,<1H OCEAN
12439,population,True,False,3.0006799544419134,-116.95,32.82,12.0,5535.0,1434.0,3112.0,1262.0,2.5949,108300.0,<1H OCEAN
12456,population,True,True,4.4157471526195895,-118.34,33.94,36.0,2796.0,1041.0,4033.0,944.0,2.4886,160700.0,<1H OCEAN
12457,population,True,True,11.51873917995444,-121.35,38.54,12.0,16239.0,3358.0,8656.0,3234.0,3.5691,116300.0,INLAND
12458,population,True,True,3.6813257403189064,-117.03,33.13,15.0,7000.0,1185.0,3555.0,1118.0,4.7022,172800.0,<1H OCEAN
12477,population,True,True,9.834793849658315,-117.18,32.92,4.0,15025.0,2616.0,7560.0,2392.0,5.196,210700.0,<1H OCEAN
12504,population,True,True,6.884816628701595,-117.1,33.09,5.0,12045.0,2162.0,5640.0,1997.0,4.4375,353000.0,<1H OCEAN
12537,population,True,True,9.247871298405467,-116.95,32.79,19.0,11391.0,3093.0,7178.0,2905.0,2.0326,123200.0,<1H OCEAN
12542,population,True,True,8.439700455580866,-117.9,34.04,15.0,11989.0,2185.0,6652.0,2081.0,4.5554,278300.0,<1H OCEAN
12543,population,True,True,4.228300683371298,-118.38,34.2,23.0,4138.0,1171.0,3911.0,1068.0,3.0125,181700.0,<1H OCEAN
12589,population,True,True,3.690544419134396,-121.88,37.33,36.0,1904.0,689.0,3561.0,632.0,2.0972,187500.0,<1H OCEAN
12593,population,True,True,8.995894077448746,-117.08,33.13,17.0,8466.0,2628.0,7014.0,2267.0,2.1437,113700.0,<1H OCEAN
12624,population,True,True,3.7458564920273347,-116.97,32.74,14.0,7410.0,1344.0,3597.0,1274.0,4.2192,176100.0,<1H OCEAN
12640,population,True,False,3.0283359908883827,-121.61,36.67,39.0,3260.0,821.0,3130.0,793.0,2.5224,119200.0,<1H OCEAN
12715,population,True,False,3.034481776765376,-122.39,37.73,43.0,4864.0,972.0,3134.0,959.0,4.3393,217300.0,NEAR BAY
12734,population,True,True,14.079995444191344,-117.61,34.1,9.0,18956.0,4095.0,10323.0,3832.0,3.6033,132600.0,INLAND
12749,population,True,True,6.139640091116173,-117.22,33.9,8.0,8302.0,1461.0,5155.0,1370.0,4.0467,121500.0,INLAND
12769,population,True,True,9.121882687927107,-118.45,34.24,11.0,9053.0,2193.0,7096.0,2038.0,3.5082,136500.0,<1H OCEAN
12811,population,True,False,3.0421640091116173,-120.65,35.41,15.0,6725.0,1111.0,3139.0,1029.0,4.1875,261600.0,<1H OCEAN
12814,population,True,True,5.019570615034168,-118.27,33.78,21.0,3354.0,1174.0,4426.0,1110.0,2.5262,167300.0,<1H OCEAN
12816,population,True,True,3.919474943052392,-117.78,34.13,18.0,7798.0,1161.0,3710.0,1227.0,5.8819,260500.0,INLAND
12825,population,True,True,7.560853075170843,-117.17,34.12,3.0,15695.0,2248.0,6080.0,1920.0,6.2178,173900.0,INLAND
12842,population,True,True,7.38262528473804,-117.64,33.87,2.0,17470.0,2727.0,5964.0,1985.0,6.2308,257900.0,<1H OCEAN
12847,population,True,False,3.2219282460136673,-117.64,33.65,4.0,6842.0,1512.0,3256.0,1439.0,5.4132,216600.0,<1H OCEAN
12857,population,True,True,3.888746013667426,-117.69,34.03,20.0,6374.0,1412.0,3690.0,1350.0,3.4184,162500.0,INLAND
12916,population,True,True,7.441010250569477,-121.48,38.46,8.0,10505.0,1777.0,6002.0,1694.0,4.0516,121200.0,INLAND
12920,population,True,True,3.7043724373576308,-117.85,33.77,23.0,5928.0,1204.0,3570.0,1150.0,4.0398,233100.0,<1H OCEAN
12921,population,True,True,7.900407744874715,-118.96,34.23,14.0,15207.0,2924.0,6301.0,2829.0,3.9699,217000.0,<1H OCEAN
12950,population,True,True,9.40766173120729,-118.6,34.21,21.0,9512.0,2560.0,7282.0,2387.0,2.8039,227500.0,<1H OCEAN
12951,population,True,True,6.815676537585421,-117.25,33.92,7.0,9812.0,1914.0,5595.0,1729.0,4.1482,124600.0,INLAND
12964,population,True,False,3.134350797266515,-118.31,34.22,27.0,7714.0,1132.0,3199.0,1100.0,7.1262,446200.0,<1H OCEAN
12973,population,True,True,4.156087699316629,-122.29,38.19,13.0,7065.0,1259.0,3864.0,1221.0,4.7472,148600.0,NEAR BAY
12978,population,True,True,22.044933940774488,-117.78,34.03,8.0,32054.0,5290.0,15507.0,5050.0,6.0191,253900.0,<1H OCEAN
13002,population,True,False,3.034481776765376,-118.4,34.28,22.0,3517.0,810.0,3134.0,847.0,2.6652,164800.0,<1H OCEAN
13024,population,True,True,4.23598291571754,-118.16,33.79,25.0,3742.0,1180.0,3916.0,1063.0,2.4,153700.0,NEAR OCEAN
13027,population,True,True,3.7965592255125284,-117.29,34.03,9.0,8185.0,1525.0,3630.0,1466.0,4.1667,197700.0,INLAND
13043,population,True,True,8.682458997722096,-121.87,37.42,19.0,12128.0,2112.0,6810.0,2040.0,6.4419,264500.0,<1H OCEAN
13046,population,True,True,4.036244874715262,-119.76,36.76,23.0,3800.0,1003.0,3786.0,917.0,1.4766,50600.0,INLAND
13058,population,True,True,6.150395216400911,-118.12,33.89,22.0,6876.0,1960.0,5162.0,1879.0,2.9293,170800.0,<1H OCEAN
13065,population,True,False,3.062137813211845,-118.38,34.28,22.0,4428.0,825.0,3152.0,836.0,4.7932,166300.0,<1H OCEAN
13082,population,True,False,3.4846605922551253,-118.12,34.56,5.0,6446.0,1154.0,3427.0,1104.0,3.9936,148500.0,INLAND
13087,population,True,True,4.500251708428246,-117.83,33.74,23.0,6114.0,1623.0,4088.0,1521.0,3.0382,183600.0,<1H OCEAN
13101,population,True,True,3.621404328018223,-117.06,33.09,11.0,7483.0,1276.0,3516.0,1261.0,4.0484,262500.0,<1H OCEAN
13120,population,True,True,8.839176537585422,-121.39,39.12,28.0,10035.0,1856.0,6912.0,1818.0,2.0943,108300.0,INLAND
13128,population,True,True,3.9548132118451025,-118.51,34.43,15.0,8510.0,1258.0,3733.0,1233.0,6.1082,253700.0,<1H OCEAN
13130,population,True,False,3.4677596810933937,-117.88,33.74,25.0,1799.0,557.0,3416.0,538.0,3.0083,163500.0,<1H OCEAN
13131,population,True,True,4.515616173120729,-118.16,34.6,2.0,11008.0,1549.0,4098.0,1367.0,6.4865,204400.0,INLAND
13135,population,True,True,4.02856264236902,-118.45,34.23,25.0,4393.0,1369.0,3781.0,1267.0,2.5833,183700.0,<1H OCEAN
13175,population,True,True,11.61860820045558,-118.37,34.43,11.0,17339.0,2866.0,8721.0,2803.0,5.9507,225200.0,INLAND
13189,population,True,True,4.14533257403189,-121.24,38.63,4.0,11021.0,1565.0,3857.0,1494.0,7.2582,273200.0,INLAND
13190,population,True,False,3.23729271070615,-121.94,38.02,29.0,5765.0,1170.0,3266.0,1131.0,2.7907,113900.0,INLAND
13214,population,True,False,3.0759658314350795,-117.27,33.21,5.0,5764.0,996.0,3161.0,1012.0,4.4531,177500.0,<1H OCEAN
13227,population,True,False,3.134350797266515,-118.68,34.28,17.0,6488.0,1102.0,3199.0,1070.0,5.0962,238000.0,<1H OCEAN
13231,population,True,True,5.95373006833713,-119.74,36.71,17.0,5872.0,1250.0,5034.0,1224.0,2.1905,61800.0,INLAND
13237,population,True,True,3.748929384965831,-118.54,34.15,26.0,10111.0,1295.0,3599.0,1257.0,10.2292,500001.0,<1H OCEAN
13245,population,True,True,4.944284738041003,-122.09,38.0,6.0,10191.0,1882.0,4377.0,1789.0,5.2015,204200.0,NEAR BAY
13260,population,True,True,8.138556947608201,-122.22,38.12,15.0,14125.0,2344.0,6456.0,2147.0,5.1014,179500.0,NEAR BAY
13268,population,True,True,4.165306378132119,-118.4,34.02,19.0,7297.0,2331.0,3870.0,2144.0,3.116,300000.0,<1H OCEAN
13273,population,True,False,3.241902050113895,-122.4,37.75,44.0,6848.0,1584.0,3269.0,1383.0,2.8679,243300.0,NEAR BAY
13302,population,True,False,3.231146924829157,-117.9,33.76,26.0,2678.0,702.0,3262.0,685.0,3.6953,176800.0,<1H OCEAN
13357,population,True,True,3.910256264236902,-118.25,33.87,18.0,6812.0,1263.0,3704.0,1216.0,4.25,169200.0,<1H OCEAN
13372,population,True,False,3.4815876993166284,-118.37,33.94,29.0,2265.0,813.0,3425.0,781.0,2.3675,149400.0,<1H OCEAN
13382,population,True,True,9.335448747152618,-121.42,38.49,17.0,13180.0,2444.0,7235.0,2335.0,3.363,103000.0,INLAND
13438,population,True,True,3.5123166287015946,-117.7,33.59,11.0,8039.0,1717.0,3445.0,1571.0,4.1678,190900.0,<1H OCEAN
13539,population,True,True,4.169915717539864,-116.17,33.67,18.0,3585.0,800.0,3873.0,788.0,2.5714,65900.0,INLAND
13550,population,True,True,4.108457858769932,-122.68,38.36,8.0,7520.0,1336.0,3833.0,1287.0,4.3278,184100.0,<1H OCEAN
13572,population,True,False,3.2342198177676535,-117.25,34.06,23.0,4503.0,1156.0,3264.0,937.0,1.9821,93000.0,INLAND
13609,population,True,True,5.039544419134397,-116.99,32.81,18.0,10968.0,1521.0,4439.0,1501.0,6.2787,250000.0,<1H OCEAN
13619,population,True,False,3.0590649202733484,-117.9,33.72,33.0,2613.0,562.0,3150.0,543.0,4.3899,180700.0,<1H OCEAN
13628,population,True,True,3.6874715261958997,-116.99,33.77,7.0,10352.0,2007.0,3559.0,1689.0,2.2925,113100.0,INLAND
13667,population,True,True,4.208326879271071,-121.89,37.82,4.0,11444.0,1355.0,3898.0,1257.0,13.2949,500001.0,INLAND
13670,population,True,False,3.031408883826879,-117.09,34.07,24.0,6260.0,1271.0,3132.0,1189.0,2.5156,103000.0,INLAND
13683,population,True,False,3.2280740318906602,-119.28,35.5,28.0,3107.0,782.0,3260.0,738.0,1.6944,58600.0,INLAND
13711,population,True,True,3.5292175398633256,-121.61,36.68,37.0,3149.0,833.0,3456.0,788.0,2.8542,127600.0,<1H OCEAN
13713,population,True,True,3.5814567198177674,-119.22,34.15,32.0,3152.0,596.0,3490.0,526.0,2.725,450000.0,NEAR OCEAN
13740,population,True,True,4.381945330296127,-117.92,33.74,24.0,5321.0,1063.0,4011.0,1047.0,4.3882,189300.0,<1H OCEAN
13784,population,True,True,5.113293849658314,-120.76,35.52,7.0,9613.0,1666.0,4487.0,1653.0,3.6667,250600.0,<1H OCEAN
13787,population,True,True,11.35741230068337,-118.18,33.97,26.0,6895.0,1877.0,8551.0,1808.0,2.3175,154500.0,<1H OCEAN
13796,population,True,True,4.062364464692482,-118.17,33.96,29.0,2913.0,787.0,3803.0,740.0,2.5556,146500.0,<1H OCEAN
13799,population,True,True,3.5276810933940776,-121.35,38.68,20.0,7085.0,1222.0,3455.0,1229.0,4.3118,120000.0,INLAND
13823,population,True,True,8.39975284738041,-118.01,34.07,24.0,5684.0,1485.0,6626.0,1481.0,2.2559,166800.0,INLAND
13825,population,True,True,5.359125284738041,-119.29,34.3,24.0,7637.0,1705.0,4647.0,1623.0,3.5385,186800.0,NEAR OCEAN
13844,population,True,True,4.034708428246014,-121.3,38.0,23.0,3706.0,1106.0,3785.0,1019.0,1.7774,100000.0,INLAND
13864,population,True,False,2.9853154897494303,-117.17,32.78,17.0,3845.0,1051.0,3102.0,944.0,2.3658,164100.0,NEAR OCEAN
13868,population,True,True,5.254646924829157,-118.55,34.23,25.0,4409.0,1018.0,4579.0,1010.0,2.8727,245100.0,<1H OCEAN
13871,population,True,True,5.9322198177676535,-117.4,34.15,4.0,12156.0,1864.0,5020.0,1524.0,4.7909,149200.0,INLAND
13892,population,True,True,3.6321594533029615,-121.67,36.68,38.0,5561.0,1292.0,3523.0,1253.0,2.8289,168300.0,<1H OCEAN
13899,population,True,True,6.874061503416856,-121.78,38.55,12.0,10509.0,2186.0,5633.0,2138.0,2.9605,204300.0,INLAND
13906,population,True,True,7.5685353075170845,-120.67,35.62,6.0,12779.0,2441.0,6085.0,2157.0,3.8661,168100.0,<1H OCEAN
13908,population,True,False,3.0959396355353075,-122.06,37.6,17.0,5159.0,832.0,3174.0,817.0,5.8704,234400.0,NEAR BAY
13922,population,True,True,6.3301594533029615,-118.11,34.02,17.0,9559.0,1911.0,5279.0,1844.0,5.1515,318900.0,<1H OCEAN
14004,population,True,True,3.7289555808656036,-118.43,34.0,28.0,6128.0,1963.0,3586.0,1815.0,2.7058,310900.0,<1H OCEAN
14006,population,True,True,6.096619589977221,-118.38,33.99,21.0,11308.0,3039.0,5127.0,2839.0,4.6277,228300.0,<1H OCEAN
14021,population,True,True,3.8073143507972667,-121.97,37.31,21.0,7628.0,2166.0,3637.0,1749.0,3.6401,267500.0,<1H OCEAN
14048,population,True,False,3.055992027334852,-123.22,39.28,16.0,5569.0,1106.0,3148.0,1088.0,3.1455,142900.0,<1H OCEAN
14070,population,True,True,3.5507277904328016,-116.53,33.84,28.0,8399.0,1839.0,3470.0,1340.0,2.5885,159000.0,INLAND
14078,population,True,True,5.125585421412301,-117.01,32.66,11.0,9992.0,1368.0,4495.0,1316.0,6.9664,293900.0,NEAR OCEAN
14100,population,True,False,3.3433075170842823,-118.44,34.0,22.0,5822.0,1707.0,3335.0,1585.0,3.1579,243100.0,<1H OCEAN
14131,population,True,False,3.1789077448747154,-118.18,34.02,37.0,2631.0,734.0,3228.0,701.0,2.15,132200.0,<1H OCEAN
14132,population,True,False,3.281849658314351,-119.19,34.17,35.0,4276.0,767.0,3295.0,708.0,4.2583,187300.0,NEAR OCEAN
14140,population,True,True,5.259256264236901,-118.19,33.98,36.0,4179.0,,4582.0,1196.0,2.0087,172100.0,<1H OCEAN
14141,population,True,True,3.6536697038724375,-118.03,34.06,24.0,2343.0,834.0,3537.0,824.0,2.1094,135200.0,<1H OCEAN
14143,population,True,True,4.558636674259681,-118.29,34.05,31.0,2818.0,1252.0,4126.0,1200.0,2.053,229200.0,<1H OCEAN
14148,population,True,True,3.5123166287015946,-122.59,38.12,25.0,7784.0,1145.0,3445.0,1166.0,6.0132,287900.0,<1H OCEAN
14160,population,True,False,3.398619589977221,-122.14,37.85,27.0,9147.0,1276.0,3371.0,1269.0,7.3267,389900.0,NEAR BAY
14187,population,True,True,4.610875854214123,-117.78,33.89,7.0,9729.0,1210.0,4160.0,1214.0,8.9088,415300.0,<1H OCEAN
14203,population,True,False,3.2127095671981776,-122.02,37.37,8.0,5686.0,1489.0,3250.0,1329.0,4.2782,327700.0,<1H OCEAN
14225,population,True,False,3.11130410022779,-118.17,33.78,44.0,2364.0,746.0,3184.0,672.0,1.918,147500.0,NEAR OCEAN
14286,population,True,True,5.168605922551253,-117.25,34.15,22.0,7935.0,1976.0,4523.0,1791.0,2.1465,88800.0,INLAND
14296,population,True,True,3.535363325740319,-117.83,34.14,26.0,8254.0,1153.0,3460.0,1131.0,6.5253,349900.0,INLAND
14365,population,True,True,6.4530751708428244,-118.06,34.13,28.0,12139.0,2873.0,5359.0,2731.0,3.292,227300.0,INLAND
14421,population,True,True,5.472822323462415,-118.24,33.83,22.0,7368.0,1367.0,4721.0,1342.0,4.8438,213100.0,<1H OCEAN
14431,population,True,True,5.2131628701594535,-121.95,37.55,21.0,10687.0,1540.0,4552.0,1520.0,6.6478,333400.0,<1H OCEAN
7,households,True,True,4.635489932885906,-117.04,32.6,20.0,8052.0,1461.0,5094.0,1430.0,4.2241,139800.0,NEAR OCEAN
44,households,True,True,4.916154362416107,-117.44,33.99,12.0,9966.0,1517.0,5008.0,1492.0,4.5625,171300.0,INLAND
74,households,True,True,3.680325503355705,-122.01,37.91,21.0,10093.0,1269.0,3645.0,1219.0,7.6877,367700.0,NEAR BAY
82,households,True,True,5.504644295302014,-117.79,33.8,11.0,10535.0,1620.0,4409.0,1622.0,6.67,283200.0,<1H OCEAN
86,households,True,True,16.323805369127516,-118.72,34.14,7.0,23866.0,4407.0,9873.0,4012.0,5.4032,318500.0,NEAR OCEAN
89,households,True,True,9.135174496644296,-117.1,33.14,7.0,10665.0,2576.0,4917.0,2424.0,2.3171,159500.0,<1H OCEAN
101,households,True,True,5.848684563758389,-118.5,34.03,32.0,6365.0,1784.0,2767.0,1698.0,3.6451,383300.0,<1H OCEAN
113,households,True,True,5.386946308724832,-116.86,33.05,17.0,9044.0,1689.0,5030.0,1596.0,3.6348,164500.0,<1H OCEAN
120,households,True,False,3.2231140939597314,-116.98,33.77,12.0,5829.0,1309.0,2711.0,1118.0,1.9707,107900.0,INLAND
128,households,True,True,3.77991610738255,-117.82,33.68,3.0,7105.0,1459.0,3068.0,1241.0,6.1395,358000.0,<1H OCEAN
148,households,True,True,3.7663355704697983,-121.85,37.24,17.0,6425.0,1268.0,3934.0,1238.0,5.1228,237600.0,<1H OCEAN
196,households,True,True,9.356989932885906,-117.54,34.12,4.0,17577.0,2819.0,7766.0,2473.0,5.1333,181800.0,INLAND
197,households,True,True,3.725593959731544,-118.37,34.09,38.0,4408.0,1295.0,1690.0,1229.0,3.0156,300000.0,<1H OCEAN
209,households,True,True,3.911194630872483,-117.79,33.73,3.0,8240.0,1410.0,3318.0,1270.0,7.2074,291300.0,<1H OCEAN
220,households,True,True,4.006258389261745,-116.99,32.83,20.0,6696.0,1326.0,3687.0,1291.0,3.1979,154600.0,<1H OCEAN
303,households,True,True,5.174184563758389,-121.44,38.51,27.0,7212.0,1606.0,4828.0,1549.0,2.214,82400.0,INLAND
328,households,True,True,4.065107382550336,-120.64,35.46,6.0,5876.0,1406.0,2877.0,1304.0,2.5437,146400.0,<1H OCEAN
336,households,True,False,3.1778456375838924,-121.96,37.54,14.0,5106.0,1207.0,2738.0,1108.0,3.9909,236000.0,<1H OCEAN
337,households,True,True,10.230671140939597,-117.86,33.99,10.0,17820.0,2812.0,8686.0,2666.0,6.3875,310700.0,<1H OCEAN
340,households,True,True,6.645409395973154,-118.3,34.1,37.0,5305.0,1980.0,3895.0,1874.0,2.0672,283300.0,<1H OCEAN
342,households,True,True,3.6124228187919463,-117.05,33.05,6.0,7916.0,1293.0,2741.0,1204.0,5.6436,278600.0,<1H OCEAN
351,households,True,True,7.229372483221477,-118.46,33.97,18.0,9430.0,2473.0,3408.0,2003.0,6.1726,500001.0,<1H OCEAN
357,households,True,True,4.938788590604027,-118.01,33.87,25.0,6348.0,1615.0,4188.0,1497.0,3.139,185700.0,<1H OCEAN
362,households,True,False,3.132577181208054,-117.49,34.04,4.0,6034.0,1170.0,3527.0,1098.0,4.1775,143700.0,INLAND
405,households,True,False,3.159738255033557,-118.29,34.06,27.0,2456.0,1111.0,4137.0,1104.0,1.5954,187500.0,<1H OCEAN
408,households,True,True,6.713312080536912,-121.8,36.68,18.0,8581.0,1957.0,6071.0,1889.0,3.0,162200.0,<1H OCEAN
420,households,True,True,3.585261744966443,-117.96,33.68,24.0,6517.0,1279.0,3441.0,1198.0,4.25,152100.0,<1H OCEAN
440,households,True,True,4.436308724832215,-121.52,38.51,23.0,6876.0,1456.0,2942.0,1386.0,3.0963,156900.0,INLAND
475,households,True,True,7.740906040268456,-117.91,33.67,16.0,7961.0,2276.0,5014.0,2116.0,3.512,218400.0,<1H OCEAN
478,households,True,True,4.970476510067114,-117.14,33.07,12.0,9302.0,1603.0,4074.0,1504.0,4.3513,199600.0,<1H OCEAN
479,households,True,True,4.264288590604027,-118.53,34.17,18.0,6430.0,1412.0,2897.0,1348.0,3.855,243800.0,<1H OCEAN
497,households,True,False,3.458510067114094,-117.39,34.38,4.0,7151.0,1295.0,3527.0,1170.0,3.5696,129700.0,INLAND
499,households,True,True,4.7215,-117.88,34.08,30.0,6132.0,1538.0,3147.0,1449.0,2.7763,187800.0,<1H OCEAN
525,households,True,True,4.119429530201342,-117.79,33.88,17.0,8562.0,1351.0,3822.0,1316.0,6.0829,252600.0,<1H OCEAN
566,households,True,True,4.078687919463087,-119.01,35.28,10.0,7011.0,1453.0,4163.0,1307.0,2.7659,77500.0,INLAND
569,households,True,True,16.07935570469799,-117.27,33.15,4.0,23915.0,4135.0,10877.0,3958.0,4.6357,244900.0,NEAR OCEAN
580,households,True,True,4.196385906040268,-117.24,33.93,12.0,7105.0,1447.0,4520.0,1333.0,3.2705,113200.0,INLAND
589,households,True,True,4.603802013422818,-117.32,33.25,7.0,8206.0,1523.0,4399.0,1423.0,3.6301,170900.0,<1H OCEAN
603,households,True,True,9.239291946308724,-118.59,34.18,7.0,11853.0,2691.0,4404.0,2447.0,4.2009,271300.0,<1H OCEAN
604,households,True,True,4.214493288590604,-116.53,33.85,16.0,10077.0,2186.0,3048.0,1337.0,2.9647,110900.0,INLAND
629,households,True,True,6.410013422818792,-118.31,34.07,26.0,5062.0,2055.0,4533.0,1822.0,2.3105,166700.0,<1H OCEAN
650,households,True,False,3.3815536912751676,-122.03,37.35,19.0,3811.0,1227.0,1930.0,1153.0,3.5154,311400.0,<1H OCEAN
651,households,True,True,5.056486577181208,-117.91,33.76,22.0,7531.0,1569.0,5254.0,1523.0,3.8506,167400.0,<1H OCEAN
660,households,True,True,3.739174496644295,-116.36,33.88,11.0,12557.0,3098.0,2453.0,1232.0,1.7844,78500.0,INLAND
670,households,True,True,7.292748322147651,-118.26,34.18,32.0,14556.0,2077.0,5459.0,2017.0,8.1657,500001.0,<1H OCEAN
672,households,True,True,8.682489932885906,-117.22,34.54,8.0,12526.0,2495.0,6133.0,2324.0,2.9072,119200.0,INLAND
676,households,True,True,3.6033691275167787,-116.93,32.79,23.0,5759.0,1258.0,3108.0,1202.0,3.0927,140600.0,<1H OCEAN
698,households,True,True,5.160604026845637,-122.05,37.93,15.0,7803.0,1603.0,2957.0,1546.0,4.45,184900.0,NEAR BAY
717,households,True,False,3.3000704697986576,-117.88,33.66,26.0,6017.0,1244.0,2673.0,1135.0,3.5426,295400.0,<1H OCEAN
724,households,True,True,4.12848322147651,-119.18,34.15,22.0,4769.0,1366.0,5534.0,1318.0,2.4167,192000.0,NEAR OCEAN
746,households,True,True,5.712879194630872,-117.62,34.15,16.0,13556.0,1704.0,5669.0,1668.0,6.5138,311500.0,INLAND
777,households,True,True,3.6531644295302015,-121.84,37.24,24.0,7991.0,1286.0,4017.0,1213.0,5.4741,238800.0,<1H OCEAN
785,households,True,True,6.01165100671141,-116.52,33.82,21.0,10227.0,2315.0,3623.0,1734.0,2.5212,145200.0,INLAND
791,households,True,True,5.82605033557047,-119.23,34.46,34.0,9280.0,1765.0,4514.0,1693.0,3.2026,227600.0,<1H OCEAN
803,households,True,False,3.367973154362416,-117.35,34.09,14.0,5983.0,1224.0,3255.0,1150.0,2.5902,111500.0,INLAND
805,households,True,True,6.183671140939597,-118.25,34.14,25.0,5980.0,1856.0,5217.0,1772.0,2.506,184500.0,<1H OCEAN
842,households,True,True,11.050030201342283,-122.01,37.57,14.0,16199.0,2993.0,8117.0,2847.0,5.8322,281800.0,NEAR BAY
844,households,True,True,3.7889697986577184,-118.38,34.08,30.0,4524.0,1312.0,1910.0,1243.0,2.8889,335300.0,<1H OCEAN
859,households,True,True,12.634426174496644,-117.2,33.58,2.0,30450.0,5033.0,9419.0,3197.0,4.5936,174300.0,<1H OCEAN
860,households,True,True,5.427687919463088,-118.25,34.05,52.0,2806.0,1944.0,2232.0,1605.0,0.6775,350000.0,<1H OCEAN
874,households,True,True,7.781647651006711,-121.75,37.71,11.0,12070.0,2220.0,5826.0,2125.0,4.8624,192400.0,INLAND
919,households,True,True,9.5833322147651,-118.33,33.83,5.0,13038.0,2679.0,5272.0,2523.0,5.5023,286400.0,<1H OCEAN
925,households,True,False,3.200479865771812,-118.27,33.87,21.0,6108.0,1130.0,3244.0,1113.0,4.2768,181400.0,<1H OCEAN
982,households,True,False,3.499251677852349,-118.28,34.06,42.0,2472.0,,3795.0,1179.0,1.2254,162500.0,<1H OCEAN
991,households,True,False,3.1280503355704696,-118.39,34.09,27.0,4312.0,1214.0,1634.0,1097.0,3.6207,362500.0,<1H OCEAN
993,households,True,True,4.7531879194630875,-117.08,32.57,9.0,6298.0,1512.0,4451.0,1456.0,2.569,88300.0,NEAR OCEAN
1011,households,True,True,12.249644295302012,-121.33,38.77,3.0,20214.0,3559.0,8361.0,3112.0,4.2259,169300.0,INLAND
1025,households,True,True,3.5626275167785235,-117.1,32.57,14.0,5058.0,1299.0,3662.0,1193.0,2.3253,133700.0,NEAR OCEAN
1031,households,True,True,6.364744966442953,-122.5,37.97,25.0,6526.0,1902.0,5917.0,1812.0,2.7273,187500.0,NEAR BAY
1045,households,True,True,5.3145167785234895,-119.93,36.32,25.0,8363.0,1636.0,7679.0,1580.0,2.0285,106300.0,INLAND
1055,households,True,True,7.998936241610738,-118.88,34.02,19.0,15990.0,2611.0,5175.0,2173.0,7.7848,500001.0,NEAR OCEAN
1061,households,True,False,3.250275167785235,-117.34,33.21,12.0,5963.0,1372.0,3015.0,1124.0,2.7386,216100.0,NEAR OCEAN
1078,households,True,False,3.123523489932886,-120.85,38.69,18.0,5928.0,1097.0,2697.0,1096.0,3.4872,141400.0,INLAND
1133,households,True,True,3.5762080536912753,-121.96,37.36,16.0,5040.0,1325.0,3150.0,1196.0,4.2837,264500.0,<1H OCEAN
1134,households,True,False,3.367973154362416,-118.27,34.22,34.0,8206.0,1186.0,3141.0,1150.0,7.2812,462200.0,<1H OCEAN
1143,households,True,True,4.268815436241611,-122.61,37.99,40.0,7737.0,1488.0,3108.0,1349.0,4.4375,289600.0,NEAR OCEAN
1147,households,True,True,5.536332214765101,-117.84,33.82,24.0,10281.0,1689.0,4926.0,1629.0,4.7946,251200.0,<1H OCEAN
1182,households,True,True,3.951936241610738,-117.69,33.52,3.0,7374.0,1444.0,3214.0,1279.0,4.538,278200.0,<1H OCEAN
1215,households,True,True,5.074593959731544,-116.91,32.75,5.0,8710.0,1614.0,4372.0,1527.0,4.7813,240900.0,<1H OCEAN
1232,households,True,True,7.903872483221476,-118.8,34.19,4.0,15572.0,2222.0,5495.0,2152.0,8.6499,500001.0,<1H OCEAN
1312,households,True,True,6.342110738255034,-116.06,34.15,15.0,10377.0,2331.0,4507.0,1807.0,2.2466,66800.0,INLAND
1384,households,True,False,3.4766174496644293,-118.3,34.1,29.0,3403.0,1367.0,3432.0,1174.0,1.7083,166700.0,<1H OCEAN
1390,households,True,True,5.504644295302014,-120.55,41.61,22.0,9047.0,1831.0,4276.0,1622.0,2.0802,47900.0,INLAND
1392,households,True,True,6.4779161073825495,-122.04,38.27,16.0,8517.0,1910.0,4508.0,1837.0,3.1853,129600.0,INLAND
1400,households,True,False,3.499251677852349,-121.16,38.67,21.0,6198.0,1223.0,2827.0,1179.0,3.7796,159000.0,INLAND
1402,households,True,False,3.254802013422819,-117.83,33.75,22.0,6433.0,1174.0,2703.0,1125.0,4.9957,296400.0,<1H OCEAN
1404,households,True,True,14.915956375838926,-121.92,37.53,7.0,28258.0,3864.0,12203.0,3701.0,8.4045,451100.0,<1H OCEAN
1405,households,True,True,5.3145167785234895,-122.2,38.1,5.0,9567.0,1729.0,4620.0,1580.0,4.4821,210000.0,NEAR BAY
1408,households,True,True,4.80298322147651,-121.32,38.64,19.0,8501.0,1558.0,3576.0,1467.0,3.6523,158500.0,INLAND
1417,households,True,True,5.871318791946309,-117.25,33.93,8.0,10110.0,1761.0,5804.0,1703.0,4.2654,137600.0,INLAND
1446,households,True,True,5.848684563758389,-117.07,33.0,4.0,9153.0,1866.0,3775.0,1698.0,4.955,241500.0,<1H OCEAN
1466,households,True,True,5.767201342281879,-116.14,34.45,12.0,8796.0,1721.0,11139.0,1680.0,2.2612,137500.0,INLAND
1471,households,True,True,4.39556711409396,-122.05,38.26,21.0,7195.0,1416.0,3927.0,1377.0,3.0912,126300.0,INLAND
1488,households,True,True,5.33715100671141,-119.27,34.17,15.0,11403.0,2131.0,3327.0,1585.0,4.3693,423300.0,NEAR OCEAN
1498,households,True,True,6.84911744966443,-121.65,36.69,21.0,7884.0,2011.0,4907.0,1919.0,2.7367,160300.0,<1H OCEAN
1500,households,True,True,4.7894026845637585,-122.52,37.98,31.0,6555.0,1571.0,2962.0,1464.0,2.8903,324200.0,NEAR BAY
1532,households,True,True,4.214493288590604,-118.26,34.17,20.0,5949.0,1417.0,2593.0,1337.0,3.8576,318600.0,<1H OCEAN
1535,households,True,False,3.214060402684564,-117.04,34.02,24.0,4663.0,1213.0,1851.0,1116.0,1.4418,103500.0,INLAND
1555,households,True,True,5.64044966442953,-118.47,34.06,26.0,6577.0,1789.0,2937.0,1652.0,4.801,500001.0,<1H OCEAN
1587,households,True,True,3.61694966442953,-118.26,34.14,29.0,3431.0,1222.0,4094.0,1205.0,2.2614,248100.0,<1H OCEAN
1596,households,True,True,3.9383557046979862,-118.09,34.04,18.0,5580.0,1369.0,3842.0,1276.0,3.6512,168500.0,<1H OCEAN
1609,households,True,False,3.3136510067114093,-121.57,37.0,18.0,7241.0,1225.0,4168.0,1138.0,4.5714,260300.0,INLAND
1657,households,True,True,9.207604026845637,-118.45,34.44,16.0,13406.0,2574.0,7030.0,2440.0,4.6861,187900.0,<1H OCEAN
1673,households,True,True,4.870885906040268,-122.11,37.41,27.0,5110.0,1599.0,2764.0,1482.0,3.4198,351900.0,NEAR BAY
1681,households,True,True,7.577939597315437,-118.77,34.24,6.0,16222.0,2309.0,6700.0,2080.0,6.4963,308100.0,<1H OCEAN
1753,households,True,True,5.604234899328858,-117.31,33.94,7.0,11232.0,1791.0,4218.0,1644.0,5.2713,216500.0,INLAND
1760,households,True,True,4.083214765100671,-118.87,34.18,21.0,5661.0,1369.0,3188.0,1308.0,3.4676,212800.0,<1H OCEAN
1766,households,True,False,3.281963087248322,-121.25,38.72,10.0,7277.0,1168.0,3507.0,1131.0,4.485,179400.0,INLAND
1795,households,True,True,6.0705,-118.49,34.26,25.0,8389.0,1872.0,4483.0,1747.0,3.5497,261300.0,<1H OCEAN
1803,households,True,True,17.192959731543624,-118.52,34.17,20.0,17377.0,4457.0,7450.0,4204.0,3.2154,259600.0,<1H OCEAN
1837,households,True,True,4.486104026845637,-118.32,34.11,48.0,4472.0,1579.0,2796.0,1397.0,2.3974,410700.0,<1H OCEAN
1861,households,True,True,3.716540268456376,-116.43,34.1,17.0,6683.0,1296.0,2677.0,1227.0,2.4828,84000.0,INLAND
1888,households,True,True,8.505942953020133,-117.36,34.48,3.0,16533.0,2549.0,7588.0,2285.0,3.9792,122100.0,INLAND
1904,households,True,False,3.2593288590604024,-117.0,34.87,16.0,6862.0,1292.0,3562.0,1126.0,3.6091,87200.0,INLAND
1924,households,True,True,5.196818791946309,-119.04,34.23,21.0,9807.0,1614.0,4199.0,1554.0,5.0145,246600.0,<1H OCEAN
1964,households,True,True,9.144228187919463,-117.29,33.63,7.0,16010.0,2726.0,7139.0,2426.0,3.8056,162200.0,<1H OCEAN
1994,households,True,True,4.947842281879194,-117.57,34.15,3.0,12806.0,2219.0,4249.0,1499.0,5.485,343100.0,INLAND
2000,households,True,False,3.254802013422819,-117.68,33.63,16.0,5218.0,1187.0,2701.0,1125.0,3.929,143100.0,<1H OCEAN
2013,households,True,True,4.409147651006712,-122.09,37.91,18.0,9576.0,1455.0,3486.0,1380.0,7.0895,306900.0,NEAR BAY
2028,households,True,True,3.6848523489932887,-117.04,32.97,13.0,6711.0,1256.0,3683.0,1220.0,4.5746,175700.0,<1H OCEAN
2043,households,True,True,3.5535738255033555,-121.83,36.61,27.0,5665.0,1281.0,3612.0,1191.0,3.0542,142100.0,<1H OCEAN
2055,households,True,False,3.214060402684564,-118.35,34.1,18.0,4109.0,1301.0,2103.0,1116.0,2.325,250000.0,<1H OCEAN
2081,households,True,True,4.603802013422818,-116.38,33.71,17.0,12509.0,2460.0,2737.0,1423.0,4.5556,258100.0,INLAND
2100,households,True,True,4.943315436241611,-117.12,32.95,4.0,9018.0,1572.0,4438.0,1498.0,4.988,263700.0,<1H OCEAN
2179,households,True,True,6.853644295302013,-118.38,34.01,18.0,9528.0,2075.0,3922.0,1920.0,4.7612,304100.0,<1H OCEAN
2184,households,True,True,4.961422818791946,-122.08,37.96,21.0,9135.0,1534.0,3748.0,1502.0,6.0859,266000.0,NEAR BAY
2214,households,True,True,3.784442953020134,-122.62,38.4,10.0,9772.0,1308.0,3741.0,1242.0,6.5261,324700.0,<1H OCEAN
2240,households,True,True,8.148322147651006,-121.98,37.32,17.0,9789.0,2552.0,4748.0,2206.0,4.2531,279800.0,<1H OCEAN
2241,households,True,True,6.2968422818791945,-122.05,37.57,7.0,10648.0,1818.0,6075.0,1797.0,6.1047,278200.0,NEAR BAY
2280,households,True,False,3.318177852348993,-117.7,33.53,5.0,6698.0,1254.0,2834.0,1139.0,5.9088,288500.0,<1H OCEAN
2285,households,True,True,6.812902684563758,-117.23,33.89,5.0,11775.0,2031.0,6686.0,1911.0,4.1953,136600.0,INLAND
2298,households,True,True,19.750627516778522,-117.42,33.35,14.0,25135.0,4819.0,35682.0,4769.0,2.5729,134400.0,<1H OCEAN
2340,households,True,True,7.980828859060402,-118.55,34.44,14.0,15348.0,2366.0,7087.0,2169.0,6.3277,237700.0,INLAND
2359,households,True,True,11.267318791946309,-117.08,32.97,3.0,17466.0,3336.0,7644.0,2895.0,5.4584,246500.0,<1H OCEAN
2366,households,True,True,4.984057046979866,-122.06,37.96,10.0,7136.0,1691.0,2959.0,1507.0,3.9816,182000.0,NEAR BAY
2374,households,True,True,5.083647651006711,-118.02,34.57,4.0,10655.0,1706.0,5391.0,1529.0,5.083,151300.0,INLAND
2375,households,True,True,4.223546979865771,-117.88,33.7,17.0,5122.0,1544.0,2966.0,1339.0,3.4835,116700.0,<1H OCEAN
2382,households,True,True,3.6531644295302015,-121.95,37.34,25.0,5236.0,1320.0,2529.0,1213.0,3.1702,256100.0,<1H OCEAN
2411,households,True,True,6.265154362416108,-118.07,34.56,5.0,10264.0,1821.0,5871.0,1790.0,4.2329,145500.0,INLAND
2424,households,True,True,9.07179865771812,-117.61,34.14,14.0,15809.0,2485.0,7363.0,2410.0,5.5198,245600.0,INLAND
2447,households,True,True,8.424459731543624,-122.31,40.55,11.0,13714.0,2302.0,6511.0,2267.0,3.5522,100100.0,INLAND
2454,households,True,True,5.106281879194631,-117.03,32.75,24.0,7879.0,1655.0,3898.0,1534.0,3.0897,187300.0,NEAR OCEAN
2496,households,True,True,5.957328859060402,-121.6,37.9,5.0,14684.0,2252.0,4276.0,1722.0,6.9051,340900.0,INLAND
2522,households,True,False,3.4358758389261745,-122.47,37.81,45.0,6927.0,1258.0,4715.0,1165.0,3.4051,500001.0,NEAR BAY
2540,households,True,True,7.935560402684564,-117.9,33.98,20.0,9893.0,2283.0,7228.0,2159.0,3.253,186700.0,<1H OCEAN
2555,households,True,True,4.993110738255033,-118.53,34.25,20.0,6331.0,1537.0,2957.0,1509.0,3.3892,323100.0,<1H OCEAN
2582,households,True,True,9.999802013422817,-122.56,38.06,19.0,15622.0,2721.0,6109.0,2615.0,5.0965,295300.0,NEAR BAY
2588,households,True,True,5.644976510067114,-118.88,34.19,16.0,7268.0,1729.0,3232.0,1653.0,3.3703,228700.0,<1H OCEAN
2592,households,True,True,5.269248322147651,-116.38,33.73,10.0,11836.0,2405.0,3811.0,1570.0,4.0079,134500.0,INLAND
2594,households,True,True,4.870885906040268,-118.19,34.22,32.0,10626.0,1504.0,4353.0,1482.0,9.8413,500001.0,<1H OCEAN
2614,households,True,True,8.763973154362414,-117.21,33.97,3.0,18356.0,2537.0,8437.0,2342.0,5.6409,197700.0,INLAND
2619,households,True,False,3.236694630872483,-118.36,33.97,19.0,4651.0,1281.0,2917.0,1121.0,2.6823,142500.0,<1H OCEAN
2629,households,True,True,11.222050335570469,-121.49,38.62,8.0,15309.0,2996.0,7463.0,2885.0,3.9143,129700.0,INLAND
2633,households,True,True,3.8116040268456373,-118.01,33.71,18.0,6565.0,1357.0,3079.0,1248.0,4.7515,295600.0,<1H OCEAN
2635,households,True,True,10.447959731543623,-117.92,33.98,10.0,16414.0,2919.0,8907.0,2714.0,6.1552,362500.0,<1H OCEAN
2654,households,True,True,3.739174496644295,-118.44,34.05,15.0,5368.0,1312.0,2269.0,1232.0,5.7097,316700.0,<1H OCEAN
2661,households,True,True,4.0424731543624155,-121.42,38.47,11.0,5665.0,1507.0,3422.0,1299.0,2.3343,97800.0,INLAND
2703,households,True,True,3.725593959731544,-121.9,37.67,7.0,9540.0,1294.0,3926.0,1229.0,7.4353,389800.0,<1H OCEAN
2759,households,True,False,3.318177852348993,-117.9,33.68,25.0,7060.0,1159.0,3903.0,1139.0,4.8359,249200.0,<1H OCEAN
2767,households,True,False,3.417768456375839,-117.61,34.12,17.0,6709.0,1198.0,3954.0,1161.0,4.6997,156900.0,INLAND
2823,households,True,True,9.194023489932885,-117.23,33.94,7.0,13195.0,2696.0,6763.0,2437.0,3.5851,142000.0,INLAND
2830,households,True,True,12.883402684563759,-117.12,33.49,4.0,21988.0,4055.0,8824.0,3252.0,3.9963,191100.0,<1H OCEAN
2868,households,True,False,3.327231543624161,-118.18,33.78,26.0,3042.0,1253.0,4812.0,1141.0,1.7701,146200.0,NEAR OCEAN
2880,households,True,True,4.689812080536913,-118.46,34.06,20.0,5448.0,1532.0,2202.0,1442.0,4.2554,500001.0,<1H OCEAN
2883,households,True,False,3.109942953020134,-118.34,33.87,28.0,4605.0,1188.0,2558.0,1093.0,3.6988,266600.0,<1H OCEAN
2894,households,True,True,5.178711409395974,-117.31,33.11,7.0,7974.0,1703.0,2904.0,1550.0,4.1282,188100.0,NEAR OCEAN
2899,households,True,True,4.110375838926175,-122.48,37.7,33.0,4167.0,1398.0,2923.0,1314.0,3.049,307000.0,NEAR OCEAN
2904,households,True,True,3.7980234899328855,-121.94,37.28,18.0,4356.0,1334.0,1968.0,1245.0,3.6294,240000.0,<1H OCEAN
2946,households,True,True,3.648637583892617,-120.42,34.91,4.0,6986.0,1217.0,2801.0,1212.0,3.2135,212700.0,<1H OCEAN
2955,households,True,True,3.7663355704697983,-119.12,34.38,28.0,7200.0,1281.0,3793.0,1238.0,4.075,237900.0,<1H OCEAN
2957,households,True,True,5.201345637583892,-117.47,34.12,6.0,10565.0,1767.0,5690.0,1555.0,4.1797,141000.0,INLAND
2965,households,True,True,5.083647651006711,-118.29,34.07,24.0,4021.0,1707.0,3727.0,1529.0,1.7365,112500.0,<1H OCEAN
3015,households,True,True,5.319043624161074,-122.38,37.73,15.0,6804.0,1664.0,4737.0,1581.0,1.4133,203400.0,NEAR BAY
3016,households,True,True,5.405053691275167,-117.58,34.14,7.0,11818.0,1745.0,5499.0,1600.0,5.3678,231700.0,INLAND
3025,households,True,False,3.281963087248322,-121.44,38.47,5.0,5666.0,1178.0,3139.0,1131.0,3.3608,108900.0,INLAND
3073,households,True,True,3.970043624161074,-116.26,33.72,10.0,9404.0,1827.0,3208.0,1283.0,3.1086,105800.0,INLAND
3082,households,True,True,5.50011744966443,-116.5,33.95,10.0,7249.0,1882.0,4274.0,1621.0,1.6983,66600.0,INLAND
3088,households,True,True,4.381986577181207,-122.43,37.79,52.0,6186.0,1566.0,2065.0,1374.0,5.8543,500001.0,NEAR BAY
3109,households,True,True,6.265154362416108,-118.37,34.16,6.0,6526.0,2007.0,3298.0,1790.0,2.7231,250000.0,<1H OCEAN
3110,households,True,True,4.151117449664429,-117.25,33.12,8.0,8552.0,1437.0,3335.0,1323.0,5.311,255800.0,NEAR OCEAN
3117,households,True,True,6.971342281879195,-122.1,37.63,18.0,9963.0,2031.0,5613.0,1946.0,3.8171,187200.0,NEAR BAY
3146,households,True,True,4.993110738255033,-117.18,32.81,19.0,6823.0,1509.0,3784.0,1509.0,3.1032,179500.0,NEAR OCEAN
3155,households,True,True,11.009288590604028,-118.36,33.84,22.0,11016.0,3170.0,6664.0,2838.0,3.703,361300.0,<1H OCEAN
3168,households,True,True,4.019838926174497,-119.77,34.44,24.0,5652.0,1313.0,2312.0,1294.0,2.4717,295300.0,NEAR OCEAN
3175,households,True,True,12.539362416107382,-117.01,32.83,17.0,15401.0,3280.0,7302.0,3176.0,3.3067,121900.0,<1H OCEAN
3178,households,True,True,4.001731543624161,-117.24,33.77,9.0,6907.0,1379.0,3665.0,1290.0,2.8401,104200.0,INLAND
3184,households,True,True,5.735513422818792,-121.28,37.82,10.0,9205.0,1774.0,5935.0,1673.0,3.65,119400.0,INLAND
3185,households,True,True,6.636355704697986,-118.3,34.18,13.0,7174.0,1997.0,4293.0,1872.0,3.0973,251900.0,<1H OCEAN
3195,households,True,True,7.60510067114094,-117.52,33.99,14.0,13562.0,2057.0,7600.0,2086.0,5.2759,182900.0,INLAND
3205,households,True,True,3.7753892617449667,-117.43,33.93,15.0,4836.0,1368.0,3012.0,1240.0,2.1865,129300.0,INLAND
3210,households,True,True,4.816563758389262,-121.13,38.66,2.0,12360.0,1747.0,4438.0,1470.0,6.2503,222500.0,INLAND
3211,households,True,True,4.341244966442953,-121.82,39.75,29.0,7744.0,1375.0,3316.0,1365.0,3.0253,111400.0,INLAND
3224,households,True,False,3.3136510067114093,-122.22,37.86,21.0,7099.0,1106.0,2401.0,1138.0,8.3014,358500.0,NEAR BAY
3246,households,True,True,5.58160067114094,-121.86,37.34,29.0,5274.0,1625.0,6234.0,1639.0,2.5947,177300.0,<1H OCEAN
3255,households,True,True,8.456147651006711,-118.38,34.09,24.0,8264.0,2437.0,3148.0,2274.0,3.5659,281300.0,<1H OCEAN
3277,households,True,False,3.1054161073825504,-118.48,34.22,22.0,3430.0,1214.0,3618.0,1092.0,2.1974,93800.0,<1H OCEAN
3312,households,True,True,7.003030201342281,-119.06,35.35,20.0,9351.0,2139.0,4584.0,1953.0,2.575,69900.0,INLAND
3323,households,True,True,3.7663355704697983,-117.37,33.94,14.0,9286.0,1269.0,3565.0,1238.0,6.6635,219600.0,INLAND
3341,households,True,True,4.019838926174497,-117.23,33.96,5.0,9179.0,1361.0,4573.0,1294.0,5.253,163300.0,INLAND
3346,households,True,True,6.80384899328859,-117.42,33.98,16.0,10072.0,2043.0,5913.0,1909.0,3.0606,119500.0,INLAND
3404,households,True,True,3.539993288590604,-121.98,38.29,4.0,8778.0,1291.0,4010.0,1188.0,5.4399,187100.0,INLAND
3427,households,True,True,4.961422818791946,-121.94,38.37,17.0,7973.0,1591.0,2899.0,1502.0,2.8357,120100.0,INLAND
3430,households,True,True,5.912060402684563,-118.11,33.77,15.0,9103.0,1847.0,3333.0,1712.0,5.1508,367300.0,NEAR OCEAN
3509,households,True,True,6.450755033557047,-117.88,33.63,21.0,9565.0,2289.0,3162.0,1831.0,4.7024,345400.0,<1H OCEAN
3511,households,True,True,3.739174496644295,-118.01,33.74,25.0,8110.0,1264.0,3613.0,1232.0,6.0609,264900.0,<1H OCEAN
3516,households,True,True,3.825184563758389,-121.86,37.0,16.0,8638.0,1392.0,3706.0,1251.0,5.503,351800.0,<1H OCEAN
3545,households,True,False,3.0646744966442956,-118.32,34.09,34.0,2473.0,1171.0,2655.0,1083.0,1.6331,162500.0,<1H OCEAN
3574,households,True,True,5.1515503355704695,-118.37,33.97,32.0,6699.0,1781.0,2725.0,1544.0,3.3889,285700.0,<1H OCEAN
3585,households,True,True,5.0429060402684565,-119.01,35.3,7.0,8596.0,1597.0,4893.0,1520.0,3.9054,80900.0,INLAND
3588,households,True,True,9.719137583892618,-117.58,33.85,6.0,16431.0,2640.0,8222.0,2553.0,5.2861,195100.0,INLAND
3597,households,True,False,3.1823724832214766,-117.92,33.74,13.0,4620.0,1265.0,3385.0,1109.0,3.1773,186500.0,<1H OCEAN
3605,households,True,True,4.0424731543624155,-117.88,34.01,16.0,6756.0,1332.0,4429.0,1299.0,4.7589,178200.0,<1H OCEAN
3608,households,True,False,3.281963087248322,-118.33,34.24,31.0,6434.0,1188.0,3540.0,1131.0,4.2639,293300.0,<1H OCEAN
3640,households,True,False,3.087308724832215,-117.51,33.89,16.0,5418.0,1005.0,2690.0,1088.0,4.0556,158000.0,INLAND
3653,households,True,True,4.866359060402685,-121.54,38.49,6.0,9104.0,1535.0,3759.0,1481.0,5.1442,174500.0,INLAND
3659,households,True,True,4.467996644295302,-117.66,33.65,13.0,8527.0,1364.0,4597.0,1393.0,6.2242,237900.0,<1H OCEAN
3667,households,True,True,7.921979865771812,-118.29,34.06,42.0,3894.0,2293.0,6846.0,2156.0,1.5553,70000.0,<1H OCEAN
3726,households,True,True,5.50011744966443,-117.68,34.1,11.0,7392.0,1796.0,3841.0,1621.0,2.8326,163000.0,INLAND
3729,households,True,True,3.589788590604027,-117.45,33.93,20.0,5998.0,1320.0,3185.0,1199.0,3.2731,113900.0,INLAND
3752,households,True,True,4.065107382550336,-117.55,33.85,4.0,8207.0,1373.0,3887.0,1304.0,4.8686,195300.0,INLAND
3767,households,True,True,7.645842281879194,-116.47,33.81,7.0,10105.0,2481.0,6274.0,2095.0,2.4497,90900.0,INLAND
3773,households,True,True,4.807510067114094,-118.48,35.14,4.0,8417.0,1657.0,4631.0,1468.0,3.6949,115800.0,INLAND
3788,households,True,True,3.8885604026845635,-117.67,33.63,9.0,5774.0,1320.0,3086.0,1265.0,4.4063,202200.0,<1H OCEAN
3813,households,True,True,4.119429530201342,-122.0,37.51,7.0,6352.0,1390.0,3223.0,1316.0,4.9867,181700.0,<1H OCEAN
3833,households,True,True,4.146590604026845,-118.28,33.83,18.0,5923.0,1409.0,3887.0,1322.0,3.4712,194400.0,<1H OCEAN
3843,households,True,True,3.589788590604027,-121.85,39.77,17.0,5273.0,1177.0,2446.0,1199.0,1.9362,89900.0,INLAND
3848,households,True,True,7.641315436241611,-117.49,33.9,7.0,10235.0,2238.0,5271.0,2094.0,3.6071,159100.0,INLAND
3852,households,True,False,3.4041879194630873,-122.73,38.46,14.0,4042.0,1298.0,2323.0,1158.0,2.0651,135400.0,<1H OCEAN
3853,households,True,False,3.3498657718120803,-118.32,34.05,42.0,3343.0,1183.0,3480.0,1146.0,1.9923,250000.0,<1H OCEAN
3915,households,True,True,11.167728187919462,-121.35,38.72,2.0,21897.0,3513.0,8652.0,2873.0,4.5432,151300.0,INLAND
3921,households,True,True,3.7029597315436242,-121.59,37.02,14.0,6355.0,1279.0,3704.0,1224.0,4.4233,228600.0,INLAND
3945,households,True,True,4.219020134228188,-122.25,37.56,19.0,7976.0,1406.0,3437.0,1338.0,5.6396,430300.0,NEAR BAY
3961,households,True,True,6.563926174496644,-117.08,32.83,7.0,13703.0,2352.0,4446.0,1856.0,6.4335,260600.0,<1H OCEAN
3974,households,True,True,4.164697986577181,-118.44,34.15,29.0,5474.0,1457.0,2352.0,1326.0,3.415,382500.0,<1H OCEAN
4002,households,True,True,5.300936241610738,-118.52,34.02,24.0,7418.0,1755.0,2713.0,1577.0,5.0867,500001.0,<1H OCEAN
4027,households,True,False,3.254802013422819,-118.4,34.13,32.0,8262.0,1156.0,2712.0,1125.0,10.5575,500001.0,<1H OCEAN
4037,households,True,True,4.119429530201342,-121.26,38.74,22.0,7173.0,1314.0,3526.0,1316.0,3.3941,135900.0,INLAND
4059,households,True,True,7.446661073825504,-122.3,37.84,14.0,7355.0,2408.0,3100.0,2051.0,4.0018,143800.0,NEAR BAY
4063,households,True,True,6.124822147651006,-117.46,34.04,3.0,12870.0,2315.0,5820.0,1759.0,4.2429,147300.0,INLAND
4064,households,True,True,4.381986577181207,-122.1,37.93,20.0,10212.0,1424.0,4083.0,1374.0,8.039,382200.0,NEAR BAY
4098,households,True,True,11.97803355704698,-122.06,37.4,21.0,12855.0,3226.0,7273.0,3052.0,4.3351,267400.0,NEAR BAY
4108,households,True,True,3.86139932885906,-121.77,37.67,20.0,8068.0,1217.0,3489.0,1259.0,5.7907,264200.0,INLAND
4123,households,True,True,5.527278523489932,-117.85,34.11,25.0,9255.0,1659.0,4944.0,1627.0,4.5708,223000.0,INLAND
4164,households,True,True,7.487402684563759,-117.32,33.15,15.0,13245.0,2212.0,5495.0,2060.0,5.4904,262100.0,NEAR OCEAN
4173,households,True,True,6.550345637583892,-121.83,37.31,19.0,11181.0,1895.0,7817.0,1853.0,5.6058,232700.0,<1H OCEAN
4197,households,True,True,4.658124161073825,-119.73,36.74,14.0,6202.0,1551.0,5561.0,1435.0,1.6073,64700.0,INLAND
4214,households,True,True,5.939221476510067,-119.2,34.19,19.0,9503.0,1769.0,6370.0,1718.0,5.0016,218500.0,NEAR OCEAN
4230,households,True,True,6.016177852348993,-118.13,33.95,24.0,6662.0,1852.0,3792.0,1735.0,3.1104,230000.0,<1H OCEAN
4232,households,True,True,4.305030201342282,-118.49,34.43,15.0,8244.0,1409.0,4453.0,1357.0,5.4829,199600.0,<1H OCEAN
4259,households,True,True,4.341244966442953,-121.41,38.56,17.0,7228.0,1369.0,2455.0,1365.0,5.1385,179500.0,INLAND
4260,households,True,True,3.951936241610738,-117.41,34.11,12.0,6758.0,1550.0,3204.0,1279.0,2.5181,105500.0,INLAND
4276,households,True,False,3.1054161073825504,-116.95,32.82,19.0,5308.0,1058.0,2852.0,1092.0,2.9161,135700.0,<1H OCEAN
4289,households,True,True,4.9523691275167785,-118.35,34.11,33.0,7478.0,1678.0,2701.0,1500.0,4.1717,500001.0,<1H OCEAN
4297,households,True,True,3.947409395973154,-118.2,34.69,5.0,9076.0,1503.0,7694.0,1278.0,4.875,163400.0,INLAND
4342,households,True,False,3.0963624161073824,-118.45,34.2,19.0,3666.0,1150.0,2657.0,1090.0,2.9688,202100.0,<1H OCEAN
4362,households,True,False,3.214060402684564,-117.07,33.0,4.0,6242.0,1258.0,2211.0,1116.0,4.25,281600.0,<1H OCEAN
4371,households,True,True,4.142063758389262,-117.08,32.62,16.0,5192.0,1381.0,3261.0,1321.0,2.2685,151900.0,NEAR OCEAN
4396,households,True,True,3.585261744966443,-120.91,38.98,13.0,7689.0,1415.0,3264.0,1198.0,3.653,146800.0,INLAND
4401,households,True,True,4.092268456375838,-122.46,37.63,22.0,6728.0,1382.0,3783.0,1310.0,5.0479,280400.0,NEAR OCEAN
4406,households,True,True,5.196818791946309,-122.06,37.9,25.0,5869.0,1685.0,2669.0,1554.0,2.6998,216100.0,NEAR BAY
4477,households,True,True,4.925208053691275,-121.86,39.78,12.0,7653.0,1578.0,3628.0,1494.0,3.0905,117800.0,INLAND
4493,households,True,True,4.508738255033557,-118.15,34.12,36.0,6119.0,1513.0,2719.0,1402.0,3.8427,319700.0,<1H OCEAN
4503,households,True,True,9.443,-118.42,33.75,22.0,17591.0,2604.0,6897.0,2492.0,8.2831,500001.0,NEAR OCEAN
4512,households,True,False,3.1823724832214766,-118.48,34.14,31.0,9320.0,1143.0,2980.0,1109.0,10.3599,500001.0,<1H OCEAN
4520,households,True,True,10.982127516778524,-121.35,38.7,5.0,14414.0,2979.0,7608.0,2832.0,3.5802,129600.0,INLAND
4531,households,True,False,3.422295302013423,-117.29,33.19,18.0,6235.0,1233.0,4127.0,1162.0,3.0704,151600.0,NEAR OCEAN
4590,households,True,True,3.8523456375838925,-118.01,33.83,24.0,4639.0,1374.0,3093.0,1257.0,2.5577,202300.0,<1H OCEAN
4617,households,True,False,3.109942953020134,-122.16,37.45,47.0,4234.0,,1808.0,1093.0,4.2297,425000.0,NEAR BAY
4651,households,True,True,4.20996644295302,-117.03,32.77,19.0,4819.0,1492.0,2572.0,1336.0,2.3393,118200.0,<1H OCEAN
4656,households,True,True,3.5264127516778525,-122.05,37.94,22.0,4162.0,1194.0,1804.0,1185.0,2.5459,179300.0,NEAR BAY
4668,households,True,False,3.0465671140939596,-118.16,34.11,31.0,5715.0,1154.0,2639.0,1079.0,4.1661,364400.0,<1H OCEAN
4669,households,True,False,3.200479865771812,-122.08,37.64,30.0,5267.0,1253.0,4065.0,1113.0,3.3479,182100.0,NEAR BAY
4689,households,True,True,4.730553691275167,-117.94,33.91,18.0,8836.0,1527.0,3946.0,1451.0,5.6441,313000.0,<1H OCEAN
4690,households,True,True,16.59541610738255,-117.87,34.04,7.0,27700.0,4179.0,15037.0,4072.0,6.6288,339700.0,<1H OCEAN
4723,households,True,True,4.440835570469798,-119.05,35.32,11.0,7035.0,1455.0,3525.0,1387.0,3.4827,93600.0,INLAND
4767,households,True,True,3.9247751677852354,-116.19,33.69,11.0,5692.0,1346.0,5682.0,1273.0,2.5383,74000.0,INLAND
4778,households,True,True,5.119862416107383,-117.03,32.78,17.0,5481.0,1618.0,2957.0,1537.0,2.5707,171300.0,<1H OCEAN
4780,households,True,True,3.5988422818791945,-122.41,37.81,31.0,3991.0,1311.0,2305.0,1201.0,1.8981,500001.0,NEAR BAY
4800,households,True,True,5.50011744966443,-118.14,34.57,6.0,9882.0,1892.0,4892.0,1621.0,3.7636,167600.0,INLAND
4810,households,True,True,4.78034899328859,-118.3,34.07,18.0,3759.0,,3296.0,1462.0,2.2708,175000.0,<1H OCEAN
4855,households,True,True,5.386946308724832,-119.16,34.17,17.0,7982.0,1603.0,6437.0,1596.0,4.1279,223900.0,NEAR OCEAN
4867,households,True,True,11.299006711409396,-118.28,34.07,25.0,7522.0,3179.0,7221.0,2902.0,2.0173,177500.0,<1H OCEAN
4878,households,True,True,4.975003355704698,-118.12,33.92,27.0,6336.0,1628.0,4673.0,1505.0,2.5893,183700.0,<1H OCEAN
4901,households,True,True,4.920681208053692,-118.22,33.86,16.0,8732.0,1489.0,3944.0,1493.0,5.1948,203500.0,<1H OCEAN
4914,households,True,True,3.6848523489932887,-118.38,34.09,28.0,4001.0,1352.0,1799.0,1220.0,2.5784,272900.0,<1H OCEAN
4922,households,True,True,7.378758389261745,-117.75,34.1,21.0,8069.0,2174.0,4369.0,2036.0,3.2756,156800.0,INLAND
4925,households,True,True,12.910563758389262,-117.75,34.01,4.0,22128.0,3522.0,10450.0,3258.0,6.1287,289600.0,<1H OCEAN
4985,households,True,True,3.693906040268456,-118.52,34.2,19.0,4315.0,1304.0,2490.0,1222.0,2.6437,195000.0,<1H OCEAN
5013,households,True,True,3.9202483221476507,-121.28,38.55,35.0,7088.0,1279.0,4885.0,1272.0,2.6981,112500.0,INLAND
5019,households,True,True,3.970043624161074,-122.37,40.6,7.0,5178.0,1336.0,2557.0,1283.0,2.4079,111400.0,INLAND
5041,households,True,True,4.467996644295302,-118.52,34.4,5.0,7748.0,1557.0,4768.0,1393.0,5.305,311200.0,<1H OCEAN
5050,households,True,False,3.1054161073825504,-117.27,34.39,6.0,6988.0,1121.0,3660.0,1092.0,4.2224,125700.0,INLAND
5075,households,True,True,4.282395973154363,-122.15,37.71,18.0,5778.0,1526.0,2441.0,1352.0,3.1682,202700.0,NEAR BAY
5079,households,True,True,3.8749798657718117,-121.48,38.62,23.0,7709.0,1279.0,4147.0,1262.0,3.8272,96600.0,INLAND
5080,households,True,True,3.8885604026845635,-118.34,34.1,29.0,3193.0,1452.0,2039.0,1265.0,1.8209,500001.0,<1H OCEAN
5107,households,True,True,7.790701342281879,-117.23,33.91,9.0,11654.0,2100.0,7596.0,2127.0,4.0473,127200.0,INLAND
5114,households,True,True,4.517791946308725,-117.27,34.06,20.0,5258.0,1514.0,3780.0,1404.0,2.025,85700.0,INLAND
5119,households,True,False,3.2729093959731546,-118.04,33.84,21.0,6623.0,1204.0,3193.0,1129.0,4.5395,256000.0,<1H OCEAN
5122,households,True,False,3.277436241610738,-117.87,33.76,6.0,2992.0,1194.0,3800.0,1130.0,2.246,183300.0,<1H OCEAN
5125,households,True,False,3.2864899328859063,-118.35,33.74,25.0,8272.0,1132.0,3392.0,1132.0,10.0973,500001.0,NEAR OCEAN
5128,households,True,True,3.915721476510067,-121.42,37.71,7.0,8297.0,1433.0,4189.0,1271.0,4.3696,170700.0,INLAND
5142,households,True,False,3.159738255033557,-120.46,37.33,17.0,6111.0,1171.0,2950.0,1104.0,3.2852,98800.0,INLAND
5154,households,True,False,3.1416308724832214,-117.17,32.75,38.0,5430.0,1176.0,2357.0,1100.0,3.654,249000.0,NEAR OCEAN
5157,households,True,True,3.716540268456376,-118.68,34.13,9.0,11251.0,1594.0,3029.0,1227.0,6.7273,500001.0,<1H OCEAN
5166,households,True,False,3.4268221476510066,-118.2,34.1,30.0,3643.0,1197.0,4336.0,1163.0,2.07,154500.0,<1H OCEAN
5207,households,True,True,4.630963087248323,-117.84,34.04,4.0,9959.0,1544.0,4904.0,1429.0,6.9754,402500.0,<1H OCEAN
5213,households,True,False,3.2185872483221476,-117.79,33.55,39.0,5066.0,1292.0,1915.0,1117.0,3.821,452100.0,<1H OCEAN
5224,households,True,True,5.319043624161074,-118.62,34.26,15.0,10860.0,1653.0,4178.0,1581.0,6.3249,262100.0,<1H OCEAN
5262,households,True,True,3.6531644295302015,-118.29,34.03,29.0,3544.0,1384.0,3323.0,1213.0,1.0219,258300.0,<1H OCEAN
5267,households,True,False,3.499251677852349,-118.16,33.79,25.0,5463.0,1265.0,3010.0,1179.0,3.233,199100.0,NEAR OCEAN
5272,households,True,False,3.2457483221476506,-122.01,38.25,11.0,6550.0,1149.0,3570.0,1123.0,3.8583,137900.0,INLAND
5287,households,True,True,4.567587248322148,-117.6,33.87,15.0,7626.0,1570.0,3823.0,1415.0,3.4419,138100.0,INLAND
5292,households,True,True,5.912060402684563,-121.32,38.59,21.0,9774.0,1777.0,4674.0,1712.0,3.6817,136100.0,INLAND
5304,households,True,True,8.9088322147651,-118.3,34.07,28.0,5221.0,2530.0,5840.0,2374.0,1.8829,300000.0,<1H OCEAN
5344,households,True,True,15.753422818791945,-118.43,34.43,5.0,21113.0,4386.0,9842.0,3886.0,4.2037,194600.0,<1H OCEAN
5347,households,True,True,5.527278523489932,-121.06,38.7,9.0,13255.0,1739.0,5001.0,1627.0,6.314,228900.0,INLAND
5375,households,True,True,4.938788590604027,-118.43,34.15,28.0,6270.0,1706.0,2549.0,1497.0,3.2241,295800.0,<1H OCEAN
5381,households,True,True,3.544520134228188,-118.26,34.06,42.0,2541.0,1282.0,3974.0,1189.0,1.5854,87500.0,<1H OCEAN
5398,households,True,False,3.494724832214765,-121.26,38.7,9.0,7812.0,1348.0,3275.0,1178.0,4.3826,146600.0,INLAND
5407,households,True,True,4.812036912751678,-116.93,33.93,13.0,7804.0,1594.0,3297.0,1469.0,2.0549,95600.0,INLAND
5418,households,True,False,3.078255033557047,-121.96,37.51,22.0,5811.0,1125.0,3215.0,1086.0,4.4107,223500.0,<1H OCEAN
5482,households,True,True,3.544520134228188,-122.69,38.36,6.0,5496.0,1374.0,2502.0,1189.0,2.4827,177500.0,<1H OCEAN
5484,households,True,False,3.467563758389262,-118.15,33.77,36.0,4366.0,1211.0,1912.0,1172.0,3.5292,361800.0,NEAR OCEAN
5503,households,True,True,3.6984328859060405,-118.3,34.09,40.0,3058.0,1215.0,3953.0,1223.0,1.8156,218800.0,<1H OCEAN
5523,households,True,True,8.831875838926175,-117.7,33.48,6.0,16590.0,2696.0,6223.0,2357.0,6.3088,340300.0,<1H OCEAN
5528,households,True,True,4.581167785234899,-121.42,38.51,15.0,7901.0,1422.0,4769.0,1418.0,2.8139,90400.0,INLAND
5536,households,True,True,10.73315100671141,-117.79,34.02,5.0,18690.0,2862.0,9427.0,2777.0,6.4266,315600.0,<1H OCEAN
5538,households,True,False,3.0646744966442956,-116.39,33.69,10.0,11659.0,2007.0,2186.0,1083.0,6.9833,238800.0,INLAND
5540,households,True,True,3.585261744966443,-122.44,37.74,23.0,6291.0,1269.0,2818.0,1198.0,4.2672,391900.0,NEAR BAY
5563,households,True,False,3.2412214765100673,-117.59,34.16,10.0,9467.0,1181.0,3819.0,1122.0,7.8252,361400.0,INLAND
5568,households,True,True,6.106714765100671,-118.37,34.09,31.0,6348.0,1827.0,2559.0,1755.0,3.2818,225000.0,<1H OCEAN
5569,households,True,False,3.1371040268456376,-118.28,34.11,38.0,4453.0,1156.0,1830.0,1099.0,3.6181,495600.0,<1H OCEAN
5579,households,True,False,3.422295302013423,-118.56,34.14,23.0,9657.0,1189.0,3585.0,1162.0,10.4399,500001.0,<1H OCEAN
5590,households,True,True,4.368406040268456,-118.25,34.16,24.0,5131.0,1436.0,2690.0,1371.0,2.5668,280000.0,<1H OCEAN
5620,households,True,True,6.093134228187919,-121.46,38.49,15.0,10211.0,1995.0,5656.0,1752.0,2.575,107900.0,INLAND
5639,households,True,False,3.20953355704698,-120.76,38.12,7.0,7188.0,1288.0,3175.0,1115.0,3.8488,130600.0,INLAND
5641,households,True,True,3.807077181208054,-117.06,32.61,24.0,4369.0,1353.0,3123.0,1247.0,2.0571,152300.0,NEAR OCEAN
5646,households,True,True,4.047000000000001,-116.54,33.82,12.0,9482.0,2501.0,2725.0,1300.0,1.5595,115600.0,INLAND
5653,households,True,True,8.324869127516779,-117.43,33.91,15.0,14281.0,2511.0,7540.0,2245.0,4.3222,138000.0,INLAND
5666,households,True,True,4.771295302013423,-117.3,33.17,6.0,7880.0,1533.0,3760.0,1460.0,4.1807,182600.0,NEAR OCEAN
5684,households,True,True,9.311721476510067,-117.52,33.89,2.0,17978.0,3217.0,7305.0,2463.0,5.1695,220800.0,INLAND
5737,households,True,True,10.275939597315435,-117.83,33.99,14.0,17527.0,2751.0,8380.0,2676.0,6.2734,267000.0,<1H OCEAN
5740,households,True,True,3.906667785234899,-122.45,37.76,31.0,5283.0,1330.0,2659.0,1269.0,3.5744,500000.0,NEAR BAY
5748,households,True,True,4.504211409395973,-117.25,33.06,6.0,9859.0,1448.0,4194.0,1401.0,6.439,296200.0,NEAR OCEAN
5749,households,True,True,5.50011744966443,-121.87,36.55,20.0,10053.0,1768.0,3083.0,1621.0,5.1506,387500.0,NEAR OCEAN
5778,households,True,True,5.9346946308724835,-122.43,37.64,34.0,8400.0,1812.0,4101.0,1717.0,4.1033,301000.0,NEAR OCEAN
5793,households,True,False,3.2276409395973156,-117.64,33.66,6.0,5221.0,1217.0,2597.0,1119.0,4.6076,204000.0,<1H OCEAN
5818,households,True,True,8.800187919463088,-117.38,33.67,9.0,13288.0,2728.0,7235.0,2350.0,3.375,131800.0,<1H OCEAN
5839,households,True,True,4.114902684563758,-121.32,38.63,20.0,7003.0,1409.0,3107.0,1315.0,3.0348,150500.0,INLAND
5840,households,True,True,3.8749798657718117,-118.17,33.77,12.0,4409.0,1401.0,3068.0,1262.0,2.2808,154700.0,NEAR OCEAN
5874,households,True,True,4.762241610738255,-118.24,34.14,9.0,4877.0,1488.0,4486.0,1458.0,2.4421,222100.0,<1H OCEAN
5906,households,True,True,4.037946308724832,-122.26,37.56,23.0,7283.0,1342.0,3399.0,1298.0,5.6683,391000.0,NEAR BAY
5914,households,True,True,8.723231543624161,-116.95,32.83,14.0,12517.0,2506.0,6389.0,2333.0,3.3081,168700.0,<1H OCEAN
5953,households,True,False,3.20953355704698,-119.87,36.78,4.0,6102.0,1114.0,3406.0,1115.0,3.4213,84500.0,INLAND
5982,households,True,True,4.200912751677852,-118.41,34.02,19.0,4702.0,1472.0,2636.0,1334.0,3.3955,225000.0,<1H OCEAN
5983,households,True,False,3.327231543624161,-122.14,37.86,20.0,6201.0,1182.0,2415.0,1141.0,4.5744,314000.0,NEAR BAY
5988,households,True,False,3.295543624161074,-119.83,36.8,16.0,6101.0,1200.0,3407.0,1134.0,3.125,80800.0,INLAND
5994,households,True,True,6.106714765100671,-118.35,34.1,24.0,5477.0,1803.0,2863.0,1755.0,1.845,237500.0,<1H OCEAN
6024,households,True,False,3.146157718120805,-117.98,33.67,7.0,5664.0,1174.0,2493.0,1101.0,5.8252,264700.0,<1H OCEAN
6029,households,True,True,4.486104026845637,-117.21,33.93,4.0,10002.0,1468.0,5439.0,1397.0,5.0223,152600.0,INLAND
6037,households,True,True,10.95496644295302,-120.59,34.7,29.0,17738.0,3114.0,12427.0,2826.0,2.7377,28300.0,NEAR OCEAN
6044,households,True,True,3.716540268456376,-118.37,34.15,23.0,4604.0,1319.0,2391.0,1227.0,3.1373,263100.0,<1H OCEAN
6067,households,True,True,4.028892617449664,-117.5,34.12,2.0,11965.0,1802.0,4436.0,1296.0,5.285,191700.0,INLAND
6070,households,True,True,4.481577181208054,-117.75,33.54,21.0,8711.0,1544.0,3173.0,1396.0,5.0907,378200.0,<1H OCEAN
6077,households,True,True,3.671271812080537,-117.65,33.45,15.0,7468.0,1275.0,3033.0,1217.0,5.49,239300.0,NEAR OCEAN
6100,households,True,False,3.3317583892617453,-121.99,39.15,17.0,6440.0,1204.0,3266.0,1142.0,2.7137,72000.0,INLAND
6133,households,True,False,3.444929530201342,-121.98,37.82,18.0,9117.0,1248.0,3280.0,1167.0,8.003,351300.0,<1H OCEAN
6140,households,True,True,7.120728187919463,-118.52,34.26,21.0,8850.0,2139.0,4717.0,1979.0,3.7816,254200.0,<1H OCEAN
6142,households,True,True,6.0976610738255035,-121.95,37.28,19.0,7027.0,1847.0,3759.0,1753.0,3.1509,242900.0,<1H OCEAN
6172,households,True,True,5.540859060402684,-121.93,37.3,14.0,6277.0,1742.0,3025.0,1630.0,4.0653,234200.0,<1H OCEAN
6177,households,True,False,3.3045973154362414,-121.89,37.68,12.0,7490.0,1207.0,3329.0,1136.0,6.3373,339700.0,<1H OCEAN
6232,households,True,False,3.1959530201342283,-117.81,34.12,23.0,7063.0,1176.0,3100.0,1112.0,4.8229,192600.0,INLAND
6244,households,True,True,5.2239798657718115,-122.34,37.96,15.0,6487.0,1717.0,3408.0,1560.0,2.1991,133300.0,NEAR BAY
6248,households,True,True,6.0795536912751675,-117.38,33.67,17.0,10145.0,2306.0,4776.0,1749.0,2.2423,132600.0,<1H OCEAN
6271,households,True,False,3.1054161073825504,-119.08,35.36,12.0,6442.0,1116.0,2966.0,1092.0,4.5791,123400.0,INLAND
6281,households,True,True,6.491496644295301,-117.46,33.9,10.0,9738.0,2130.0,4936.0,1840.0,3.3187,144800.0,INLAND
6297,households,True,True,4.630963087248323,-118.44,34.05,20.0,5943.0,1538.0,2492.0,1429.0,4.1141,305000.0,<1H OCEAN
6337,households,True,True,3.7753892617449667,-116.94,33.77,14.0,7240.0,1410.0,2708.0,1240.0,2.4145,137600.0,INLAND
6342,households,True,True,3.6395838926174497,-121.02,37.62,14.0,5737.0,1286.0,4722.0,1210.0,1.6731,95800.0,INLAND
6358,households,True,True,13.738976510067115,-117.31,33.19,11.0,20944.0,3753.0,8738.0,3441.0,4.3762,215500.0,NEAR OCEAN
6382,households,True,True,4.730553691275167,-118.5,34.02,28.0,5109.0,1482.0,2313.0,1451.0,3.3266,483300.0,<1H OCEAN
6387,households,True,True,4.53589932885906,-118.02,34.04,28.0,6175.0,1449.0,5041.0,1408.0,2.8821,158100.0,<1H OCEAN
6447,households,True,True,6.984922818791946,-116.95,33.79,8.0,10997.0,2205.0,5060.0,1949.0,2.1979,95300.0,INLAND
6468,households,True,True,3.6622181208053686,-121.96,38.33,3.0,7985.0,1257.0,3664.0,1215.0,4.976,158300.0,INLAND
6477,households,True,True,3.770862416107382,-122.42,37.79,48.0,4506.0,1342.0,1980.0,1239.0,4.0156,500001.0,NEAR BAY
6497,households,True,True,4.083214765100671,-121.97,37.32,19.0,4620.0,1404.0,2672.0,1308.0,3.699,237500.0,<1H OCEAN
6501,households,True,False,3.069201342281879,-121.3,38.11,5.0,5979.0,1190.0,2679.0,1084.0,4.196,171700.0,INLAND
6517,households,True,True,4.449889261744967,-118.17,34.67,5.0,8352.0,1555.0,3723.0,1389.0,4.5659,140300.0,INLAND
6528,households,True,True,3.671271812080537,-122.25,37.82,26.0,3959.0,1196.0,1749.0,1217.0,3.0233,255000.0,NEAR BAY
6547,households,True,False,3.277436241610738,-120.63,35.59,9.0,5782.0,1184.0,3026.0,1130.0,2.6528,113500.0,<1H OCEAN
6604,households,True,True,7.01208389261745,-116.91,33.75,13.0,10886.0,2127.0,4266.0,1955.0,2.3169,123400.0,INLAND
6608,households,True,True,3.915721476510067,-118.33,33.96,24.0,6513.0,1290.0,2636.0,1271.0,4.2099,189800.0,<1H OCEAN
6613,households,True,True,4.870885906040268,-117.38,34.14,11.0,10804.0,1493.0,5221.0,1482.0,5.246,161400.0,INLAND
6630,households,True,True,3.61694966442953,-117.34,33.96,15.0,6437.0,1298.0,2805.0,1205.0,4.1883,184500.0,INLAND
6641,households,True,True,4.10584899328859,-117.97,33.91,19.0,8096.0,1318.0,3853.0,1313.0,6.0076,269500.0,<1H OCEAN
6670,households,True,True,8.35203020134228,-119.25,34.21,12.0,15201.0,2418.0,7132.0,2251.0,5.6756,301800.0,NEAR OCEAN
6699,households,True,True,5.192291946308725,-117.2,33.07,5.0,10394.0,1617.0,4496.0,1553.0,5.9289,411300.0,NEAR OCEAN
6709,households,True,True,4.748661073825503,-121.79,36.68,22.0,6912.0,1513.0,3794.0,1455.0,3.0608,168300.0,<1H OCEAN
6713,households,True,True,3.6757986577181208,-118.31,34.06,30.0,3110.0,1269.0,2535.0,1218.0,1.6987,412500.0,<1H OCEAN
6717,households,True,True,5.119862416107383,-122.48,37.7,33.0,4492.0,,3477.0,1537.0,3.0546,297900.0,NEAR OCEAN
6734,households,True,True,4.522318791946309,-122.79,38.48,7.0,6837.0,,3468.0,1405.0,3.1662,191000.0,<1H OCEAN
6742,households,True,True,6.210832214765101,-119.74,36.85,3.0,10425.0,2121.0,4432.0,1778.0,3.9032,140800.0,INLAND
6752,households,True,True,6.8626979865771816,-118.45,34.16,22.0,7828.0,2038.0,3303.0,1922.0,3.6171,318300.0,<1H OCEAN
6760,households,True,True,3.7527550335570465,-121.99,37.56,20.0,6462.0,1294.0,3288.0,1235.0,4.3393,231200.0,<1H OCEAN
6774,households,True,True,3.7889697986577184,-117.15,33.45,4.0,9089.0,1413.0,3886.0,1243.0,4.6904,174200.0,<1H OCEAN
6801,households,True,False,3.2231140939597314,-118.3,34.06,23.0,2512.0,1203.0,3720.0,1118.0,1.7896,322200.0,<1H OCEAN
6833,households,True,True,4.02436577181208,-122.07,37.69,31.0,5914.0,1309.0,2999.0,1295.0,3.0964,190500.0,NEAR BAY
6834,households,True,True,4.830144295302014,-118.4,34.28,16.0,6573.0,1480.0,6161.0,1473.0,3.3304,154900.0,<1H OCEAN
6841,households,True,True,4.1873322147651,-121.28,38.66,17.0,7741.0,1401.0,3153.0,1331.0,3.7869,216100.0,INLAND
6844,households,True,True,5.626869127516779,-117.89,33.78,16.0,6352.0,1747.0,5085.0,1649.0,2.8835,193800.0,<1H OCEAN
6863,households,True,True,5.323570469798658,-121.24,38.82,5.0,12259.0,1643.0,4819.0,1582.0,5.4498,217300.0,INLAND
6866,households,True,True,5.626869127516779,-118.14,33.87,21.0,6618.0,1773.0,4396.0,1649.0,3.0989,171400.0,<1H OCEAN
6895,households,True,False,3.4313489932885908,-117.45,34.11,7.0,6356.0,1244.0,4052.0,1164.0,2.9112,121700.0,INLAND
6897,households,True,True,8.677963087248322,-122.26,37.8,36.0,5329.0,2477.0,3469.0,2323.0,2.0096,130000.0,NEAR BAY
6923,households,True,True,4.975003355704698,-118.1,34.14,26.0,6262.0,1645.0,3001.0,1505.0,3.6572,213200.0,<1H OCEAN
6924,households,True,True,3.712013422818792,-118.58,34.21,13.0,6227.0,1317.0,3739.0,1226.0,4.0313,299300.0,<1H OCEAN
6938,households,True,True,4.7215,-122.06,37.85,17.0,7475.0,1556.0,2092.0,1449.0,3.6437,186500.0,NEAR BAY
6945,households,True,True,3.725593959731544,-118.42,33.99,23.0,5548.0,1245.0,2847.0,1229.0,4.4228,366900.0,<1H OCEAN
6956,households,True,True,17.80408389261745,-117.12,33.52,4.0,30401.0,4957.0,13251.0,4339.0,4.5841,212300.0,<1H OCEAN
6959,households,True,True,9.773459731543625,-118.14,34.14,24.0,10239.0,2823.0,4210.0,2565.0,3.6997,225000.0,<1H OCEAN
6992,households,True,False,3.3136510067114093,-121.84,37.18,6.0,9176.0,1201.0,3637.0,1138.0,8.3837,473400.0,<1H OCEAN
7025,households,True,False,3.0918355704697986,-121.54,38.58,30.0,4648.0,1252.0,2524.0,1089.0,1.3177,74300.0,INLAND
7050,households,True,True,10.624506711409396,-122.07,37.52,3.0,14014.0,2861.0,7205.0,2753.0,6.0824,273500.0,NEAR BAY
7056,households,True,True,3.6848523489932887,-118.45,34.16,22.0,4982.0,1358.0,2237.0,1220.0,3.7105,272600.0,<1H OCEAN
7059,households,True,True,3.9790973154362415,-117.57,34.02,5.0,6933.0,1311.0,3845.0,1285.0,4.6727,158900.0,INLAND
7081,households,True,True,3.7889697986577184,-119.71,36.77,11.0,5112.0,1384.0,2487.0,1243.0,2.1461,75900.0,INLAND
7083,households,True,True,6.2968422818791945,-119.07,35.33,13.0,9027.0,1901.0,4870.0,1797.0,3.406,100700.0,INLAND
7094,households,True,False,3.3725,-117.19,33.7,24.0,5783.0,1256.0,1990.0,1151.0,1.9014,83500.0,<1H OCEAN
7105,households,True,True,4.816563758389262,-117.27,33.92,13.0,8443.0,1744.0,4885.0,1470.0,3.0907,127200.0,INLAND
7117,households,True,False,3.0646744966442956,-118.54,34.24,24.0,4631.0,1164.0,2360.0,1083.0,3.0977,264000.0,<1H OCEAN
7152,households,True,True,8.745865771812081,-122.27,37.97,10.0,15259.0,2275.0,7266.0,2338.0,6.0666,272400.0,NEAR BAY
7153,households,True,True,3.589788590604027,-120.93,37.66,10.0,7566.0,1348.0,3227.0,1199.0,4.744,148100.0,INLAND
7182,households,True,True,3.8206577181208057,-118.41,34.03,26.0,4376.0,1394.0,2435.0,1250.0,2.8418,327300.0,<1H OCEAN
7183,households,True,False,3.3725,-122.27,37.77,23.0,5679.0,1270.0,2690.0,1151.0,4.7695,291700.0,NEAR BAY
7203,households,True,True,5.821523489932886,-118.19,34.67,8.0,11275.0,1822.0,5731.0,1692.0,5.0285,167900.0,INLAND
7204,households,True,True,4.9523691275167785,-118.52,34.25,11.0,7849.0,1664.0,3561.0,1500.0,4.6625,290900.0,<1H OCEAN
7222,households,True,True,3.7980234899328855,-118.35,34.06,52.0,3446.0,1360.0,1768.0,1245.0,2.4722,500001.0,<1H OCEAN
7249,households,True,True,15.318845637583891,-118.55,34.41,8.0,21086.0,3945.0,9936.0,3790.0,5.8602,265100.0,<1H OCEAN
7255,households,True,True,4.603802013422818,-117.83,33.87,5.0,6971.0,1449.0,3521.0,1423.0,5.2131,243900.0,<1H OCEAN
7262,households,True,False,3.4268221476510066,-122.42,40.57,10.0,7949.0,1309.0,3176.0,1163.0,4.1099,120100.0,INLAND
7374,households,True,True,10.203510067114093,-118.46,34.23,19.0,9902.0,2814.0,7307.0,2660.0,2.585,145400.0,<1H OCEAN
7382,households,True,True,14.436110738255035,-118.43,33.96,16.0,14891.0,3984.0,6270.0,3595.0,5.1064,283200.0,<1H OCEAN
7391,households,True,True,9.959060402684562,-122.04,37.58,14.0,14917.0,2708.0,8012.0,2606.0,5.6277,269800.0,NEAR BAY
7425,households,True,True,12.79286577181208,-116.99,33.73,13.0,16148.0,3474.0,6159.0,3232.0,1.9961,97800.0,INLAND
7435,households,True,True,6.2606275167785235,-122.26,37.81,34.0,5871.0,1914.0,2689.0,1789.0,2.8406,335700.0,NEAR BAY
7460,households,True,False,3.1280503355704696,-118.45,34.22,24.0,3442.0,1168.0,4625.0,1097.0,2.0699,183000.0,<1H OCEAN
7465,households,True,True,6.681624161073826,-121.67,36.66,19.0,9371.0,1980.0,4259.0,1882.0,3.6875,189700.0,<1H OCEAN
7468,households,True,True,4.916154362416107,-118.4,34.17,24.0,6347.0,,2945.0,1492.0,3.3545,221500.0,<1H OCEAN
7474,households,True,True,5.196818791946309,-117.36,34.08,4.0,8866.0,1832.0,4775.0,1554.0,3.7348,125800.0,INLAND
7482,households,True,False,3.0646744966442956,-121.92,38.34,2.0,7747.0,1133.0,3481.0,1083.0,6.1112,181000.0,INLAND
7489,households,True,True,4.377459731543624,-121.06,38.91,18.0,6501.0,1416.0,2954.0,1373.0,2.5373,143000.0,INLAND
7508,households,True,False,3.20953355704698,-121.9,37.66,18.0,7397.0,1137.0,3126.0,1115.0,6.4994,323000.0,INLAND
7535,households,True,True,4.8799395973154365,-122.27,37.74,28.0,6909.0,1554.0,2974.0,1484.0,3.6875,353900.0,NEAR BAY
7556,households,True,True,6.1519832214765096,-117.51,34.02,24.0,7779.0,1835.0,3996.0,1765.0,2.1764,135300.0,INLAND
7571,households,True,False,3.0827818791946306,-117.24,33.95,11.0,6617.0,1118.0,3710.0,1087.0,4.7877,132600.0,INLAND
7574,households,True,False,3.3091241610738256,-118.27,34.06,17.0,2124.0,1168.0,3915.0,1137.0,1.1346,137500.0,<1H OCEAN
7610,households,True,False,3.2593288590604024,-117.92,33.73,14.0,5147.0,1182.0,3171.0,1126.0,3.9929,225800.0,<1H OCEAN
7614,households,True,True,9.986221476510066,-117.3,33.22,4.0,14960.0,2988.0,6666.0,2612.0,3.7568,184100.0,NEAR OCEAN
7620,households,True,True,5.563493288590604,-118.35,33.82,28.0,7591.0,1710.0,3420.0,1635.0,4.0708,328900.0,<1H OCEAN
7623,households,True,False,3.087308724832215,-118.25,34.06,12.0,4011.0,1438.0,1673.0,1088.0,5.3081,287500.0,<1H OCEAN
7641,households,True,True,4.142063758389262,-122.44,37.75,28.0,4930.0,1381.0,2232.0,1321.0,4.3232,316200.0,NEAR BAY
7648,households,True,True,4.739607382550336,-117.33,33.9,2.0,12837.0,1842.0,4636.0,1453.0,5.1512,187800.0,INLAND
7653,households,True,True,5.110808724832214,-118.12,34.06,17.0,5137.0,1614.0,4945.0,1535.0,2.4599,181600.0,<1H OCEAN
7667,households,True,False,3.318177852348993,-117.07,33.11,17.0,5565.0,1237.0,3004.0,1139.0,3.0054,142300.0,<1H OCEAN
7684,households,True,True,3.8432919463087245,-122.42,37.8,52.0,4985.0,1355.0,1848.0,1255.0,4.9211,500001.0,NEAR BAY
7692,households,True,True,4.621909395973154,-117.21,33.71,16.0,8476.0,1758.0,2711.0,1427.0,2.1848,97900.0,<1H OCEAN
7712,households,True,True,3.8297114093959728,-118.27,33.84,24.0,6303.0,1277.0,3728.0,1252.0,3.9227,208600.0,<1H OCEAN
7767,households,True,False,3.45398322147651,-122.39,37.8,25.0,4561.0,1474.0,1525.0,1169.0,4.5581,500001.0,NEAR BAY
7783,households,True,True,7.695637583892618,-116.99,33.75,18.0,9601.0,2401.0,4002.0,2106.0,1.4366,77000.0,INLAND
7817,households,True,False,3.490197986577181,-117.09,32.55,8.0,6533.0,1217.0,4797.0,1177.0,3.9583,144400.0,NEAR OCEAN
7832,households,True,True,4.766768456375839,-118.01,34.15,32.0,6597.0,1579.0,3689.0,1459.0,3.2377,184100.0,INLAND
7853,households,True,False,3.490197986577181,-122.07,38.27,8.0,6761.0,1234.0,3237.0,1177.0,4.3586,173400.0,INLAND
7857,households,True,True,3.757281879194631,-117.7,33.92,4.0,8301.0,1333.0,3941.0,1236.0,6.2141,252200.0,<1H OCEAN
7860,households,True,True,4.649070469798658,-122.07,37.93,25.0,7201.0,1521.0,3264.0,1433.0,3.7433,252100.0,NEAR BAY
7880,households,True,True,3.825184563758389,-117.91,34.02,22.0,6269.0,,5587.0,1251.0,3.8201,136200.0,<1H OCEAN
7885,households,True,True,5.957328859060402,-121.06,37.7,7.0,9374.0,1847.0,4827.0,1722.0,3.462,151900.0,INLAND
7920,households,True,True,11.52534899328859,-122.31,37.5,22.0,14034.0,3020.0,6266.0,2952.0,4.3939,491200.0,NEAR OCEAN
7937,households,True,True,9.836835570469798,-121.95,37.78,4.0,14652.0,2826.0,5613.0,2579.0,6.3942,356700.0,<1H OCEAN
7948,households,True,True,3.992677852348993,-122.06,37.91,15.0,5393.0,1422.0,2133.0,1288.0,4.1612,232800.0,NEAR BAY
7950,households,True,False,3.114469798657718,-117.02,33.81,10.0,6317.0,1335.0,2625.0,1094.0,2.3,108900.0,INLAND
7968,households,True,False,3.2276409395973156,-118.16,33.94,25.0,5675.0,1224.0,3317.0,1119.0,3.9352,232900.0,<1H OCEAN
7970,households,True,True,5.332624161073825,-118.34,33.78,25.0,11016.0,1626.0,4168.0,1584.0,8.1782,500001.0,NEAR OCEAN
7977,households,True,True,13.109744966442952,-118.6,34.19,16.0,14912.0,4183.0,5105.0,3302.0,2.8312,213900.0,<1H OCEAN
7978,households,True,True,9.628600671140939,-116.94,32.78,17.0,13559.0,2656.0,6990.0,2533.0,3.434,193200.0,<1H OCEAN
7985,households,True,True,4.970476510067114,-118.38,33.77,21.0,11353.0,1537.0,4649.0,1504.0,9.821,500001.0,NEAR OCEAN
7994,households,True,False,3.114469798657718,-117.67,34.09,17.0,4418.0,1256.0,2417.0,1094.0,2.7266,101000.0,INLAND
7998,households,True,False,3.281963087248322,-118.45,34.06,20.0,3367.0,1264.0,2667.0,1131.0,2.2444,500000.0,<1H OCEAN
8000,households,True,True,21.65190268456376,-117.74,33.89,4.0,37937.0,5471.0,16122.0,5189.0,7.4947,366300.0,<1H OCEAN
8048,households,True,False,3.0646744966442956,-117.95,34.16,17.0,7116.0,1089.0,3538.0,1083.0,6.2654,273800.0,INLAND
8065,households,True,False,3.3045973154362414,-121.35,38.61,25.0,4916.0,1243.0,2140.0,1136.0,2.5511,134100.0,INLAND
8114,households,True,True,5.96638255033557,-118.55,34.03,35.0,9075.0,1858.0,3646.0,1724.0,6.0307,500001.0,<1H OCEAN
8125,households,True,False,3.1416308724832214,-121.54,36.7,12.0,6758.0,1241.0,3918.0,1100.0,3.525,201700.0,<1H OCEAN
8133,households,True,True,7.5869932885906035,-122.46,37.59,21.0,12902.0,2118.0,6160.0,2082.0,5.7653,325800.0,NEAR OCEAN
8150,households,True,False,3.2864899328859063,-116.51,33.96,16.0,4913.0,1395.0,2518.0,1132.0,1.4665,61100.0,INLAND
8163,households,True,True,5.070067114093959,-117.84,34.1,17.0,7836.0,1624.0,4419.0,1526.0,3.8465,180700.0,<1H OCEAN
8165,households,True,True,3.7527550335570465,-117.39,34.1,12.0,7184.0,1516.0,4862.0,1235.0,2.4492,103800.0,INLAND
8174,households,True,True,4.486104026845637,-121.42,38.5,24.0,7740.0,1539.0,4333.0,1397.0,3.025,87900.0,INLAND
8190,households,True,True,3.5762080536912753,-118.35,33.95,28.0,4770.0,1328.0,3201.0,1196.0,2.681,147700.0,<1H OCEAN
8204,households,True,True,3.503778523489933,-122.44,37.75,21.0,5457.0,1247.0,2304.0,1180.0,4.5469,409700.0,NEAR BAY
8215,households,True,True,7.849550335570471,-121.38,38.47,4.0,14418.0,2282.0,6578.0,2140.0,4.5604,145900.0,INLAND
8227,households,True,False,3.3498657718120803,-122.3,37.9,15.0,5083.0,1212.0,2420.0,1146.0,4.5824,256100.0,NEAR BAY
8235,households,True,True,6.962288590604027,-118.36,33.81,25.0,9042.0,2022.0,4458.0,1944.0,4.5592,378800.0,<1H OCEAN
8242,households,True,True,3.5309395973154363,-116.23,33.72,32.0,4981.0,1326.0,3779.0,1186.0,1.7805,76900.0,INLAND
8249,households,True,True,3.8297114093959728,-118.45,34.07,13.0,4284.0,1452.0,3806.0,1252.0,1.3125,350000.0,<1H OCEAN
8275,households,True,False,3.340812080536913,-117.99,33.92,27.0,5805.0,1152.0,3106.0,1144.0,4.061,222700.0,<1H OCEAN
8290,households,True,True,3.915721476510067,-119.06,34.22,13.0,4175.0,1321.0,2257.0,1271.0,3.1446,177100.0,<1H OCEAN
8294,households,True,True,14.408949664429532,-122.15,37.43,20.0,11709.0,,7604.0,3589.0,1.9045,375000.0,NEAR BAY
8301,households,True,True,7.25653355704698,-117.73,33.57,5.0,11976.0,2495.0,4327.0,2009.0,4.8488,194400.0,<1H OCEAN
8338,households,True,True,4.092268456375838,-119.02,35.3,10.0,7397.0,1369.0,4611.0,1310.0,3.6369,81600.0,INLAND
8360,households,True,True,4.730553691275167,-118.61,34.25,16.0,8295.0,1506.0,3903.0,1451.0,5.5111,276600.0,<1H OCEAN
8364,households,True,True,6.645409395973154,-122.0,38.25,7.0,11768.0,1893.0,6657.0,1874.0,4.9222,142900.0,INLAND
8384,households,True,False,3.422295302013423,-121.59,37.01,16.0,6637.0,1171.0,3575.0,1162.0,4.3227,251500.0,INLAND
8426,households,True,False,3.3136510067114093,-122.19,37.46,34.0,5419.0,1183.0,2002.0,1138.0,4.1985,500001.0,NEAR BAY
8429,households,True,True,8.913359060402685,-121.66,36.69,6.0,10613.0,2485.0,7249.0,2375.0,3.7912,168900.0,<1H OCEAN
8433,households,True,True,9.714610738255033,-117.95,33.98,15.0,16042.0,2602.0,7732.0,2552.0,5.6716,330400.0,<1H OCEAN
8438,households,True,False,3.132577181208054,-118.17,33.78,23.0,3768.0,1261.0,3940.0,1098.0,1.9647,186200.0,NEAR OCEAN
8439,households,True,True,4.196385906040268,-117.91,33.77,26.0,5556.0,1398.0,4545.0,1333.0,3.0902,190400.0,<1H OCEAN
8473,households,True,True,6.514130872483221,-116.24,33.71,10.0,9033.0,2224.0,5525.0,1845.0,2.7598,95000.0,INLAND
8488,households,True,True,3.770862416107382,-117.29,34.41,11.0,5934.0,1380.0,2756.0,1239.0,1.5758,108300.0,INLAND
8504,households,True,True,3.997204697986577,-122.06,37.63,12.0,6711.0,1374.0,3388.0,1289.0,3.8625,208900.0,NEAR BAY
8532,households,True,False,3.0827818791946306,-117.88,34.0,21.0,5459.0,1086.0,3394.0,1087.0,3.6308,192100.0,<1H OCEAN
8550,households,True,True,5.377892617449665,-118.02,33.72,22.0,8844.0,1706.0,4404.0,1594.0,4.4453,267800.0,<1H OCEAN
8587,households,True,False,3.1416308724832214,-122.46,37.69,26.0,4302.0,1125.0,3320.0,1100.0,3.4375,277700.0,NEAR OCEAN
8618,households,True,True,3.6124228187919463,-121.86,37.29,14.0,6160.0,1222.0,2472.0,1204.0,4.1444,178400.0,<1H OCEAN
8660,households,True,True,4.467996644295302,-118.09,33.77,26.0,5359.0,1508.0,1829.0,1393.0,1.7675,61300.0,<1H OCEAN
8661,households,True,False,3.2185872483221476,-118.07,33.83,17.0,4822.0,1168.0,3868.0,1117.0,2.5978,142900.0,<1H OCEAN
8663,households,True,True,4.993110738255033,-117.59,33.91,7.0,10223.0,1491.0,5205.0,1509.0,5.4872,203400.0,INLAND
8735,households,True,True,4.282395973154363,-118.43,34.11,27.0,10806.0,1440.0,3511.0,1352.0,12.7296,500001.0,<1H OCEAN
8741,households,True,True,3.7210671140939593,-117.56,34.12,4.0,6956.0,1271.0,3455.0,1228.0,4.7193,178700.0,INLAND
8747,households,True,True,6.790268456375839,-119.05,35.3,9.0,10822.0,1994.0,6241.0,1906.0,4.0631,88200.0,INLAND
8764,households,True,False,3.250275167785235,-122.14,37.88,34.0,6986.0,1096.0,2865.0,1124.0,6.2275,394400.0,NEAR BAY
8766,households,True,True,3.5128322147651008,-121.97,37.55,17.0,4924.0,1247.0,3080.0,1182.0,3.168,189400.0,<1H OCEAN
8798,households,True,False,3.1733187919463086,-117.36,33.92,7.0,9376.0,1181.0,3570.0,1107.0,8.5326,315200.0,INLAND
8816,households,True,True,3.5218859060402683,-118.05,33.72,22.0,5416.0,1271.0,2260.0,1184.0,3.8038,174500.0,<1H OCEAN
8857,households,True,True,3.5173590604026845,-116.5,33.81,26.0,5032.0,1229.0,3086.0,1183.0,2.5399,94800.0,INLAND
8884,households,True,True,3.8885604026845635,-121.04,37.69,9.0,6333.0,1355.0,3265.0,1265.0,3.0217,160900.0,INLAND
8898,households,True,True,3.951936241610738,-118.55,34.39,16.0,8726.0,1317.0,3789.0,1279.0,6.8419,323300.0,<1H OCEAN
8949,households,True,True,6.595614093959731,-117.67,33.67,5.0,10534.0,2035.0,4656.0,1863.0,5.7797,309200.0,<1H OCEAN
8972,households,True,True,3.77991610738255,-118.45,34.04,23.0,3771.0,1321.0,2031.0,1241.0,2.7679,277500.0,<1H OCEAN
8981,households,True,True,5.391473154362416,-117.37,34.59,39.0,8193.0,1747.0,6852.0,1597.0,2.3832,35000.0,INLAND
9007,households,True,True,5.061013422818792,-118.02,34.14,31.0,6854.0,1578.0,4131.0,1524.0,3.5878,222800.0,INLAND
9008,households,True,True,13.576010067114094,-118.34,33.91,12.0,9975.0,3638.0,7429.0,3405.0,2.6689,192300.0,<1H OCEAN
9019,households,True,True,4.816563758389262,-122.42,37.78,19.0,4065.0,1645.0,2079.0,1470.0,3.1462,187500.0,NEAR BAY
9021,households,True,False,3.3000704697986576,-121.97,38.35,17.0,5678.0,1116.0,3182.0,1135.0,3.7388,122000.0,INLAND
9025,households,True,True,4.8256174496644295,-118.31,34.06,47.0,3038.0,1533.0,4225.0,1472.0,1.6725,187500.0,<1H OCEAN
9027,households,True,False,3.444929530201342,-118.29,33.88,21.0,4946.0,1231.0,3186.0,1167.0,3.3281,237000.0,<1H OCEAN
9051,households,True,True,8.11663422818792,-117.71,33.97,10.0,10856.0,2278.0,6474.0,2199.0,3.851,137200.0,INLAND
9061,households,True,True,3.983624161073825,-122.08,37.87,24.0,6130.0,1359.0,1750.0,1286.0,2.9167,102700.0,NEAR BAY
9092,households,True,True,5.536332214765101,-117.84,33.64,11.0,6840.0,1689.0,6083.0,1629.0,2.4132,198300.0,<1H OCEAN
9095,households,True,True,5.708352348993288,-121.86,39.76,19.0,7254.0,1785.0,4030.0,1667.0,2.0094,87300.0,INLAND
9100,households,True,True,4.413674496644296,-118.48,34.19,20.0,5699.0,1594.0,3809.0,1381.0,2.8646,221100.0,<1H OCEAN
9101,households,True,False,3.4041879194630873,-119.16,34.23,26.0,5444.0,1293.0,3700.0,1158.0,2.7556,213200.0,NEAR OCEAN
9147,households,True,True,7.487402684563759,-122.56,38.09,17.0,9614.0,2123.0,4684.0,2060.0,4.1705,209800.0,NEAR BAY
9162,households,True,False,3.123523489932886,-118.57,34.09,14.0,7970.0,1142.0,2926.0,1096.0,11.2866,500001.0,<1H OCEAN
9181,households,True,True,4.391040268456376,-116.98,32.62,6.0,7995.0,1458.0,4771.0,1376.0,4.7068,184300.0,NEAR OCEAN
9191,households,True,True,4.96594966442953,-118.18,33.74,30.0,5915.0,1750.0,2136.0,1503.0,4.0968,310000.0,NEAR OCEAN
9194,households,True,True,3.9338288590604025,-117.04,32.99,6.0,9518.0,1418.0,4413.0,1275.0,6.6012,314900.0,<1H OCEAN
9197,households,True,True,3.7210671140939593,-118.1,33.88,18.0,8046.0,1221.0,4276.0,1228.0,6.5515,319600.0,<1H OCEAN
9213,households,True,True,6.8626979865771816,-117.7,33.62,16.0,9653.0,2000.0,4732.0,1922.0,3.7361,197200.0,<1H OCEAN
9244,households,True,True,3.8930872483221473,-118.68,34.28,5.0,6150.0,1265.0,3188.0,1266.0,4.7034,223000.0,<1H OCEAN
9253,households,True,True,6.414540268456376,-118.54,34.18,17.0,7214.0,1994.0,4100.0,1823.0,3.0943,174500.0,<1H OCEAN
9287,households,True,True,4.911627516778523,-122.03,37.56,24.0,8444.0,1492.0,4446.0,1491.0,4.6978,240300.0,NEAR BAY
9292,households,True,True,4.214493288590604,-116.37,33.72,17.0,8626.0,1859.0,3497.0,1337.0,3.312,121300.0,INLAND
9322,households,True,False,3.327231543624161,-118.31,34.09,30.0,3165.0,1263.0,3678.0,1141.0,2.0,240600.0,<1H OCEAN
9325,households,True,True,8.161902684563758,-119.74,36.8,18.0,10862.0,2401.0,5466.0,2209.0,2.4678,74300.0,INLAND
9351,households,True,True,4.798456375838926,-121.92,37.49,10.0,7441.0,1588.0,3571.0,1466.0,5.1643,193100.0,<1H OCEAN
9415,households,True,True,3.693906040268456,-118.52,34.39,21.0,5477.0,1275.0,3384.0,1222.0,3.6625,228100.0,<1H OCEAN
9462,households,True,False,3.295543624161074,-118.36,34.09,33.0,3463.0,1170.0,1845.0,1134.0,2.0205,243800.0,<1H OCEAN
9496,households,True,False,3.458510067114094,-118.37,34.09,22.0,4247.0,1253.0,1766.0,1170.0,3.1517,341700.0,<1H OCEAN
9527,households,True,True,14.051328859060403,-117.27,33.23,5.0,20908.0,3933.0,9690.0,3510.0,4.1405,198500.0,<1H OCEAN
9536,households,True,True,5.635922818791946,-121.98,37.34,18.0,6649.0,1712.0,3604.0,1651.0,4.5368,307400.0,<1H OCEAN
9542,households,True,True,3.8206577181208057,-122.25,37.81,29.0,4656.0,1414.0,2304.0,1250.0,2.4912,257800.0,NEAR BAY
9552,households,True,True,4.807510067114094,-122.07,37.98,12.0,6915.0,1639.0,2940.0,1468.0,4.0154,186100.0,NEAR BAY
9556,households,True,False,3.2638557046979866,-122.16,38.07,14.0,6360.0,1236.0,2876.0,1127.0,4.5321,190300.0,NEAR BAY
9579,households,True,True,4.169224832214765,-119.09,34.24,17.0,10214.0,1589.0,3409.0,1327.0,5.3806,452100.0,<1H OCEAN
9589,households,True,True,10.787473154362416,-117.04,33.15,15.0,13814.0,2888.0,6583.0,2789.0,2.8247,150000.0,<1H OCEAN
9597,households,True,True,3.77991610738255,-117.76,33.79,4.0,8974.0,1268.0,3754.0,1241.0,8.2653,374000.0,<1H OCEAN
9598,households,True,True,7.301802013422819,-122.04,37.39,5.0,8745.0,2211.0,3959.0,2019.0,4.7685,280100.0,<1H OCEAN
9610,households,True,True,14.10565100671141,-118.35,33.84,22.0,13133.0,3680.0,7180.0,3522.0,3.5414,354700.0,<1H OCEAN
9626,households,True,True,3.8206577181208057,-121.39,38.6,22.0,5773.0,1320.0,2607.0,1250.0,2.5238,118800.0,INLAND
9627,households,True,True,6.2606275167785235,-117.31,34.05,6.0,7423.0,2111.0,4092.0,1789.0,2.7002,88300.0,INLAND
9628,households,True,True,5.29188255033557,-121.04,37.69,5.0,9601.0,1639.0,4449.0,1575.0,4.5332,195500.0,INLAND
9654,households,True,True,4.594748322147651,-121.36,38.69,13.0,6850.0,1400.0,4251.0,1421.0,3.6989,93300.0,INLAND
9683,households,True,False,3.3453389261744966,-117.53,34.06,18.0,5605.0,1303.0,4028.0,1145.0,2.9386,116400.0,INLAND
9685,households,True,True,3.5535738255033555,-118.38,34.08,25.0,4625.0,1307.0,1739.0,1191.0,3.3989,485000.0,<1H OCEAN
9690,households,True,True,5.015744966442953,-119.71,36.74,18.0,8099.0,1670.0,4476.0,1514.0,2.4728,88300.0,INLAND
9707,households,True,True,3.983624161073825,-121.99,37.77,14.0,8213.0,1364.0,3283.0,1286.0,5.1755,294800.0,<1H OCEAN
9710,households,True,False,3.0963624161073824,-118.17,33.77,25.0,4405.0,1262.0,2178.0,1090.0,3.0503,225000.0,NEAR OCEAN
9728,households,True,True,7.976302013422819,-122.22,38.07,4.0,15654.0,2394.0,7025.0,2168.0,5.8171,225200.0,NEAR BAY
9761,households,True,True,9.08085234899329,-122.05,37.92,14.0,12713.0,2558.0,4741.0,2412.0,4.7094,234700.0,NEAR BAY
9771,households,True,True,5.396,-118.03,34.58,4.0,9849.0,1780.0,4546.0,1598.0,4.0729,154300.0,INLAND
9773,households,True,True,4.205439597315436,-121.98,38.39,3.0,9488.0,1417.0,4095.0,1335.0,5.1781,191900.0,INLAND
9809,households,True,True,3.539993288590604,-119.04,34.24,20.0,7794.0,1192.0,4169.0,1188.0,5.9316,311900.0,<1H OCEAN
9813,households,True,True,4.300503355704698,-121.36,38.67,5.0,5819.0,1507.0,3237.0,1356.0,2.2339,116600.0,INLAND
9818,households,True,False,3.4358758389261745,-120.66,35.26,15.0,5540.0,1319.0,2383.0,1165.0,2.2656,226200.0,NEAR OCEAN
9829,households,True,True,4.12848322147651,-121.83,37.3,16.0,5684.0,1386.0,4203.0,1318.0,3.1964,185800.0,<1H OCEAN
9834,households,True,True,3.571681208053691,-118.47,34.2,25.0,4590.0,1477.0,2723.0,1195.0,2.7118,281700.0,<1H OCEAN
9849,households,True,True,4.305030201342282,-121.98,36.99,14.0,6787.0,1454.0,3416.0,1357.0,3.5943,262400.0,NEAR OCEAN
9875,households,True,True,5.55896644295302,-117.03,32.79,17.0,7352.0,1699.0,3331.0,1634.0,2.7006,166300.0,<1H OCEAN
9878,households,True,False,3.1733187919463086,-117.99,33.98,18.0,8399.0,1144.0,3727.0,1107.0,6.9695,360400.0,<1H OCEAN
9883,households,True,True,4.495157718120805,-117.29,34.49,3.0,7689.0,1545.0,3804.0,1399.0,3.3871,111800.0,INLAND
9891,households,True,True,7.319909395973155,-117.72,33.97,16.0,13290.0,2062.0,6931.0,2023.0,5.228,187800.0,<1H OCEAN
9909,households,True,False,3.2412214765100673,-121.5,38.58,20.0,4018.0,1220.0,1570.0,1122.0,2.5821,125000.0,INLAND
9914,households,True,False,3.0918355704697986,-118.57,34.29,4.0,6995.0,1151.0,2907.0,1089.0,7.0808,341200.0,<1H OCEAN
9917,households,True,True,4.200912751677852,-122.12,38.0,20.0,6992.0,1404.0,3221.0,1334.0,4.2042,166400.0,NEAR BAY
9920,households,True,False,3.168791946308725,-118.21,34.1,47.0,5077.0,1271.0,3348.0,1106.0,3.0377,186800.0,<1H OCEAN
9955,households,True,True,3.6441107382550335,-122.1,37.41,33.0,6277.0,1274.0,3025.0,1211.0,5.4721,343300.0,NEAR BAY
9956,households,True,True,3.5535738255033555,-118.31,34.07,20.0,3264.0,1248.0,2919.0,1191.0,2.3674,500001.0,<1H OCEAN
9958,households,True,True,4.400093959731544,-116.97,32.83,17.0,6659.0,1402.0,3183.0,1378.0,2.949,117300.0,<1H OCEAN
9975,households,True,False,3.2321677852348993,-118.94,34.24,5.0,10018.0,1233.0,4253.0,1120.0,8.9063,500001.0,<1H OCEAN
9977,households,True,False,3.1868993288590604,-121.82,38.46,10.0,6331.0,1181.0,3419.0,1110.0,3.7083,154800.0,INLAND
10001,households,True,True,4.762241610738255,-117.23,32.88,18.0,5566.0,1465.0,6303.0,1458.0,1.858,205000.0,NEAR OCEAN
10020,households,True,True,4.757714765100671,-118.9,35.26,31.0,6145.0,1492.0,5666.0,1457.0,1.9066,54600.0,INLAND
10056,households,True,True,3.77991610738255,-121.89,37.69,4.0,6159.0,1510.0,2649.0,1241.0,3.62,139300.0,<1H OCEAN
10058,households,True,False,3.236694630872483,-118.0,34.03,25.0,6909.0,1154.0,3912.0,1121.0,5.257,226100.0,<1H OCEAN
10076,households,True,False,3.168791946308725,-121.64,39.12,13.0,6408.0,1087.0,3294.0,1106.0,4.2656,110700.0,INLAND
10085,households,True,True,3.9247751677852354,-122.28,37.78,29.0,5154.0,,3741.0,1273.0,2.5762,173400.0,NEAR BAY
10111,households,True,True,5.12891610738255,-118.45,34.07,19.0,4845.0,1609.0,3751.0,1539.0,1.583,350000.0,<1H OCEAN
10125,households,True,True,3.7346476510067115,-122.45,37.7,16.0,6457.0,1336.0,4375.0,1231.0,5.1788,267000.0,NEAR OCEAN
10139,households,True,True,3.7029597315436242,-119.76,36.78,30.0,6117.0,1330.0,2768.0,1224.0,2.1383,78800.0,INLAND
10140,households,True,False,3.281963087248322,-118.08,34.04,20.0,5841.0,1146.0,3273.0,1131.0,4.7222,185100.0,<1H OCEAN
10141,households,True,False,3.277436241610738,-117.13,32.75,23.0,3999.0,1182.0,2051.0,1130.0,2.1292,135000.0,NEAR OCEAN
10153,households,True,True,5.450322147651006,-118.46,34.17,22.0,6707.0,1737.0,2620.0,1610.0,3.1478,273700.0,<1H OCEAN
10154,households,True,False,3.2683825503355703,-117.47,33.95,15.0,6248.0,1249.0,3795.0,1128.0,4.1264,124600.0,INLAND
10176,households,True,True,3.7029597315436242,-119.82,36.79,18.0,5822.0,1439.0,3415.0,1224.0,1.6854,64700.0,INLAND
10180,households,True,True,5.251140939597315,-118.37,33.95,5.0,6955.0,2062.0,3591.0,1566.0,3.111,247600.0,<1H OCEAN
10181,households,True,True,4.563060402684563,-121.82,37.34,23.0,7609.0,1446.0,6034.0,1414.0,4.8424,195300.0,<1H OCEAN
10190,households,True,True,9.60596644295302,-121.61,36.69,19.0,9899.0,2617.0,11272.0,2528.0,2.0244,118500.0,<1H OCEAN
10198,households,True,True,3.53546644295302,-117.37,33.19,23.0,4104.0,1274.0,4729.0,1187.0,1.8214,173800.0,NEAR OCEAN
10218,households,True,True,3.6576912751677852,-117.42,34.59,8.0,5445.0,1360.0,3220.0,1214.0,1.7567,69500.0,INLAND
10235,households,True,True,5.110808724832214,-118.09,34.57,4.0,9761.0,1683.0,4970.0,1535.0,4.5266,142900.0,INLAND
10241,households,True,True,10.46606711409396,-122.24,37.72,5.0,18634.0,2885.0,7427.0,2718.0,7.611,350700.0,NEAR BAY
10248,households,True,True,4.277869127516778,-117.35,33.64,23.0,6859.0,1535.0,3405.0,1351.0,2.5395,109200.0,<1H OCEAN
10272,households,True,False,3.055620805369127,-122.24,38.07,13.0,5451.0,1194.0,2957.0,1081.0,2.6098,162500.0,NEAR BAY
10310,households,True,True,4.621909395973154,-118.1,34.7,5.0,10356.0,1647.0,4562.0,1427.0,4.9806,141100.0,INLAND
10313,households,True,True,4.449889261744967,-117.62,34.07,16.0,6009.0,1599.0,5110.0,1389.0,2.5677,128900.0,INLAND
10350,households,True,True,5.604234899328858,-118.34,34.16,25.0,6082.0,1763.0,2616.0,1644.0,3.6486,246900.0,<1H OCEAN
10418,households,True,True,3.8976140939597315,-117.87,34.1,15.0,6409.0,1363.0,3359.0,1267.0,3.875,173300.0,<1H OCEAN
10420,households,True,True,4.522318791946309,-118.3,34.18,5.0,5492.0,1549.0,2997.0,1405.0,3.3205,172100.0,<1H OCEAN
10437,households,True,True,3.5762080536912753,-117.07,32.61,22.0,5016.0,1331.0,3222.0,1196.0,2.1441,135500.0,NEAR OCEAN
10439,households,True,True,4.200912751677852,-117.62,34.44,6.0,8884.0,1687.0,3767.0,1334.0,3.599,140200.0,INLAND
10458,households,True,True,3.8206577181208057,-117.09,33.13,9.0,5685.0,1442.0,3773.0,1250.0,3.0426,129900.0,<1H OCEAN
10461,households,True,False,3.318177852348993,-116.33,33.72,11.0,12327.0,2000.0,2450.0,1139.0,7.4382,353100.0,INLAND
10490,households,True,True,4.458942953020133,-121.86,37.7,13.0,9621.0,1344.0,4389.0,1391.0,6.6827,313700.0,INLAND
10493,households,True,True,5.382419463087248,-118.35,34.22,19.0,9259.0,1653.0,3963.0,1595.0,5.997,228700.0,<1H OCEAN
10501,households,True,True,3.915721476510067,-121.3,38.7,18.0,7334.0,1332.0,3339.0,1271.0,3.235,124700.0,INLAND
10523,households,True,True,4.314083892617449,-118.13,34.14,23.0,5465.0,1494.0,2511.0,1359.0,3.4531,210900.0,<1H OCEAN
10545,households,True,True,4.0424731543624155,-121.27,38.61,17.0,6663.0,1369.0,2840.0,1299.0,2.9452,115600.0,INLAND
10623,households,True,True,4.793929530201342,-117.83,33.73,20.0,5768.0,1597.0,4853.0,1465.0,3.5387,160400.0,<1H OCEAN
10636,households,True,True,4.119429530201342,-121.88,37.37,14.0,6016.0,1404.0,3258.0,1316.0,3.5745,333700.0,<1H OCEAN
10646,households,True,False,3.1733187919463086,-117.0,33.74,8.0,5330.0,1529.0,2143.0,1107.0,2.1103,94400.0,INLAND
10680,households,True,True,7.745432885906041,-116.94,32.8,21.0,7906.0,2292.0,4868.0,2117.0,1.8937,109800.0,<1H OCEAN
10686,households,True,True,7.089040268456376,-119.75,36.87,3.0,13802.0,2244.0,5226.0,1972.0,5.0941,143700.0,INLAND
10690,households,True,True,6.2244127516778525,-121.98,37.22,46.0,10088.0,1910.0,3728.0,1781.0,5.2321,500001.0,<1H OCEAN
10702,households,True,True,4.264288590604027,-122.06,37.58,15.0,8112.0,1376.0,4576.0,1348.0,5.6758,253400.0,NEAR BAY
10720,households,True,True,5.061013422818792,-121.85,39.72,18.0,7272.0,1559.0,5022.0,1524.0,1.6911,98800.0,INLAND
10748,households,True,True,6.758580536912752,-118.41,34.05,16.0,9728.0,2211.0,3026.0,1899.0,5.8758,500001.0,<1H OCEAN
10771,households,True,True,6.681624161073826,-121.42,38.48,13.0,7880.0,1992.0,4749.0,1882.0,1.9657,116000.0,INLAND
10773,households,True,True,5.364312080536913,-121.28,38.8,7.0,9003.0,1739.0,4445.0,1591.0,3.816,147900.0,INLAND
10777,households,True,True,5.740040268456376,-118.3,33.76,18.0,9659.0,1716.0,4336.0,1674.0,5.7764,290500.0,<1H OCEAN
10796,households,True,True,4.12848322147651,-121.9,37.24,24.0,7521.0,1364.0,3970.0,1318.0,4.4004,255800.0,<1H OCEAN
10815,households,True,True,4.7531879194630875,-118.01,34.07,22.0,6311.0,1572.0,6666.0,1456.0,2.9334,182600.0,INLAND
10823,households,True,False,3.3000704697986576,-122.24,38.15,10.0,6817.0,1188.0,4163.0,1135.0,4.4529,144100.0,NEAR BAY
10855,households,True,False,3.295543624161074,-122.0,37.55,27.0,6103.0,1249.0,3026.0,1134.0,4.1591,332400.0,<1H OCEAN
10866,households,True,True,3.5264127516778525,-118.41,34.03,20.0,4374.0,1311.0,2165.0,1185.0,3.6019,463600.0,<1H OCEAN
10872,households,True,True,3.7889697986577184,-116.23,33.71,17.0,4874.0,1349.0,5032.0,1243.0,2.444,90000.0,INLAND
10875,households,True,False,3.205006711409396,-117.79,33.7,16.0,6259.0,1098.0,3785.0,1114.0,6.3298,247100.0,<1H OCEAN
10894,households,True,True,10.488701342281878,-117.29,33.97,4.0,18767.0,3032.0,8805.0,2723.0,4.6667,160600.0,INLAND
10907,households,True,True,4.047000000000001,-121.14,38.77,15.0,10282.0,1333.0,3868.0,1300.0,6.4789,287800.0,INLAND
10915,households,True,True,4.169224832214765,-118.26,33.85,24.0,9071.0,1335.0,4558.0,1327.0,5.542,197500.0,<1H OCEAN
10920,households,True,False,3.0646744966442956,-117.8,34.1,17.0,5153.0,1164.0,2949.0,1083.0,3.5603,174600.0,INLAND
10931,households,True,True,4.730553691275167,-122.53,37.66,25.0,7778.0,1493.0,4674.0,1451.0,5.4694,272400.0,NEAR OCEAN
10947,households,True,True,3.671271812080537,-121.86,37.25,16.0,6958.0,1300.0,2965.0,1217.0,4.2885,262400.0,<1H OCEAN
10960,households,True,True,5.287355704697987,-118.24,34.15,17.0,5282.0,1605.0,4116.0,1574.0,3.052,209800.0,<1H OCEAN
10969,households,True,False,3.3362852348993286,-118.16,33.78,29.0,3684.0,1301.0,3891.0,1143.0,1.6955,179700.0,NEAR OCEAN
11017,households,True,False,3.408714765100671,-118.38,33.75,23.0,8277.0,1290.0,3176.0,1159.0,7.6986,500001.0,NEAR OCEAN
11056,households,True,True,4.431781879194631,-117.5,33.96,12.0,7923.0,1470.0,4861.0,1385.0,4.2985,139200.0,INLAND
11057,households,True,True,3.8206577181208057,-122.26,37.82,22.0,3682.0,1270.0,2024.0,1250.0,1.2185,170000.0,NEAR BAY
11062,households,True,False,3.087308724832215,-121.72,37.98,5.0,7105.0,1143.0,3523.0,1088.0,5.0468,168800.0,INLAND
11077,households,True,True,5.174184563758389,-122.22,37.47,28.0,5956.0,1612.0,3571.0,1549.0,3.1864,272800.0,NEAR OCEAN
11085,households,True,True,6.183671140939597,-121.97,37.56,13.0,8918.0,1823.0,4518.0,1772.0,4.8052,254000.0,<1H OCEAN
11097,households,True,False,3.100889261744966,-117.2,33.16,13.0,4503.0,1137.0,3094.0,1091.0,2.3159,91600.0,<1H OCEAN
11102,households,True,True,4.961422818791946,-116.88,33.05,11.0,7217.0,1583.0,4197.0,1502.0,2.8827,166700.0,<1H OCEAN
11132,households,True,True,4.834671140939597,-117.07,33.13,17.0,6817.0,1632.0,4526.0,1474.0,2.6152,135300.0,<1H OCEAN
11133,households,True,True,5.8441577181208055,-116.78,33.0,7.0,12480.0,1946.0,5102.0,1697.0,5.5102,221000.0,<1H OCEAN
11144,households,True,True,4.440835570469798,-116.97,32.78,26.0,8902.0,1413.0,3941.0,1387.0,4.7943,226900.0,<1H OCEAN
11146,households,True,False,3.3498657718120803,-117.05,32.61,21.0,6034.0,1205.0,3795.0,1146.0,3.2633,129700.0,NEAR OCEAN
11147,households,True,True,4.47705033557047,-118.42,34.31,19.0,6755.0,1443.0,4205.0,1395.0,3.9583,163200.0,<1H OCEAN
11217,households,True,False,3.164265100671141,-117.23,32.75,11.0,4304.0,1245.0,1960.0,1105.0,3.3456,159800.0,NEAR OCEAN
11225,households,True,True,4.0424731543624155,-118.47,34.15,7.0,6306.0,1473.0,2381.0,1299.0,4.642,457300.0,<1H OCEAN
11226,households,True,True,3.503778523489933,-118.4,34.17,24.0,4443.0,1283.0,2421.0,1180.0,2.2652,269200.0,<1H OCEAN
11271,households,True,True,4.8618322147651005,-120.84,37.51,14.0,6337.0,1593.0,3909.0,1480.0,2.0643,106500.0,INLAND
11303,households,True,True,9.714610738255033,-119.05,35.33,18.0,12707.0,2685.0,7009.0,2552.0,2.9438,87200.0,INLAND
11307,households,True,True,5.01121812080537,-121.54,38.51,17.0,8482.0,1590.0,3362.0,1513.0,4.2216,217900.0,INLAND
11320,households,True,True,6.559399328859061,-117.48,33.89,14.0,10395.0,1799.0,6295.0,1855.0,4.7295,149900.0,INLAND
11341,households,True,True,3.816130872483221,-116.98,32.88,12.0,7320.0,1279.0,4048.0,1249.0,4.3952,151700.0,<1H OCEAN
11372,households,True,True,5.323570469798658,-118.29,33.8,21.0,9944.0,1623.0,4185.0,1582.0,4.526,329400.0,<1H OCEAN
11379,households,True,True,4.784875838926174,-118.59,34.23,17.0,6592.0,1525.0,4459.0,1463.0,3.0347,254500.0,<1H OCEAN
11384,households,True,True,4.47705033557047,-122.19,38.13,5.0,7854.0,1446.0,4361.0,1395.0,4.9504,214800.0,NEAR BAY
11393,households,True,True,3.5943154362416108,-118.4,34.2,13.0,4859.0,1293.0,3351.0,1200.0,3.6875,211900.0,<1H OCEAN
11395,households,True,True,6.33758389261745,-118.22,34.63,4.0,14348.0,2145.0,5839.0,1806.0,5.3799,222400.0,INLAND
11399,households,True,True,12.928671140939597,-121.88,39.74,12.0,14631.0,3298.0,7517.0,3262.0,1.6785,153100.0,INLAND
11414,households,True,False,3.340812080536913,-121.74,38.56,18.0,3960.0,1151.0,2248.0,1144.0,1.7257,179100.0,INLAND
11427,households,True,True,8.569318791946309,-117.34,34.1,14.0,11827.0,2445.0,6640.0,2299.0,2.4878,103800.0,INLAND
11473,households,True,False,3.318177852348993,-118.46,34.16,16.0,4590.0,1200.0,2195.0,1139.0,3.8273,334900.0,<1H OCEAN
11549,households,True,True,4.363879194630872,-118.66,35.2,7.0,9664.0,1692.0,3617.0,1370.0,4.0581,162900.0,INLAND
11552,households,True,True,10.330261744966444,-117.22,33.92,5.0,16884.0,2865.0,9509.0,2688.0,4.0938,130900.0,INLAND
11555,households,True,True,5.8441577181208055,-118.54,34.21,22.0,6064.0,1826.0,4876.0,1697.0,2.875,227100.0,<1H OCEAN
11578,households,True,False,3.422295302013423,-117.8,34.15,14.0,7876.0,1253.0,3699.0,1162.0,5.5423,248700.0,INLAND
11658,households,True,False,3.132577181208054,-121.3,38.69,21.0,6575.0,1105.0,3358.0,1098.0,4.0739,115400.0,INLAND
11683,households,True,True,4.6445436241610745,-118.38,34.18,27.0,4834.0,1527.0,3847.0,1432.0,2.1449,165300.0,<1H OCEAN
11691,households,True,False,3.4856711409395973,-121.32,38.89,9.0,5927.0,1269.0,3369.0,1176.0,2.8194,111300.0,INLAND
11696,households,True,False,3.20953355704698,-122.26,37.5,44.0,6983.0,1131.0,2818.0,1115.0,5.6271,374800.0,NEAR OCEAN
11718,households,True,True,3.5128322147651008,-118.28,34.07,24.0,3247.0,1281.0,2642.0,1182.0,2.4632,216700.0,<1H OCEAN
11757,households,True,True,10.696936241610738,-118.3,34.1,35.0,7517.0,2961.0,5899.0,2769.0,1.9354,340000.0,<1H OCEAN
11800,households,True,True,12.018775167785234,-117.88,33.96,16.0,19059.0,3079.0,10988.0,3061.0,5.5469,265200.0,<1H OCEAN
11804,households,True,False,3.200479865771812,-117.6,33.87,18.0,6450.0,1165.0,3716.0,1113.0,4.2721,150300.0,INLAND
11811,households,True,True,3.9021409395973152,-121.99,36.98,19.0,5613.0,1321.0,3018.0,1268.0,3.1914,215600.0,NEAR OCEAN
11814,households,True,True,5.604234899328858,-120.5,37.37,18.0,8606.0,1678.0,5303.0,1644.0,2.4012,79700.0,INLAND
11823,households,True,True,6.2606275167785235,-118.41,33.85,16.0,6123.0,1989.0,2853.0,1789.0,4.425,336400.0,NEAR OCEAN
11829,households,True,True,3.8568724832214762,-118.46,34.2,22.0,4855.0,1350.0,2519.0,1258.0,3.0893,205600.0,<1H OCEAN
11848,households,True,True,6.672570469798657,-122.51,38.06,24.0,9493.0,1935.0,5162.0,1880.0,3.0742,118800.0,NEAR BAY
11883,households,True,True,4.35029865771812,-122.14,37.36,23.0,11294.0,1377.0,3840.0,1367.0,12.1387,500001.0,NEAR BAY
11894,households,True,True,4.8618322147651005,-117.98,33.91,16.0,10621.0,1782.0,3836.0,1480.0,5.0923,257200.0,<1H OCEAN
11900,households,True,True,6.2244127516778525,-117.78,34.58,6.0,10263.0,1864.0,6163.0,1781.0,3.8803,120000.0,INLAND
11914,households,True,True,5.110808724832214,-117.95,33.63,17.0,6745.0,1547.0,2688.0,1535.0,3.9917,271600.0,<1H OCEAN
11929,households,True,True,4.549479865771811,-118.37,34.14,8.0,4382.0,1560.0,2138.0,1411.0,3.5714,197900.0,<1H OCEAN
11945,households,True,True,4.028892617449664,-118.12,34.09,25.0,4870.0,1371.0,3518.0,1296.0,3.2307,188400.0,<1H OCEAN
11967,households,True,True,6.894385906040268,-117.67,33.66,4.0,10175.0,2181.0,4762.0,1929.0,4.7341,237400.0,<1H OCEAN
11982,households,True,True,4.585694630872483,-117.79,33.84,9.0,10484.0,1603.0,4005.0,1419.0,8.3931,365300.0,<1H OCEAN
12004,households,True,True,15.966184563758388,-118.1,34.57,7.0,20377.0,4335.0,11973.0,3933.0,3.3086,138100.0,INLAND
12026,households,True,True,6.04786577181208,-122.26,37.86,35.0,5161.0,1744.0,3276.0,1742.0,1.6307,253600.0,NEAR BAY
12049,households,True,True,6.871751677852349,-118.33,34.2,23.0,7179.0,1985.0,4757.0,1924.0,3.1051,206500.0,<1H OCEAN
12050,households,True,True,6.29231543624161,-117.87,33.75,14.0,5526.0,1916.0,6799.0,1796.0,2.6561,144400.0,<1H OCEAN
12074,households,True,True,3.9293020134228187,-122.05,37.59,15.0,6243.0,1273.0,3163.0,1274.0,3.7462,212500.0,NEAR BAY
12076,households,True,False,3.1733187919463086,-118.13,34.1,24.0,4670.0,1185.0,2478.0,1107.0,3.1975,252400.0,<1H OCEAN
12100,households,True,False,3.123523489932886,-118.14,34.05,25.0,5478.0,1136.0,3062.0,1096.0,3.4118,341100.0,<1H OCEAN
12104,households,True,True,4.6988657718120805,-119.12,35.33,4.0,8574.0,1489.0,4250.0,1444.0,5.1036,103400.0,INLAND
12106,households,True,True,5.061013422818792,-121.97,37.33,21.0,8275.0,1566.0,3636.0,1524.0,5.1506,302100.0,<1H OCEAN
12118,households,True,True,17.066208053691273,-117.22,32.86,4.0,16289.0,4585.0,7604.0,4176.0,3.6287,280800.0,NEAR OCEAN
12159,households,True,False,3.494724832214765,-118.21,34.17,24.0,8590.0,1231.0,3401.0,1178.0,8.1325,472700.0,<1H OCEAN
12161,households,True,True,4.083214765100671,-118.34,34.86,11.0,7353.0,1482.0,3571.0,1308.0,2.8097,130000.0,INLAND
12178,households,True,True,11.869389261744967,-118.33,33.91,8.0,10731.0,3335.0,7211.0,3028.0,2.455,192700.0,<1H OCEAN
12183,households,True,True,4.8256174496644295,-118.43,33.83,19.0,6206.0,1611.0,2455.0,1472.0,5.145,420200.0,NEAR OCEAN
12204,households,True,True,8.25696644295302,-117.71,34.02,17.0,12689.0,2426.0,7343.0,2230.0,3.6361,157700.0,INLAND
12228,households,True,False,3.408714765100671,-118.23,33.89,16.0,5003.0,1180.0,4145.0,1159.0,2.1389,133400.0,<1H OCEAN
12253,households,True,True,8.840929530201342,-121.29,38.61,17.0,13553.0,2474.0,6544.0,2359.0,3.9727,132700.0,INLAND
12270,households,True,True,5.210399328859061,-118.37,33.97,26.0,6672.0,1729.0,3333.0,1557.0,2.9646,179800.0,<1H OCEAN
12279,households,True,True,4.544953020134228,-121.95,37.3,25.0,5641.0,1517.0,3786.0,1410.0,3.3958,267500.0,<1H OCEAN
12280,households,True,True,4.359352348993289,-118.44,34.21,20.0,5756.0,1477.0,4031.0,1369.0,3.2448,221200.0,<1H OCEAN
12288,households,True,True,5.106281879194631,-118.29,34.05,18.0,3585.0,1661.0,5229.0,1534.0,1.847,250000.0,<1H OCEAN
12302,households,True,True,3.61694966442953,-122.48,37.85,42.0,6297.0,1307.0,2096.0,1205.0,6.4752,500001.0,NEAR BAY
12316,households,True,True,4.934261744966443,-122.33,37.56,34.0,6394.0,1619.0,2400.0,1496.0,3.4902,500001.0,NEAR OCEAN
12323,households,True,False,3.4268221476510066,-122.09,37.42,23.0,4874.0,1251.0,2699.0,1163.0,3.8003,229800.0,NEAR BAY
12333,households,True,True,5.287355704697987,-122.46,37.65,16.0,8676.0,1633.0,5130.0,1574.0,4.8096,262000.0,NEAR OCEAN
12338,households,True,True,4.368406040268456,-118.35,34.02,34.0,5218.0,1576.0,3538.0,1371.0,1.5143,118800.0,<1H OCEAN
12360,households,True,True,5.549912751677852,-118.46,34.19,20.0,5992.0,1820.0,4826.0,1632.0,2.7237,233500.0,<1H OCEAN
12396,households,True,True,13.231969798657717,-121.5,38.62,8.0,16679.0,3457.0,7919.0,3329.0,3.7188,134500.0,INLAND
12433,households,True,False,3.4358758389261745,-122.33,37.97,19.0,5151.0,1335.0,2548.0,1165.0,3.3125,158800.0,NEAR BAY
12439,households,True,True,3.8749798657718117,-116.95,32.82,12.0,5535.0,1434.0,3112.0,1262.0,2.5949,108300.0,<1H OCEAN
12457,households,True,True,12.801919463087248,-121.35,38.54,12.0,16239.0,3358.0,8656.0,3234.0,3.5691,116300.0,INLAND
12458,households,True,False,3.2231140939597314,-117.03,33.13,15.0,7000.0,1185.0,3555.0,1118.0,4.7022,172800.0,<1H OCEAN
12477,households,True,True,8.99031543624161,-117.18,32.92,4.0,15025.0,2616.0,7560.0,2392.0,5.196,210700.0,<1H OCEAN
12504,households,True,True,7.202211409395973,-117.1,33.09,5.0,12045.0,2162.0,5640.0,1997.0,4.4375,353000.0,<1H OCEAN
12537,households,True,True,11.312587248322147,-116.95,32.79,19.0,11391.0,3093.0,7178.0,2905.0,2.0326,123200.0,<1H OCEAN
12542,households,True,True,7.582466442953019,-117.9,34.04,15.0,11989.0,2185.0,6652.0,2081.0,4.5554,278300.0,<1H OCEAN
12593,households,True,True,8.424459731543624,-117.08,33.13,17.0,8466.0,2628.0,7014.0,2267.0,2.1437,113700.0,<1H OCEAN
12601,households,True,False,3.078255033557047,-122.1,37.4,27.0,3410.0,1156.0,2314.0,1086.0,3.4868,165600.0,NEAR BAY
12607,households,True,True,3.8976140939597315,-122.5,37.91,31.0,7001.0,1282.0,2755.0,1267.0,5.4851,441100.0,NEAR BAY
12617,households,True,False,3.146157718120805,-117.56,34.12,4.0,5351.0,1210.0,2988.0,1101.0,3.7973,181300.0,INLAND
12624,households,True,True,3.9293020134228187,-116.97,32.74,14.0,7410.0,1344.0,3597.0,1274.0,4.2192,176100.0,<1H OCEAN
12660,households,True,False,3.490197986577181,-118.49,34.02,27.0,4725.0,1185.0,1945.0,1177.0,4.1365,470800.0,<1H OCEAN
12734,households,True,True,15.508973154362415,-117.61,34.1,9.0,18956.0,4095.0,10323.0,3832.0,3.6033,132600.0,INLAND
12749,households,True,True,4.363879194630872,-117.22,33.9,8.0,8302.0,1461.0,5155.0,1370.0,4.0467,121500.0,INLAND
12769,households,True,True,7.387812080536912,-118.45,34.24,11.0,9053.0,2193.0,7096.0,2038.0,3.5082,136500.0,<1H OCEAN
12781,households,True,False,3.281963087248322,-117.05,34.01,27.0,5484.0,1205.0,2645.0,1131.0,2.1927,116700.0,INLAND
12789,households,True,False,3.4268221476510066,-121.96,37.27,22.0,6114.0,1211.0,2983.0,1163.0,5.2533,269100.0,<1H OCEAN
12814,households,True,False,3.1868993288590604,-118.27,33.78,21.0,3354.0,1174.0,4426.0,1110.0,2.5262,167300.0,<1H OCEAN
12816,households,True,True,3.716540268456376,-117.78,34.13,18.0,7798.0,1161.0,3710.0,1227.0,5.8819,260500.0,INLAND
12825,households,True,True,6.853644295302013,-117.17,34.12,3.0,15695.0,2248.0,6080.0,1920.0,6.2178,173900.0,INLAND
12842,households,True,True,7.147889261744966,-117.64,33.87,2.0,17470.0,2727.0,5964.0,1985.0,6.2308,257900.0,<1H OCEAN
12847,households,True,True,4.676231543624161,-117.64,33.65,4.0,6842.0,1512.0,3256.0,1439.0,5.4132,216600.0,<1H OCEAN
12857,households,True,True,4.273342281879194,-117.69,34.03,20.0,6374.0,1412.0,3690.0,1350.0,3.4184,162500.0,INLAND
12901,households,True,True,4.762241610738255,-122.06,37.89,21.0,4985.0,1590.0,2575.0,1458.0,3.1002,114300.0,NEAR BAY
12916,households,True,True,5.830577181208054,-121.48,38.46,8.0,10505.0,1777.0,6002.0,1694.0,4.0516,121200.0,INLAND
12920,households,True,False,3.367973154362416,-117.85,33.77,23.0,5928.0,1204.0,3570.0,1150.0,4.0398,233100.0,<1H OCEAN
12921,households,True,True,10.968546979865772,-118.96,34.23,14.0,15207.0,2924.0,6301.0,2829.0,3.9699,217000.0,<1H OCEAN
12950,households,True,True,8.967681208053692,-118.6,34.21,21.0,9512.0,2560.0,7282.0,2387.0,2.8039,227500.0,<1H OCEAN
12951,households,True,True,5.98901677852349,-117.25,33.92,7.0,9812.0,1914.0,5595.0,1729.0,4.1482,124600.0,INLAND
12964,households,True,False,3.1416308724832214,-118.31,34.22,27.0,7714.0,1132.0,3199.0,1100.0,7.1262,446200.0,<1H OCEAN
12973,households,True,True,3.6893791946308725,-122.29,38.19,13.0,7065.0,1259.0,3864.0,1221.0,4.7472,148600.0,NEAR BAY
12978,households,True,True,21.022671140939597,-117.78,34.03,8.0,32054.0,5290.0,15507.0,5050.0,6.0191,253900.0,<1H OCEAN
12983,households,True,False,3.422295302013423,-117.32,34.17,6.0,5661.0,1287.0,2943.0,1162.0,3.6362,106500.0,INLAND
12993,households,True,False,3.417768456375839,-117.21,33.61,7.0,7722.0,1324.0,2975.0,1161.0,3.6273,150900.0,<1H OCEAN
13014,households,True,True,5.47748322147651,-121.53,38.61,5.0,8149.0,1913.0,2933.0,1616.0,3.6788,178800.0,INLAND
13027,households,True,True,4.798456375838926,-117.29,34.03,9.0,8185.0,1525.0,3630.0,1466.0,4.1667,197700.0,INLAND
13043,households,True,True,7.396865771812081,-121.87,37.42,19.0,12128.0,2112.0,6810.0,2040.0,6.4419,264500.0,<1H OCEAN
13058,households,True,True,6.668043624161074,-118.12,33.89,22.0,6876.0,1960.0,5162.0,1879.0,2.9293,170800.0,<1H OCEAN
13074,households,True,True,3.8206577181208057,-118.61,34.17,19.0,5944.0,1345.0,2372.0,1250.0,3.8819,328900.0,<1H OCEAN
13082,households,True,False,3.159738255033557,-118.12,34.56,5.0,6446.0,1154.0,3427.0,1104.0,3.9936,148500.0,INLAND
13087,households,True,True,5.047432885906041,-117.83,33.74,23.0,6114.0,1623.0,4088.0,1521.0,3.0382,183600.0,<1H OCEAN
13101,households,True,True,3.870453020134228,-117.06,33.09,11.0,7483.0,1276.0,3516.0,1261.0,4.0484,262500.0,<1H OCEAN
13120,households,True,True,6.391906040268457,-121.39,39.12,28.0,10035.0,1856.0,6912.0,1818.0,2.0943,108300.0,INLAND
13128,households,True,True,3.7437013422818795,-118.51,34.43,15.0,8510.0,1258.0,3733.0,1233.0,6.1082,253700.0,<1H OCEAN
13131,households,True,True,4.35029865771812,-118.16,34.6,2.0,11008.0,1549.0,4098.0,1367.0,6.4865,204400.0,INLAND
13135,households,True,True,3.8976140939597315,-118.45,34.23,25.0,4393.0,1369.0,3781.0,1267.0,2.5833,183700.0,<1H OCEAN
13175,households,True,True,10.85084899328859,-118.37,34.43,11.0,17339.0,2866.0,8721.0,2803.0,5.9507,225200.0,INLAND
13189,households,True,True,4.925208053691275,-121.24,38.63,4.0,11021.0,1565.0,3857.0,1494.0,7.2582,273200.0,INLAND
13190,households,True,False,3.281963087248322,-121.94,38.02,29.0,5765.0,1170.0,3266.0,1131.0,2.7907,113900.0,INLAND
13231,households,True,True,3.7029597315436242,-119.74,36.71,17.0,5872.0,1250.0,5034.0,1224.0,2.1905,61800.0,INLAND
13237,households,True,True,3.8523456375838925,-118.54,34.15,26.0,10111.0,1295.0,3599.0,1257.0,10.2292,500001.0,<1H OCEAN
13245,households,True,True,6.2606275167785235,-122.09,38.0,6.0,10191.0,1882.0,4377.0,1789.0,5.2015,204200.0,NEAR BAY
13260,households,True,True,7.881238255033557,-122.22,38.12,15.0,14125.0,2344.0,6456.0,2147.0,5.1014,179500.0,NEAR BAY
13268,households,True,True,7.867657718120805,-118.4,34.02,19.0,7297.0,2331.0,3870.0,2144.0,3.116,300000.0,<1H OCEAN
13270,households,True,True,3.6395838926174497,-119.23,34.17,18.0,6171.0,1490.0,2164.0,1210.0,3.6875,500001.0,NEAR OCEAN
13273,households,True,True,4.422728187919463,-122.4,37.75,44.0,6848.0,1584.0,3269.0,1383.0,2.8679,243300.0,NEAR BAY
13347,households,True,True,4.8799395973154365,-117.16,32.75,19.0,5430.0,1593.0,2496.0,1484.0,2.9112,199100.0,NEAR OCEAN
13357,households,True,True,3.6667449664429532,-118.25,33.87,18.0,6812.0,1263.0,3704.0,1216.0,4.25,169200.0,<1H OCEAN
13379,households,True,True,3.589788590604027,-117.34,34.51,6.0,5667.0,1385.0,2447.0,1199.0,2.3617,103100.0,INLAND
13381,households,True,False,3.45398322147651,-121.22,38.68,10.0,6262.0,1278.0,2954.0,1169.0,3.4506,139000.0,INLAND
13382,households,True,True,8.73228523489933,-121.42,38.49,17.0,13180.0,2444.0,7235.0,2335.0,3.363,103000.0,INLAND
13396,households,True,True,4.078687919463087,-121.94,37.76,4.0,6875.0,1439.0,2889.0,1307.0,4.6932,356100.0,<1H OCEAN
13438,households,True,True,5.273775167785235,-117.7,33.59,11.0,8039.0,1717.0,3445.0,1571.0,4.1678,190900.0,<1H OCEAN
13445,households,True,False,3.214060402684564,-117.91,33.66,26.0,5761.0,1326.0,2681.0,1116.0,4.0341,243300.0,<1H OCEAN
13521,households,True,True,4.707919463087248,-117.02,33.71,6.0,8278.0,1579.0,3062.0,1446.0,3.0043,134700.0,INLAND
13550,households,True,True,3.9881510067114094,-122.68,38.36,8.0,7520.0,1336.0,3833.0,1287.0,4.3278,184100.0,<1H OCEAN
13609,households,True,True,4.956895973154363,-116.99,32.81,18.0,10968.0,1521.0,4439.0,1501.0,6.2787,250000.0,<1H OCEAN
13623,households,True,False,3.363446308724832,-121.82,39.76,23.0,6010.0,1116.0,2710.0,1149.0,3.0068,107300.0,INLAND
13628,households,True,True,5.8079429530201345,-116.99,33.77,7.0,10352.0,2007.0,3559.0,1689.0,2.2925,113100.0,INLAND
13667,households,True,True,3.8523456375838925,-121.89,37.82,4.0,11444.0,1355.0,3898.0,1257.0,13.2949,500001.0,INLAND
13670,households,True,True,3.544520134228188,-117.09,34.07,24.0,6260.0,1271.0,3132.0,1189.0,2.5156,103000.0,INLAND
13762,households,True,True,6.939654362416107,-118.36,34.1,37.0,7097.0,2010.0,2913.0,1939.0,2.875,300000.0,<1H OCEAN
13768,households,True,True,3.712013422818792,-118.3,33.76,6.0,6097.0,1270.0,2678.0,1226.0,5.1269,285200.0,<1H OCEAN
13784,households,True,True,5.644976510067114,-120.76,35.52,7.0,9613.0,1666.0,4487.0,1653.0,3.6667,250600.0,<1H OCEAN
13787,households,True,True,6.346637583892617,-118.18,33.97,26.0,6895.0,1877.0,8551.0,1808.0,2.3175,154500.0,<1H OCEAN
13799,households,True,True,3.725593959731544,-121.35,38.68,20.0,7085.0,1222.0,3455.0,1229.0,4.3118,120000.0,INLAND
13823,households,True,True,4.866359060402685,-118.01,34.07,24.0,5684.0,1485.0,6626.0,1481.0,2.2559,166800.0,INLAND
13825,households,True,True,5.509171140939597,-119.29,34.3,24.0,7637.0,1705.0,4647.0,1623.0,3.5385,186800.0,NEAR OCEAN
13871,households,True,True,5.061013422818792,-117.4,34.15,4.0,12156.0,1864.0,5020.0,1524.0,4.7909,149200.0,INLAND
13883,households,True,True,3.6033691275167787,-117.17,34.07,24.0,6573.0,1235.0,2904.0,1202.0,3.0651,108000.0,INLAND
13892,households,True,True,3.8342382550335574,-121.67,36.68,38.0,5561.0,1292.0,3523.0,1253.0,2.8289,168300.0,<1H OCEAN
13899,households,True,True,7.8404966442953015,-121.78,38.55,12.0,10509.0,2186.0,5633.0,2138.0,2.9605,204300.0,INLAND
13906,households,True,True,7.926506711409396,-120.67,35.62,6.0,12779.0,2441.0,6085.0,2157.0,3.8661,168100.0,<1H OCEAN
13922,households,True,True,6.509604026845638,-118.11,34.02,17.0,9559.0,1911.0,5279.0,1844.0,5.1515,318900.0,<1H OCEAN
13931,households,True,True,3.7934966442953018,-118.49,34.03,31.0,4949.0,1293.0,1985.0,1244.0,4.252,436700.0,<1H OCEAN
14004,households,True,True,6.378325503355705,-118.43,34.0,28.0,6128.0,1963.0,3586.0,1815.0,2.7058,310900.0,<1H OCEAN
14006,households,True,True,11.01381543624161,-118.38,33.99,21.0,11308.0,3039.0,5127.0,2839.0,4.6277,228300.0,<1H OCEAN
14011,households,True,False,3.155211409395973,-117.17,32.74,38.0,5054.0,1168.0,2366.0,1103.0,2.9422,289400.0,NEAR OCEAN
14021,households,True,True,6.0795536912751675,-121.97,37.31,21.0,7628.0,2166.0,3637.0,1749.0,3.6401,267500.0,<1H OCEAN
14023,households,True,True,3.725593959731544,-117.12,32.72,36.0,6096.0,1285.0,3093.0,1229.0,3.37,159100.0,NEAR OCEAN
14048,households,True,False,3.087308724832215,-123.22,39.28,16.0,5569.0,1106.0,3148.0,1088.0,3.1455,142900.0,<1H OCEAN
14057,households,True,True,5.1153355704697985,-122.35,37.58,30.0,5039.0,1564.0,2129.0,1536.0,3.3469,345000.0,NEAR OCEAN
14070,households,True,True,4.228073825503356,-116.53,33.84,28.0,8399.0,1839.0,3470.0,1340.0,2.5885,159000.0,INLAND
14076,households,True,False,3.3543926174496645,-122.15,37.46,30.0,4198.0,1244.0,2678.0,1147.0,3.6712,308600.0,NEAR BAY
14078,households,True,True,4.119429530201342,-117.01,32.66,11.0,9992.0,1368.0,4495.0,1316.0,6.9664,293900.0,NEAR OCEAN
14100,households,True,True,5.33715100671141,-118.44,34.0,22.0,5822.0,1707.0,3335.0,1585.0,3.1579,243100.0,<1H OCEAN
14137,households,True,True,3.770862416107382,-118.36,33.82,26.0,5166.0,1313.0,2738.0,1239.0,3.3565,360800.0,<1H OCEAN
14140,households,True,True,3.5762080536912753,-118.19,33.98,36.0,4179.0,,4582.0,1196.0,2.0087,172100.0,<1H OCEAN
14143,households,True,True,3.5943154362416108,-118.29,34.05,31.0,2818.0,1252.0,4126.0,1200.0,2.053,229200.0,<1H OCEAN
14148,households,True,False,3.4404026845637583,-122.59,38.12,25.0,7784.0,1145.0,3445.0,1166.0,6.0132,287900.0,<1H OCEAN
14160,households,True,True,3.906667785234899,-122.14,37.85,27.0,9147.0,1276.0,3371.0,1269.0,7.3267,389900.0,NEAR BAY
14187,households,True,True,3.6576912751677852,-117.78,33.89,7.0,9729.0,1210.0,4160.0,1214.0,8.9088,415300.0,<1H OCEAN
14199,households,True,True,4.440835570469798,-121.39,38.62,27.0,5693.0,1487.0,2334.0,1387.0,2.2844,170500.0,INLAND
14203,households,True,True,4.178278523489933,-122.02,37.37,8.0,5686.0,1489.0,3250.0,1329.0,4.2782,327700.0,<1H OCEAN
14274,households,True,True,3.7889697986577184,-118.4,33.86,18.0,5152.0,1365.0,2286.0,1243.0,5.1677,380800.0,<1H OCEAN
14275,households,True,False,3.318177852348993,-121.17,38.69,5.0,7138.0,1227.0,2623.0,1139.0,5.6902,243200.0,INLAND
14286,households,True,True,6.269681208053691,-117.25,34.15,22.0,7935.0,1976.0,4523.0,1791.0,2.1465,88800.0,INLAND
14296,households,True,False,3.281963087248322,-117.83,34.14,26.0,8254.0,1153.0,3460.0,1131.0,6.5253,349900.0,INLAND
14309,households,True,False,3.087308724832215,-122.7,38.39,16.0,4922.0,1211.0,2557.0,1088.0,2.0915,168100.0,<1H OCEAN
14365,households,True,True,10.52491610738255,-118.06,34.13,28.0,12139.0,2873.0,5359.0,2731.0,3.292,227300.0,INLAND
14384,households,True,True,5.196818791946309,-116.99,33.76,12.0,7626.0,1704.0,2823.0,1554.0,2.1722,69400.0,INLAND
14417,households,True,True,3.580734899328859,-117.35,33.17,16.0,4595.0,1341.0,2849.0,1197.0,2.478,185600.0,NEAR OCEAN
14421,households,True,True,4.237127516778523,-118.24,33.83,22.0,7368.0,1367.0,4721.0,1342.0,4.8438,213100.0,<1H OCEAN
14431,households,True,True,5.0429060402684565,-121.95,37.55,21.0,10687.0,1540.0,4552.0,1520.0,6.6478,333400.0,<1H OCEAN
10,median_income,True,True,6.425389793038569,-117.18,33.02,15.0,3540.0,453.0,1364.0,425.0,13.6623,500001.0,NEAR OCEAN
62,median_income,True,True,5.1178877234242695,-122.19,37.84,18.0,1617.0,210.0,533.0,194.0,11.6017,392600.0,NEAR BAY
72,median_income,True,True,4.279934101599247,-122.25,37.45,34.0,2999.0,365.0,927.0,369.0,10.2811,500001.0,NEAR OCEAN
73,median_income,True,True,3.8507414393226713,-118.57,34.27,20.0,7384.0,845.0,2795.0,872.0,9.6047,500001.0,<1H OCEAN
129,median_income,True,False,3.419899012229539,-117.81,33.81,19.0,3154.0,390.0,1404.0,384.0,8.9257,431800.0,<1H OCEAN
136,median_income,True,True,3.8492185794920033,-117.06,32.79,21.0,3787.0,492.0,1246.0,457.0,9.6023,391300.0,<1H OCEAN
200,median_income,True,True,4.386978457196613,-117.76,33.72,11.0,4508.0,618.0,1993.0,573.0,10.4498,386100.0,<1H OCEAN
227,median_income,True,True,4.593389416745061,-117.25,32.84,19.0,1759.0,214.0,659.0,195.0,10.7751,500001.0,NEAR OCEAN
276,median_income,True,True,5.867007855126998,-118.42,34.13,38.0,3830.0,518.0,1292.0,516.0,12.7823,500001.0,<1H OCEAN
325,median_income,True,True,5.236988052681091,-118.17,34.14,45.0,2257.0,285.0,759.0,305.0,11.7894,500001.0,<1H OCEAN
393,median_income,True,True,6.238014581373472,-122.18,37.47,37.0,2848.0,328.0,852.0,327.0,13.367,500001.0,NEAR BAY
412,median_income,True,True,4.149793038570085,-118.66,34.1,12.0,2560.0,365.0,907.0,366.0,10.076,500001.0,NEAR OCEAN
423,median_income,True,False,2.9825209783631226,-122.5,37.51,11.0,749.0,137.0,355.0,124.0,8.2364,371800.0,NEAR OCEAN
438,median_income,True,True,5.934013687676387,-118.51,34.14,28.0,6748.0,904.0,2431.0,876.0,12.8879,500001.0,<1H OCEAN
439,median_income,True,True,7.274257243650046,-118.1,34.13,47.0,2234.0,276.0,749.0,260.0,15.0001,500001.0,<1H OCEAN
485,median_income,True,True,4.131518720602069,-118.69,34.18,11.0,1177.0,138.0,415.0,119.0,10.0472,500001.0,<1H OCEAN
509,median_income,True,False,3.175606914393226,-118.07,33.81,22.0,2711.0,352.0,1305.0,368.0,8.5407,398800.0,<1H OCEAN
530,median_income,True,False,2.9270000470366884,-122.18,37.89,18.0,4845.0,735.0,1634.0,734.0,8.1489,499000.0,NEAR BAY
534,median_income,True,False,3.107332031984948,-118.6,34.02,36.0,2043.0,467.0,606.0,326.0,8.4331,500001.0,NEAR OCEAN
581,median_income,True,True,3.6808791157102534,-118.45,34.06,52.0,204.0,34.0,1154.0,28.0,9.337,500001.0,<1H OCEAN
590,median_income,True,False,3.3699619002822194,-117.8,33.81,14.0,1206.0,142.0,572.0,149.0,8.847,388700.0,<1H OCEAN
647,median_income,True,True,3.963306161806208,-119.77,34.43,28.0,3318.0,441.0,1604.0,404.0,9.7821,500001.0,NEAR OCEAN
670,median_income,True,False,2.937660065851363,-118.26,34.18,32.0,14556.0,2077.0,5459.0,2017.0,8.1657,500001.0,<1H OCEAN
694,median_income,True,True,5.609644543744119,-118.42,34.12,27.0,2089.0,303.0,654.0,270.0,12.3767,500001.0,<1H OCEAN
702,median_income,True,True,4.535203480714958,-122.02,37.24,28.0,2796.0,365.0,1085.0,363.0,10.6834,500001.0,<1H OCEAN
745,median_income,True,True,3.9808825023518337,-118.03,34.16,39.0,2731.0,366.0,1034.0,338.0,9.8098,500001.0,INLAND
755,median_income,True,False,3.176749059266228,-121.98,37.24,35.0,3574.0,485.0,1325.0,476.0,8.5425,500001.0,<1H OCEAN
764,median_income,True,False,3.37941632173095,-118.55,34.04,41.0,1482.0,239.0,617.0,242.0,8.8619,500001.0,<1H OCEAN
798,median_income,True,False,2.9973688617121352,-122.34,37.57,52.0,2547.0,373.0,876.0,359.0,8.2598,500001.0,NEAR OCEAN
969,median_income,True,True,4.267433960489181,-118.86,34.16,16.0,1509.0,216.0,578.0,235.0,10.2614,410800.0,<1H OCEAN
974,median_income,True,False,3.2230693791157106,-122.0,37.36,17.0,2070.0,,797.0,275.0,8.6155,411200.0,<1H OCEAN
981,median_income,True,False,3.146736030103481,-118.02,33.8,16.0,2956.0,393.0,1379.0,429.0,8.4952,359600.0,<1H OCEAN
1008,median_income,True,False,3.384111806208843,-117.8,33.64,8.0,4447.0,713.0,1680.0,705.0,8.8693,450400.0,<1H OCEAN
1036,median_income,True,False,3.002127798682973,-122.03,37.87,21.0,3521.0,447.0,1396.0,467.0,8.2673,358700.0,NEAR BAY
1073,median_income,True,False,2.9000327375352777,-122.1,37.37,40.0,2224.0,354.0,929.0,345.0,8.1064,500001.0,NEAR BAY
1113,median_income,True,True,4.570927234242709,-118.13,34.12,46.0,3156.0,430.0,1109.0,423.0,10.7397,500001.0,<1H OCEAN
1211,median_income,True,False,3.0658975540921922,-122.12,37.91,34.0,5683.0,755.0,1962.0,723.0,8.3678,455300.0,NEAR BAY
1232,median_income,True,False,3.2448970366886174,-118.8,34.19,4.0,15572.0,2222.0,5495.0,2152.0,8.6499,500001.0,<1H OCEAN
1277,median_income,True,False,3.3474362652869236,-118.46,34.14,34.0,5264.0,771.0,1738.0,753.0,8.8115,500001.0,<1H OCEAN
1302,median_income,True,False,3.170403809971778,-119.09,35.35,14.0,2113.0,256.0,842.0,265.0,8.5325,224100.0,INLAND
1350,median_income,True,True,4.66026834430856,-118.54,34.28,10.0,7665.0,999.0,3517.0,998.0,10.8805,500001.0,<1H OCEAN
1363,median_income,True,True,6.518664957666979,-122.11,37.31,7.0,189.0,26.0,84.0,29.0,13.8093,500001.0,<1H OCEAN
1404,median_income,True,False,3.0891846190028223,-121.92,37.53,7.0,28258.0,3864.0,12203.0,3701.0,8.4045,451100.0,<1H OCEAN
1463,median_income,True,True,4.22098673565381,-118.51,34.04,38.0,4715.0,691.0,1660.0,637.0,10.1882,500001.0,<1H OCEAN
1467,median_income,True,True,4.245225587958607,-121.98,38.32,45.0,19.0,5.0,7460.0,6.0,10.2264,137500.0,INLAND
1469,median_income,True,False,2.9029515522107245,-117.71,33.64,14.0,2945.0,356.0,1293.0,335.0,8.111,308900.0,<1H OCEAN
1484,median_income,True,False,3.0669762464722483,-118.21,34.22,37.0,2260.0,322.0,941.0,303.0,8.3695,500001.0,<1H OCEAN
1530,median_income,True,True,4.245225587958607,-121.28,38.63,36.0,120.0,16.0,30.0,14.0,10.2264,350000.0,INLAND
1557,median_income,True,False,3.0199579492003763,-118.43,34.13,37.0,4400.0,695.0,1521.0,666.0,8.2954,500001.0,<1H OCEAN
1564,median_income,True,False,3.1306825493885233,-121.36,38.58,25.0,3196.0,406.0,978.0,419.0,8.4699,344000.0,INLAND
1580,median_income,True,True,5.004688476011288,-118.54,34.06,21.0,3755.0,525.0,1493.0,526.0,11.4233,500001.0,<1H OCEAN
1594,median_income,True,True,4.473400752587017,-118.34,34.08,52.0,1421.0,163.0,495.0,167.0,10.586,500001.0,<1H OCEAN
1614,median_income,True,True,7.274257243650046,-118.37,34.1,37.0,407.0,67.0,100.0,47.0,15.0001,500001.0,<1H OCEAN
1656,median_income,True,True,4.329173236124176,-118.49,34.15,33.0,2829.0,360.0,1010.0,363.0,10.3587,500001.0,<1H OCEAN
1697,median_income,True,True,4.743962182502351,-117.77,33.76,19.0,3532.0,402.0,1200.0,426.0,11.0124,500001.0,<1H OCEAN
1712,median_income,True,False,3.4839860301034804,-119.61,34.43,16.0,2665.0,391.0,794.0,311.0,9.0267,500001.0,<1H OCEAN
1727,median_income,True,True,3.915399529633113,-117.92,34.07,38.0,175.0,22.0,129.0,20.0,9.7066,182500.0,<1H OCEAN
1749,median_income,True,True,7.274257243650046,-118.42,34.08,48.0,2413.0,261.0,770.0,248.0,15.0001,500001.0,<1H OCEAN
1810,median_income,True,False,2.8488265757290687,-118.49,34.04,48.0,2381.0,345.0,859.0,306.0,8.0257,500001.0,<1H OCEAN
1831,median_income,True,True,4.565343414863593,-122.47,37.73,52.0,2151.0,280.0,762.0,274.0,10.7309,500001.0,NEAR OCEAN
1876,median_income,True,True,5.0659835841956715,-118.01,33.69,3.0,945.0,115.0,337.0,123.0,11.5199,500001.0,<1H OCEAN
1878,median_income,True,True,4.807224317968014,-117.8,33.63,15.0,3236.0,451.0,1289.0,416.0,11.1121,493000.0,<1H OCEAN
1896,median_income,True,False,3.328654327375353,-118.43,33.96,20.0,1901.0,270.0,704.0,254.0,8.7819,500001.0,<1H OCEAN
1906,median_income,True,True,4.56642210724365,-122.06,37.3,11.0,5488.0,706.0,1947.0,641.0,10.7326,500001.0,<1H OCEAN
2008,median_income,True,False,2.9530790216368765,-121.89,37.23,20.0,7754.0,976.0,3094.0,941.0,8.19,361600.0,<1H OCEAN
2076,median_income,True,True,3.7014377234242706,-122.33,37.55,51.0,2565.0,332.0,870.0,309.0,9.3694,500001.0,NEAR OCEAN
2107,median_income,True,True,5.908886500470366,-118.4,34.04,42.0,1298.0,174.0,420.0,190.0,12.8483,500001.0,<1H OCEAN
2164,median_income,True,False,3.274338993414864,-122.21,37.43,33.0,1606.0,254.0,727.0,271.0,8.6963,500001.0,NEAR OCEAN
2228,median_income,True,False,2.859676952022577,-118.94,34.16,3.0,1170.0,148.0,493.0,142.0,8.0428,500001.0,<1H OCEAN
2252,median_income,True,True,3.718252634054562,-122.24,37.85,52.0,3726.0,474.0,1366.0,496.0,9.3959,500001.0,NEAR BAY
2254,median_income,True,False,2.930870649106302,-121.98,37.8,16.0,2498.0,330.0,1027.0,343.0,8.155,343700.0,<1H OCEAN
2260,median_income,True,True,4.207852069614298,-122.36,37.54,23.0,6184.0,747.0,2165.0,700.0,10.1675,500001.0,NEAR OCEAN
2266,median_income,True,False,2.9009210724364998,-122.02,37.35,26.0,2785.0,418.0,1221.0,422.0,8.1078,365700.0,<1H OCEAN
2269,median_income,True,True,3.5162833490122294,-121.95,37.81,5.0,7178.0,898.0,2823.0,907.0,9.0776,450400.0,<1H OCEAN
2299,median_income,True,True,3.8192690028222005,-122.64,37.96,29.0,377.0,58.0,151.0,67.0,9.5551,500001.0,NEAR OCEAN
2307,median_income,True,False,3.3697715428033863,-118.52,34.3,17.0,4542.0,621.0,2144.0,597.0,8.8467,450700.0,<1H OCEAN
2320,median_income,True,False,3.4497851364063963,-118.05,34.14,39.0,2125.0,295.0,862.0,303.0,8.9728,500001.0,INLAND
2338,median_income,True,False,2.931758984007525,-122.22,37.81,52.0,2927.0,402.0,1021.0,380.0,8.1564,390100.0,NEAR BAY
2348,median_income,True,False,2.983218955785513,-117.75,33.83,14.0,2452.0,296.0,954.0,275.0,8.2375,388300.0,<1H OCEAN
2360,median_income,True,True,3.5627305738476007,-122.13,37.44,43.0,3004.0,440.0,1088.0,427.0,9.1508,500001.0,NEAR BAY
2392,median_income,True,True,3.608226011288805,-118.46,34.07,42.0,2564.0,460.0,913.0,414.0,9.2225,500001.0,<1H OCEAN
2399,median_income,True,True,4.198714910630291,-117.62,33.64,2.0,7826.0,893.0,2985.0,790.0,10.1531,484100.0,<1H OCEAN
2409,median_income,True,False,2.9870261053621814,-118.16,34.14,27.0,1551.0,254.0,816.0,233.0,8.2435,500001.0,<1H OCEAN
2518,median_income,True,True,4.87473777046096,-118.32,34.07,52.0,2980.0,366.0,967.0,359.0,11.2185,500001.0,<1H OCEAN
2521,median_income,True,True,5.506724600188146,-122.04,37.29,19.0,3625.0,432.0,1252.0,409.0,12.2145,500001.0,<1H OCEAN
2547,median_income,True,True,3.9135594073377225,-121.96,37.76,8.0,3865.0,463.0,1548.0,432.0,9.7037,425100.0,<1H OCEAN
2548,median_income,True,False,2.8535220602069606,-122.02,37.26,34.0,1764.0,243.0,692.0,223.0,8.0331,500001.0,<1H OCEAN
2578,median_income,True,True,6.907374929444966,-122.35,37.56,52.0,1659.0,191.0,519.0,201.0,14.4219,500001.0,NEAR OCEAN
2594,median_income,True,True,4.00087003762935,-118.19,34.22,32.0,10626.0,1504.0,4353.0,1482.0,9.8413,500001.0,<1H OCEAN
2598,median_income,True,False,2.906314534336783,-122.01,37.92,16.0,2638.0,345.0,1055.0,334.0,8.1163,365800.0,NEAR BAY
2603,median_income,True,True,4.042621777986829,-117.93,33.9,30.0,2629.0,331.0,956.0,319.0,9.9071,500001.0,<1H OCEAN
2628,median_income,True,False,3.189185747883348,-117.99,33.89,23.0,2111.0,306.0,979.0,288.0,8.5621,347800.0,<1H OCEAN
2634,median_income,True,False,3.1165326434618996,-118.85,34.04,21.0,3837.0,578.0,1509.0,509.0,8.4476,500001.0,NEAR OCEAN
2657,median_income,True,True,3.995032408278457,-117.73,33.49,17.0,2168.0,290.0,654.0,279.0,9.8321,500001.0,<1H OCEAN
2663,median_income,True,True,5.777793650047037,-122.34,37.56,39.0,3562.0,391.0,1139.0,391.0,12.6417,500001.0,NEAR OCEAN
2699,median_income,True,False,3.0015567262464726,-122.14,37.43,52.0,1944.0,308.0,696.0,293.0,8.2664,500001.0,NEAR BAY
2789,median_income,True,False,3.313489181561617,-122.06,37.35,30.0,2040.0,294.0,787.0,278.0,8.758,500001.0,<1H OCEAN
2872,median_income,True,True,7.274257243650046,-117.87,33.62,15.0,2209.0,275.0,735.0,274.0,15.0001,500001.0,<1H OCEAN
2895,median_income,True,True,4.717312135465662,-117.53,33.69,6.0,454.0,102.0,213.0,43.0,10.9704,483300.0,<1H OCEAN
2920,median_income,True,False,3.2256709313264342,-122.12,37.29,11.0,436.0,70.0,212.0,75.0,8.6196,500001.0,<1H OCEAN
3085,median_income,True,True,4.2444641580432725,-117.97,33.89,14.0,923.0,136.0,420.0,130.0,10.2252,462800.0,<1H OCEAN
3089,median_income,True,False,3.076113405456256,-118.5,34.04,52.0,2233.0,317.0,769.0,277.0,8.3839,500001.0,<1H OCEAN
3103,median_income,True,True,4.3883109595484475,-118.4,34.05,43.0,1028.0,145.0,394.0,149.0,10.4519,500001.0,<1H OCEAN
3206,median_income,True,True,4.352396848541862,-117.69,33.58,8.0,2887.0,351.0,1176.0,351.0,10.3953,500001.0,<1H OCEAN
3224,median_income,True,False,3.0237650987770452,-122.22,37.86,21.0,7099.0,1106.0,2401.0,1138.0,8.3014,358500.0,NEAR BAY
3259,median_income,True,False,3.0388667920978367,-122.23,37.88,41.0,880.0,129.0,322.0,126.0,8.3252,452600.0,NEAR BAY
3279,median_income,True,True,5.159766368767638,-118.32,33.75,37.0,1080.0,135.0,366.0,142.0,11.6677,500001.0,NEAR OCEAN
3468,median_income,True,False,2.9307437441204134,-117.19,32.75,52.0,1495.0,230.0,459.0,190.0,8.1548,500001.0,NEAR OCEAN
3506,median_income,True,True,4.403603010348071,-122.15,37.41,15.0,2577.0,360.0,979.0,364.0,10.476,500001.0,NEAR BAY
3557,median_income,True,False,2.9613278457196603,-118.55,34.26,21.0,4018.0,536.0,1508.0,529.0,8.203,445400.0,<1H OCEAN
3609,median_income,True,True,7.274257243650046,-118.34,33.76,34.0,5586.0,674.0,1871.0,636.0,15.0001,500001.0,NEAR OCEAN
3616,median_income,True,True,7.274257243650046,-118.5,34.05,36.0,4152.0,542.0,1461.0,550.0,15.0001,500001.0,<1H OCEAN
3635,median_income,True,True,4.614392191909689,-118.52,34.04,42.0,993.0,130.0,368.0,134.0,10.8082,500001.0,<1H OCEAN
3718,median_income,True,False,3.314948588899342,-117.75,33.72,10.0,2464.0,347.0,1241.0,366.0,8.7603,362500.0,<1H OCEAN
3766,median_income,True,True,7.274257243650046,-118.33,34.06,52.0,1841.0,240.0,693.0,218.0,15.0001,500001.0,<1H OCEAN
3797,median_income,True,True,3.8419215428033864,-121.98,37.14,37.0,74.0,19.0,63.0,17.0,9.5908,350000.0,<1H OCEAN
3812,median_income,True,False,3.380495014111006,-117.68,33.59,12.0,3473.0,466.0,1569.0,450.0,8.8636,314000.0,<1H OCEAN
3850,median_income,True,True,3.8365280809031037,-118.24,34.16,52.0,2187.0,284.0,733.0,274.0,9.5823,406200.0,<1H OCEAN
3902,median_income,True,False,2.951302351834431,-122.23,37.82,52.0,3051.0,381.0,1005.0,369.0,8.1872,466100.0,NEAR BAY
3909,median_income,True,True,6.197785700846659,-118.49,34.04,50.0,2597.0,340.0,964.0,339.0,13.3036,500001.0,<1H OCEAN
3931,median_income,True,False,3.1472436500470367,-117.26,32.82,34.0,5846.0,785.0,1817.0,747.0,8.496,500001.0,NEAR OCEAN
3978,median_income,True,False,3.0614558795860765,-119.78,36.86,10.0,2902.0,363.0,1200.0,363.0,8.3608,187300.0,INLAND
3983,median_income,True,True,3.6364623706491055,-118.32,33.75,33.0,2996.0,398.0,1048.0,387.0,9.267,500001.0,NEAR OCEAN
4005,median_income,True,True,3.614698165569143,-117.81,33.88,19.0,2265.0,283.0,904.0,279.0,9.2327,461300.0,<1H OCEAN
4027,median_income,True,True,4.455316792097835,-118.4,34.13,32.0,8262.0,1156.0,2712.0,1125.0,10.5575,500001.0,<1H OCEAN
4049,median_income,True,False,3.0762403104421447,-118.52,34.23,35.0,1471.0,210.0,735.0,219.0,8.3841,472200.0,<1H OCEAN
4058,median_income,True,True,4.706207949200376,-117.25,32.83,17.0,2075.0,262.0,704.0,241.0,10.9529,500001.0,NEAR OCEAN
4064,median_income,True,False,2.857265757290686,-122.1,37.93,20.0,10212.0,1424.0,4083.0,1374.0,8.039,382200.0,NEAR BAY
4129,median_income,True,True,4.337168250235183,-122.13,37.87,18.0,1820.0,220.0,728.0,229.0,10.3713,426100.0,NEAR BAY
4189,median_income,True,True,7.274257243650046,-118.04,34.13,35.0,249.0,31.0,268.0,29.0,15.0001,500001.0,INLAND
4212,median_income,True,False,3.3904570555032927,-122.23,37.81,52.0,2315.0,292.0,861.0,258.0,8.8793,410300.0,NEAR BAY
4223,median_income,True,False,3.1320785042333013,-117.04,33.01,28.0,922.0,107.0,314.0,97.0,8.4721,342300.0,<1H OCEAN
4310,median_income,True,True,4.348653151458136,-122.12,37.4,32.0,3514.0,473.0,1583.0,480.0,10.3894,500001.0,NEAR BAY
4348,median_income,True,True,5.146695155221072,-118.1,34.12,50.0,1835.0,231.0,636.0,211.0,11.6471,500001.0,<1H OCEAN
4428,median_income,True,True,4.1938290686735655,-117.9,33.63,26.0,4486.0,554.0,1598.0,549.0,10.1454,500001.0,<1H OCEAN
4479,median_income,True,False,2.9596780809031045,-118.05,34.15,32.0,5131.0,665.0,1877.0,622.0,8.2004,500001.0,INLAND
4503,median_income,True,False,3.012153292568202,-118.42,33.75,22.0,17591.0,2604.0,6897.0,2492.0,8.2831,500001.0,NEAR OCEAN
4512,median_income,True,True,4.32993466603951,-118.48,34.14,31.0,9320.0,1143.0,2980.0,1109.0,10.3599,500001.0,<1H OCEAN
4541,median_income,True,True,4.031263781749765,-122.2,37.46,40.0,1723.0,208.0,976.0,209.0,9.8892,500001.0,NEAR OCEAN
4545,median_income,True,True,6.8274247883349,-122.46,37.79,52.0,899.0,96.0,304.0,110.0,14.2959,500001.0,NEAR BAY
4570,median_income,True,False,2.963485230479774,-118.37,33.79,36.0,1596.0,234.0,654.0,223.0,8.2064,500001.0,NEAR OCEAN
4649,median_income,True,False,2.880425917215428,-122.42,37.8,52.0,2852.0,581.0,838.0,510.0,8.0755,500001.0,NEAR BAY
4677,median_income,True,True,5.098153998118533,-122.47,37.87,36.0,4471.0,618.0,1315.0,582.0,11.5706,500001.0,NEAR BAY
4703,median_income,True,True,3.971872248353716,-117.94,33.9,27.0,2029.0,242.0,711.0,254.0,9.7956,500001.0,<1H OCEAN
4720,median_income,True,False,3.137218156161806,-118.22,34.23,34.0,3296.0,483.0,1268.0,478.0,8.4802,500001.0,<1H OCEAN
4773,median_income,True,True,4.7673126999059265,-122.16,37.42,34.0,4448.0,610.0,2571.0,581.0,11.0492,500001.0,NEAR OCEAN
4836,median_income,True,False,3.414505550329256,-122.12,37.39,34.0,3561.0,497.0,1336.0,501.0,8.9172,500001.0,NEAR BAY
4843,median_income,True,False,3.351433772342427,-122.01,37.27,27.0,3340.0,451.0,1220.0,447.0,8.8178,500001.0,<1H OCEAN
4872,median_income,True,False,2.9512388993414858,-121.75,37.35,18.0,1947.0,250.0,605.0,184.0,8.1871,500001.0,<1H OCEAN
4930,median_income,True,True,7.274257243650046,-122.22,37.44,32.0,4281.0,501.0,1318.0,484.0,15.0001,500001.0,NEAR OCEAN
4995,median_income,True,True,3.592299435559736,-121.86,37.21,23.0,2552.0,305.0,916.0,316.0,9.1974,500001.0,<1H OCEAN
5025,median_income,True,False,3.087344496707432,-121.39,38.57,33.0,2648.0,357.0,863.0,359.0,8.4016,338700.0,INLAND
5028,median_income,True,True,4.245225587958607,-118.22,34.06,52.0,48.0,6.0,41.0,10.0,10.2264,112500.0,<1H OCEAN
5030,median_income,True,True,6.321771872060207,-122.22,37.82,42.0,2991.0,335.0,1018.0,335.0,13.499,500001.0,NEAR BAY
5035,median_income,True,True,5.611992285983066,-122.23,37.82,52.0,3494.0,396.0,1192.0,383.0,12.3804,500001.0,NEAR BAY
5098,median_income,True,True,4.373526528692379,-122.35,37.57,52.0,2170.0,269.0,784.0,274.0,10.4286,500001.0,NEAR OCEAN
5101,median_income,True,False,3.2560646754468485,-121.9,37.44,9.0,957.0,139.0,532.0,142.0,8.6675,441000.0,<1H OCEAN
5117,median_income,True,True,4.478540404515521,-119.08,35.34,18.0,4070.0,512.0,1580.0,540.0,10.5941,245800.0,INLAND
5125,median_income,True,True,4.1633084195672625,-118.35,33.74,25.0,8272.0,1132.0,3392.0,1132.0,10.0973,500001.0,NEAR OCEAN
5131,median_income,True,True,3.9617198494825963,-122.21,37.43,20.0,975.0,134.0,324.0,146.0,9.7796,500001.0,NEAR OCEAN
5191,median_income,True,True,5.712056867356537,-117.44,33.96,29.0,124.0,22.0,50.0,18.0,12.5381,112500.0,INLAND
5243,median_income,True,True,6.1913769990592655,-118.49,34.11,27.0,6603.0,879.0,2336.0,868.0,13.2935,500001.0,<1H OCEAN
5274,median_income,True,True,3.923521448730009,-121.89,37.49,9.0,4909.0,577.0,1981.0,591.0,9.7194,500001.0,<1H OCEAN
5279,median_income,True,True,4.53736086547507,-122.29,37.41,30.0,6373.0,854.0,2149.0,798.0,10.6868,500001.0,NEAR OCEAN
5282,median_income,True,True,6.194613076199435,-122.2,37.35,17.0,3095.0,442.0,1173.0,424.0,13.2986,500001.0,NEAR BAY
5345,median_income,True,True,3.6483914393226713,-117.04,32.9,6.0,6525.0,826.0,3146.0,806.0,9.2858,436100.0,<1H OCEAN
5356,median_income,True,False,3.2151378174976477,-117.18,32.75,52.0,1504.0,208.0,518.0,196.0,8.603,459600.0,NEAR OCEAN
5487,median_income,True,True,5.349425870178739,-122.21,37.42,28.0,564.0,72.0,191.0,79.0,11.9666,500001.0,NEAR OCEAN
5505,median_income,True,False,3.3384894637817495,-117.82,33.68,4.0,1346.0,213.0,603.0,219.0,8.7974,360600.0,<1H OCEAN
5517,median_income,True,False,2.904347507055504,-118.23,34.18,45.0,2332.0,,943.0,339.0,8.1132,446600.0,<1H OCEAN
5529,median_income,True,False,3.1594899811853243,-118.48,34.07,40.0,3351.0,484.0,1564.0,523.0,8.5153,500001.0,<1H OCEAN
5545,median_income,True,False,2.9625334430856065,-122.19,37.83,28.0,1326.0,184.0,463.0,190.0,8.2049,335200.0,NEAR BAY
5547,median_income,True,False,2.8856290216368765,-122.01,37.3,25.0,4044.0,551.0,1699.0,533.0,8.0837,380600.0,<1H OCEAN
5579,median_income,True,True,4.380696660395108,-118.56,34.14,23.0,9657.0,1189.0,3585.0,1162.0,10.4399,500001.0,<1H OCEAN
5581,median_income,True,True,4.469149435559736,-122.06,37.27,16.0,1612.0,221.0,567.0,208.0,10.5793,500001.0,<1H OCEAN
5623,median_income,True,True,6.075385841956725,-117.89,33.89,17.0,1671.0,192.0,678.0,206.0,13.1107,467600.0,<1H OCEAN
5624,median_income,True,True,5.247521166509876,-122.13,37.37,30.0,2139.0,260.0,742.0,242.0,11.806,500001.0,NEAR BAY
5643,median_income,True,False,2.969513217309501,-118.54,34.3,22.0,4423.0,622.0,1995.0,582.0,8.2159,376200.0,<1H OCEAN
5654,median_income,True,True,4.282345296331138,-117.87,33.64,26.0,3521.0,455.0,1336.0,451.0,10.2849,500001.0,<1H OCEAN
5755,median_income,True,False,3.1979421919096898,-122.53,37.98,32.0,2390.0,336.0,810.0,354.0,8.5759,500001.0,NEAR BAY
5786,median_income,True,True,4.848278080903104,-118.41,34.04,52.0,2113.0,332.0,800.0,327.0,11.1768,500001.0,<1H OCEAN
5807,median_income,True,True,5.376202822201317,-118.48,33.96,16.0,895.0,181.0,237.0,149.0,12.0088,500001.0,<1H OCEAN
5821,median_income,True,True,4.313817732831609,-121.93,37.76,5.0,2255.0,269.0,876.0,258.0,10.3345,461400.0,<1H OCEAN
5867,median_income,True,True,5.714531514581372,-118.69,34.21,10.0,3663.0,409.0,1179.0,371.0,12.542,500001.0,<1H OCEAN
5923,median_income,True,False,3.471105174035747,-122.18,37.9,36.0,4760.0,610.0,1511.0,572.0,9.0064,500001.0,NEAR BAY
5996,median_income,True,False,3.249592521166509,-117.65,34.14,16.0,2196.0,287.0,949.0,289.0,8.6573,354000.0,INLAND
6036,median_income,True,True,4.270733490122295,-122.02,37.26,24.0,2411.0,299.0,847.0,299.0,10.2666,500001.0,<1H OCEAN
6089,median_income,True,True,3.801311947318908,-118.07,33.67,13.0,5126.0,711.0,2429.0,718.0,9.5268,437900.0,NEAR OCEAN
6120,median_income,True,True,3.5115878645343366,-118.18,34.17,43.0,4269.0,591.0,1467.0,582.0,9.0702,500001.0,<1H OCEAN
6223,median_income,True,False,3.0869637817497644,-122.2,37.83,26.0,1589.0,223.0,542.0,211.0,8.401,351200.0,NEAR BAY
6252,median_income,True,False,3.287600564440263,-118.48,34.16,32.0,2108.0,309.0,769.0,274.0,8.7172,500001.0,<1H OCEAN
6255,median_income,True,True,4.3540466133584195,-122.02,37.29,25.0,3845.0,492.0,1461.0,475.0,10.3979,500001.0,<1H OCEAN
6263,median_income,True,True,3.8199035277516464,-117.92,33.91,27.0,2558.0,310.0,891.0,316.0,9.5561,411800.0,<1H OCEAN
6367,median_income,True,True,4.892377563499529,-121.99,37.25,22.0,4240.0,532.0,1480.0,514.0,11.2463,500001.0,<1H OCEAN
6393,median_income,True,False,2.9806808560677323,-118.33,34.11,37.0,2330.0,434.0,846.0,457.0,8.2335,430200.0,<1H OCEAN
6400,median_income,True,False,3.300925587958608,-122.22,37.36,34.0,1559.0,243.0,600.0,242.0,8.7382,500001.0,NEAR OCEAN
6431,median_income,True,False,3.0612655221072433,-122.0,37.28,33.0,2170.0,311.0,854.0,303.0,8.3605,500001.0,<1H OCEAN
6432,median_income,True,False,3.242041674506115,-118.51,34.24,31.0,5297.0,664.0,1986.0,657.0,8.6454,483500.0,<1H OCEAN
6461,median_income,True,True,7.274257243650046,-122.14,37.5,46.0,30.0,4.0,13.0,5.0,15.0001,500001.0,NEAR BAY
6486,median_income,True,False,3.0987659454374414,-118.58,34.15,21.0,3856.0,547.0,1422.0,535.0,8.4196,450700.0,<1H OCEAN
6507,median_income,True,True,3.9966187206020694,-118.07,33.73,13.0,1822.0,313.0,643.0,303.0,9.8346,401700.0,NEAR OCEAN
6559,median_income,True,False,3.339568156161805,-117.13,32.63,10.0,7374.0,1157.0,1900.0,794.0,8.7991,478500.0,NEAR OCEAN
6564,median_income,True,False,2.8702735183443084,-121.87,37.22,17.0,2825.0,365.0,1052.0,345.0,8.0595,485000.0,<1H OCEAN
6663,median_income,True,True,3.605941721542803,-118.53,34.14,28.0,6920.0,906.0,2515.0,860.0,9.2189,500001.0,<1H OCEAN
6683,median_income,True,True,3.762986641580432,-118.47,34.06,45.0,3030.0,433.0,916.0,399.0,9.4664,500001.0,<1H OCEAN
6706,median_income,True,False,3.3296695672624645,-118.12,34.19,52.0,2405.0,299.0,970.0,319.0,8.7835,444100.0,INLAND
6716,median_income,True,True,7.274257243650046,-118.06,33.72,14.0,2665.0,331.0,964.0,319.0,15.0001,500001.0,NEAR OCEAN
6743,median_income,True,True,4.288627093132643,-116.26,33.65,3.0,7437.0,1222.0,574.0,302.0,10.2948,382400.0,INLAND
6772,median_income,True,True,3.783481796801505,-118.18,34.16,34.0,5012.0,746.0,1699.0,715.0,9.4987,500001.0,<1H OCEAN
6811,median_income,True,True,7.274257243650046,-122.44,37.79,52.0,1447.0,186.0,483.0,181.0,15.0001,500001.0,NEAR BAY
6818,median_income,True,True,4.520672859830668,-122.47,37.73,50.0,1653.0,252.0,641.0,224.0,10.6605,500001.0,NEAR OCEAN
6821,median_income,True,False,2.933789463781749,-118.4,33.89,36.0,2127.0,314.0,807.0,306.0,8.1596,500001.0,<1H OCEAN
6902,median_income,True,True,3.711019049858889,-117.79,33.75,26.0,2955.0,377.0,1074.0,373.0,9.3845,500001.0,<1H OCEAN
6909,median_income,True,True,3.7582911571025397,-122.17,37.46,47.0,2312.0,332.0,1044.0,282.0,9.459,500001.0,NEAR BAY
6942,median_income,True,True,3.511714769520225,-122.0,37.23,36.0,3191.0,430.0,1234.0,440.0,9.0704,500001.0,<1H OCEAN
6944,median_income,True,False,2.917799435559736,-118.44,34.5,5.0,1514.0,220.0,1355.0,215.0,8.1344,359000.0,INLAND
6953,median_income,True,True,7.274257243650046,-118.2,34.19,38.0,2176.0,266.0,798.0,243.0,15.0001,500001.0,<1H OCEAN
6987,median_income,True,True,5.394223330197554,-122.13,37.39,27.0,3385.0,427.0,1248.0,409.0,12.0372,500001.0,NEAR BAY
6992,median_income,True,False,3.0759865004703664,-121.84,37.18,6.0,9176.0,1201.0,3637.0,1138.0,8.3837,473400.0,<1H OCEAN
7026,median_income,True,True,4.312802492944496,-122.11,37.37,22.0,1477.0,195.0,520.0,187.0,10.3329,500001.0,NEAR BAY
7065,median_income,True,True,5.642893650047036,-122.37,37.58,34.0,2697.0,313.0,810.0,279.0,12.4291,500001.0,NEAR OCEAN
7167,median_income,True,False,3.2893772342427092,-118.18,34.2,44.0,1473.0,250.0,668.0,239.0,8.72,415900.0,<1H OCEAN
7171,median_income,True,False,3.081506867356538,-122.1,37.37,37.0,2511.0,354.0,945.0,348.0,8.3924,500001.0,NEAR BAY
7210,median_income,True,True,6.300832549388522,-117.79,33.75,26.0,2893.0,345.0,983.0,326.0,13.466,500001.0,<1H OCEAN
7224,median_income,True,True,4.1839939322671675,-117.82,33.84,25.0,1788.0,203.0,676.0,217.0,10.1299,454300.0,<1H OCEAN
7240,median_income,True,False,2.929601599247413,-118.47,34.14,36.0,2873.0,420.0,850.0,379.0,8.153,500001.0,<1H OCEAN
7254,median_income,True,False,2.91856086547507,-118.55,34.27,25.0,4919.0,661.0,2183.0,625.0,8.1356,352800.0,<1H OCEAN
7267,median_income,True,True,4.202902775164628,-118.83,34.14,16.0,1316.0,194.0,450.0,173.0,10.1597,500001.0,NEAR OCEAN
7278,median_income,True,True,4.321558936970837,-118.43,34.07,34.0,3203.0,483.0,949.0,439.0,10.3467,500001.0,<1H OCEAN
7289,median_income,True,False,3.4909023518344298,-119.32,36.33,20.0,1896.0,266.0,674.0,277.0,9.0376,239100.0,INLAND
7336,median_income,True,True,4.591485841956726,-117.26,32.83,24.0,1663.0,199.0,578.0,187.0,10.7721,500001.0,NEAR OCEAN
7339,median_income,True,False,3.0469887111947314,-121.5,38.54,52.0,1145.0,133.0,334.0,138.0,8.338,405800.0,INLAND
7340,median_income,True,True,4.687679821260583,-118.43,34.14,44.0,1693.0,239.0,498.0,216.0,10.9237,500001.0,<1H OCEAN
7348,median_income,True,True,4.569340921919096,-122.0,37.86,18.0,8953.0,1074.0,3011.0,993.0,10.7372,500001.0,<1H OCEAN
7370,median_income,True,True,3.517806208842897,-121.87,37.21,18.0,1080.0,122.0,382.0,121.0,9.08,500001.0,<1H OCEAN
7373,median_income,True,True,6.314982455315145,-121.97,37.87,4.0,1029.0,126.0,416.0,122.0,13.4883,500001.0,INLAND
7390,median_income,True,False,3.1910258701787386,-118.54,34.05,33.0,6778.0,1092.0,2540.0,1052.0,8.565,500001.0,<1H OCEAN
7450,median_income,True,True,7.274193791157101,-121.98,37.25,19.0,755.0,93.0,267.0,99.0,15.0,500001.0,<1H OCEAN
7467,median_income,True,True,4.219210065851363,-121.77,36.53,18.0,2321.0,358.0,803.0,341.0,10.1854,426000.0,<1H OCEAN
7485,median_income,True,True,5.183116886171212,-118.51,34.04,40.0,1382.0,167.0,483.0,178.0,11.7045,500001.0,<1H OCEAN
7545,median_income,True,True,4.427841862652869,-122.08,37.34,23.0,2597.0,335.0,922.0,338.0,10.5142,500001.0,<1H OCEAN
7594,median_income,True,False,3.0860754468485414,-121.94,37.56,15.0,5674.0,748.0,2412.0,714.0,8.3996,442900.0,<1H OCEAN
7597,median_income,True,True,4.13208979303857,-122.2,37.4,30.0,2612.0,338.0,980.0,324.0,10.0481,500001.0,NEAR OCEAN
7645,median_income,True,False,2.8932433207902166,-118.42,33.78,36.0,2093.0,303.0,802.0,300.0,8.0957,500001.0,NEAR OCEAN
7688,median_income,True,True,3.663239322671684,-118.38,34.1,39.0,3798.0,586.0,975.0,525.0,9.3092,500001.0,<1H OCEAN
7723,median_income,True,True,5.651650094073377,-117.25,32.86,30.0,1670.0,219.0,606.0,202.0,12.4429,500001.0,NEAR OCEAN
7731,median_income,True,True,7.274257243650046,-117.85,33.62,13.0,5192.0,658.0,1865.0,662.0,15.0001,500001.0,<1H OCEAN
7757,median_income,True,False,2.8960352304797734,-117.93,33.67,27.0,3512.0,472.0,1391.0,481.0,8.1001,336500.0,<1H OCEAN
7793,median_income,True,True,4.658872389463781,-122.44,37.79,52.0,1335.0,151.0,402.0,157.0,10.8783,500001.0,NEAR BAY
7806,median_income,True,True,3.639634995296331,-118.4,34.04,40.0,2079.0,268.0,720.0,282.0,9.272,500001.0,<1H OCEAN
7810,median_income,True,True,4.11825714957667,-119.11,35.42,52.0,154.0,,37.0,16.0,10.0263,200000.0,INLAND
7865,median_income,True,True,4.139640639698965,-118.41,33.77,22.0,7554.0,991.0,2808.0,946.0,10.06,500001.0,NEAR OCEAN
7911,median_income,True,True,3.564824506114769,-118.0,33.96,37.0,2414.0,323.0,878.0,305.0,9.1541,453800.0,<1H OCEAN
7921,median_income,True,True,4.649417968015051,-117.19,34.03,20.0,856.0,124.0,395.0,145.0,10.8634,381800.0,INLAND
7949,median_income,True,True,4.657286077140168,-122.21,37.46,48.0,2560.0,322.0,921.0,301.0,10.8758,500001.0,NEAR OCEAN
7970,median_income,True,False,2.9455916274694265,-118.34,33.78,25.0,11016.0,1626.0,4168.0,1584.0,8.1782,500001.0,NEAR OCEAN
7985,median_income,True,True,3.9879891815616175,-118.38,33.77,21.0,11353.0,1537.0,4649.0,1504.0,9.821,500001.0,NEAR OCEAN
7988,median_income,True,True,4.612044449670743,-118.42,34.06,44.0,533.0,90.0,291.0,97.0,10.8045,500001.0,<1H OCEAN
8017,median_income,True,False,2.8609460018814676,-122.12,37.88,35.0,2785.0,362.0,1001.0,363.0,8.0448,433300.0,NEAR BAY
8024,median_income,True,True,5.091999106302916,-118.11,34.12,52.0,2954.0,371.0,1152.0,347.0,11.5609,500001.0,<1H OCEAN
8035,median_income,True,True,4.2485885700846655,-118.12,34.11,52.0,2787.0,353.0,1057.0,364.0,10.2317,500001.0,<1H OCEAN
8037,median_income,True,False,3.439823095014111,-122.18,37.86,33.0,4449.0,636.0,1684.0,617.0,8.9571,399700.0,NEAR BAY
8084,median_income,True,False,2.9898814675446843,-122.06,37.33,29.0,1945.0,269.0,826.0,275.0,8.248,498800.0,<1H OCEAN
8117,median_income,True,True,4.119653104421448,-118.4,34.41,22.0,4443.0,560.0,1573.0,496.0,10.0285,500001.0,<1H OCEAN
8138,median_income,True,False,2.9412768579492004,-118.56,34.24,23.0,2980.0,362.0,1208.0,378.0,8.1714,500001.0,<1H OCEAN
8148,median_income,True,False,3.015896989651928,-117.95,33.67,25.0,1799.0,233.0,810.0,265.0,8.289,372400.0,<1H OCEAN
8194,median_income,True,False,2.9617720131702723,-118.39,33.9,7.0,4314.0,725.0,1699.0,718.0,8.2037,500001.0,<1H OCEAN
8225,median_income,True,False,3.249529068673565,-121.35,38.58,20.0,2992.0,378.0,1105.0,368.0,8.6572,320200.0,INLAND
8234,median_income,True,False,3.063105644402634,-117.76,33.71,14.0,4321.0,582.0,2025.0,578.0,8.3634,355100.0,<1H OCEAN
8278,median_income,True,False,3.3018773753527744,-118.09,33.71,19.0,1397.0,271.0,491.0,197.0,8.7397,500001.0,NEAR OCEAN
8287,median_income,True,True,4.165465804327375,-122.07,37.34,30.0,1851.0,238.0,631.0,236.0,10.1007,500001.0,<1H OCEAN
8385,median_income,True,True,3.682719238005644,-118.4,33.88,36.0,1543.0,214.0,474.0,187.0,9.3399,500001.0,<1H OCEAN
8397,median_income,True,True,4.560774835371589,-122.18,37.41,21.0,1034.0,117.0,323.0,117.0,10.7237,500001.0,NEAR OCEAN
8421,median_income,True,True,4.390214534336782,-122.12,37.94,22.0,4949.0,626.0,1850.0,590.0,10.4549,500001.0,NEAR BAY
8437,median_income,True,True,3.98380131702728,-122.07,37.35,35.0,1447.0,205.0,619.0,206.0,9.8144,500001.0,<1H OCEAN
8475,median_income,True,False,3.0747809031044215,-117.83,33.83,13.0,3759.0,489.0,1496.0,499.0,8.3818,377600.0,<1H OCEAN
8562,median_income,True,True,4.113434760112889,-121.95,37.21,20.0,2345.0,322.0,890.0,276.0,10.0187,500001.0,<1H OCEAN
8568,median_income,True,True,6.6060390404515505,-118.51,34.11,29.0,9013.0,1117.0,2919.0,1061.0,13.947,500001.0,<1H OCEAN
8584,median_income,True,True,4.49954317968015,-122.56,37.94,36.0,2023.0,242.0,653.0,241.0,10.6272,500001.0,NEAR BAY
8585,median_income,True,True,4.150110301034807,-117.59,33.61,3.0,2993.0,429.0,991.0,390.0,10.0765,378200.0,<1H OCEAN
8605,median_income,True,True,7.274257243650046,-118.41,34.07,52.0,3562.0,394.0,1163.0,361.0,15.0001,500001.0,<1H OCEAN
8606,median_income,True,True,4.3729554562558794,-122.14,37.38,26.0,2859.0,343.0,951.0,336.0,10.4277,500001.0,NEAR BAY
8622,median_income,True,True,7.274257243650046,-118.39,34.08,52.0,3759.0,464.0,1407.0,422.0,15.0001,500001.0,<1H OCEAN
8646,median_income,True,False,3.3081591721542796,-117.8,33.77,29.0,5436.0,707.0,2046.0,685.0,8.7496,349500.0,<1H OCEAN
8667,median_income,True,True,6.368599811853246,-118.49,34.07,36.0,2929.0,366.0,1054.0,352.0,13.5728,500001.0,<1H OCEAN
8668,median_income,True,False,3.4999760583254935,-117.84,33.6,21.0,4281.0,582.0,1443.0,576.0,9.0519,500001.0,<1H OCEAN
8674,median_income,True,True,4.807033960489181,-117.23,33.01,18.0,3961.0,511.0,1541.0,470.0,11.1118,500001.0,NEAR OCEAN
8686,median_income,True,False,3.3016870178739413,-119.68,34.44,23.0,2600.0,398.0,917.0,374.0,8.7394,500001.0,<1H OCEAN
8701,median_income,True,False,3.142294355597366,-121.16,38.75,27.0,771.0,108.0,315.0,111.0,8.4882,276600.0,INLAND
8735,median_income,True,True,5.833568391345248,-118.43,34.11,27.0,10806.0,1440.0,3511.0,1352.0,12.7296,500001.0,<1H OCEAN
8765,median_income,True,True,3.7103210724365,-121.93,37.22,21.0,4872.0,594.0,1811.0,560.0,9.3834,500001.0,<1H OCEAN
8798,median_income,True,False,3.1704672624647228,-117.36,33.92,7.0,9376.0,1181.0,3570.0,1107.0,8.5326,315200.0,INLAND
8831,median_income,True,False,3.00618875823142,-119.77,36.86,7.0,4139.0,544.0,1843.0,562.0,8.2737,193500.0,INLAND
8850,median_income,True,True,3.6128580432737527,-122.05,37.31,25.0,4111.0,538.0,1585.0,568.0,9.2298,500001.0,<1H OCEAN
8856,median_income,True,True,6.123609736594543,-122.11,37.36,34.0,1575.0,183.0,511.0,180.0,13.1867,500001.0,NEAR BAY
8896,median_income,True,True,4.868900141110066,-118.43,34.17,42.0,777.0,102.0,284.0,113.0,11.2093,500001.0,<1H OCEAN
8900,median_income,True,True,7.274257243650046,-122.22,37.4,32.0,2297.0,287.0,814.0,283.0,15.0001,500001.0,NEAR OCEAN
8912,median_income,True,True,7.274257243650046,-118.18,34.19,48.0,1371.0,,528.0,155.0,15.0001,500001.0,<1H OCEAN
8938,median_income,True,True,4.931147036688616,-117.31,32.82,42.0,2785.0,389.0,833.0,333.0,11.3074,500001.0,NEAR OCEAN
8942,median_income,True,False,3.353083537158983,-117.66,34.12,22.0,2272.0,278.0,933.0,305.0,8.8204,390500.0,INLAND
9140,median_income,True,True,3.5185676387582316,-118.41,33.89,35.0,1194.0,292.0,507.0,295.0,9.0812,500001.0,<1H OCEAN
9162,median_income,True,True,4.917948918156161,-118.57,34.09,14.0,7970.0,1142.0,2926.0,1096.0,11.2866,500001.0,<1H OCEAN
9185,median_income,True,True,5.5322325023518335,-122.49,37.85,38.0,240.0,29.0,63.0,34.0,12.2547,500001.0,NEAR BAY
9186,median_income,True,True,3.645345719661336,-122.08,37.36,31.0,2717.0,376.0,1001.0,381.0,9.281,500001.0,NEAR BAY
9281,median_income,True,True,4.834889604891814,-122.04,37.24,24.0,1521.0,209.0,539.0,192.0,11.1557,500001.0,<1H OCEAN
9409,median_income,True,False,3.1927390874882406,-118.37,34.13,28.0,4287.0,627.0,1498.0,615.0,8.5677,500001.0,<1H OCEAN
9416,median_income,True,True,6.100259219190969,-121.91,37.81,7.0,3477.0,416.0,1216.0,395.0,13.1499,500001.0,INLAND
9434,median_income,True,False,3.4936942615239883,-118.35,34.15,52.0,1680.0,238.0,493.0,211.0,9.042,500001.0,<1H OCEAN
9504,median_income,True,True,4.0341191439322674,-122.03,37.28,29.0,3752.0,468.0,1320.0,471.0,9.8937,500001.0,<1H OCEAN
9528,median_income,True,False,3.2949610536218246,-118.83,34.23,6.0,8803.0,1114.0,3385.0,1010.0,8.7288,425800.0,<1H OCEAN
9597,median_income,True,False,3.0008587488240823,-117.76,33.79,4.0,8974.0,1268.0,3754.0,1241.0,8.2653,374000.0,<1H OCEAN
9611,median_income,True,True,4.704875446848541,-122.15,37.46,52.0,1803.0,257.0,683.0,259.0,10.9508,500001.0,NEAR BAY
9629,median_income,True,True,4.180757855126999,-117.87,34.06,25.0,3652.0,470.0,1525.0,484.0,10.1248,428500.0,<1H OCEAN
9650,median_income,True,True,3.7983296801505166,-118.48,34.05,48.0,3623.0,528.0,1282.0,516.0,9.5221,500001.0,<1H OCEAN
9689,median_income,True,True,4.953165051740357,-122.08,37.82,4.0,2045.0,237.0,830.0,252.0,11.3421,500001.0,NEAR BAY
9715,median_income,True,False,3.063867074317967,-122.59,38.04,25.0,3412.0,455.0,1238.0,406.0,8.3646,397300.0,NEAR BAY
9745,median_income,True,False,2.8565677798682976,-121.59,38.69,32.0,541.0,82.0,229.0,98.0,8.0379,383300.0,INLAND
9781,median_income,True,True,5.527854280338663,-121.96,37.85,10.0,3209.0,379.0,1199.0,392.0,12.2478,500001.0,INLAND
9798,median_income,True,True,4.245225587958607,-122.39,37.74,52.0,126.0,24.0,37.0,27.0,10.2264,225000.0,NEAR BAY
9844,median_income,True,False,3.1088548918156156,-117.21,32.96,3.0,6251.0,988.0,2330.0,893.0,8.4355,467600.0,NEAR OCEAN
9871,median_income,True,False,2.949525682031985,-117.23,32.81,22.0,3205.0,429.0,1083.0,410.0,8.1844,406300.0,NEAR OCEAN
9872,median_income,True,False,3.0934359360301027,-117.66,33.61,16.0,2022.0,254.0,789.0,270.0,8.4112,286900.0,<1H OCEAN
9877,median_income,True,False,3.1910258701787386,-118.56,34.25,31.0,1962.0,243.0,697.0,242.0,8.565,500001.0,<1H OCEAN
9887,median_income,True,False,3.12528908748824,-117.76,33.53,18.0,3224.0,561.0,1310.0,580.0,8.4614,391900.0,<1H OCEAN
9893,median_income,True,True,3.583416086547507,-122.57,37.96,52.0,3458.0,468.0,1449.0,471.0,9.1834,500001.0,NEAR BAY
9916,median_income,True,False,3.256191580432737,-118.02,33.98,23.0,1995.0,306.0,707.0,293.0,8.6677,332700.0,<1H OCEAN
9945,median_income,True,False,2.9079642991533396,-122.47,37.74,52.0,2055.0,265.0,735.0,252.0,8.1189,500001.0,NEAR BAY
9949,median_income,True,False,3.168436782690499,-122.1,37.36,35.0,2063.0,266.0,676.0,252.0,8.5294,500001.0,NEAR BAY
9975,median_income,True,False,3.4075892285983063,-118.94,34.24,5.0,10018.0,1233.0,4253.0,1120.0,8.9063,500001.0,<1H OCEAN
9980,median_income,True,False,3.082204844778927,-122.53,37.96,36.0,4385.0,620.0,1549.0,626.0,8.3935,470500.0,NEAR BAY
10006,median_income,True,False,2.9331549388523044,-122.16,37.86,36.0,3359.0,493.0,1298.0,483.0,8.1586,404300.0,NEAR BAY
10074,median_income,True,False,3.158411288805268,-118.36,34.12,26.0,3902.0,610.0,1468.0,632.0,8.5136,500001.0,<1H OCEAN
10145,median_income,True,False,2.903015004703669,-117.77,33.71,13.0,1939.0,247.0,928.0,244.0,8.1111,379800.0,<1H OCEAN
10174,median_income,True,True,7.274257243650046,-118.49,34.05,42.0,1918.0,216.0,632.0,224.0,15.0001,500001.0,<1H OCEAN
10217,median_income,True,True,4.3338687206020685,-118.34,34.08,52.0,1430.0,186.0,547.0,178.0,10.3661,500001.0,<1H OCEAN
10233,median_income,True,True,4.6065240827845715,-122.03,37.27,25.0,4460.0,553.0,1608.0,561.0,10.7958,500001.0,<1H OCEAN
10345,median_income,True,True,3.5103822671683913,-117.97,33.89,15.0,3801.0,542.0,1992.0,526.0,9.0683,367400.0,<1H OCEAN
10357,median_income,True,False,2.8507301505174034,-117.85,33.92,11.0,3331.0,410.0,1460.0,416.0,8.0287,371800.0,<1H OCEAN
10360,median_income,True,False,3.1162153809971778,-117.65,33.63,16.0,3388.0,425.0,1395.0,427.0,8.4471,351300.0,<1H OCEAN
10436,median_income,True,True,5.9897884289746,-118.4,33.78,24.0,4787.0,562.0,1653.0,548.0,12.9758,500001.0,NEAR OCEAN
10441,median_income,True,True,4.139323377234242,-118.9,34.19,26.0,1582.0,196.0,573.0,182.0,10.0595,500001.0,<1H OCEAN
10442,median_income,True,False,2.9082815616180624,-122.24,37.83,52.0,2449.0,312.0,916.0,316.0,8.1194,471600.0,NEAR BAY
10497,median_income,True,False,2.9586628410159923,-121.89,37.23,16.0,3574.0,466.0,1503.0,487.0,8.1988,355900.0,<1H OCEAN
10515,median_income,True,True,4.174793320790216,-118.05,33.65,5.0,7017.0,935.0,2427.0,867.0,10.1154,477700.0,NEAR OCEAN
10516,median_income,True,True,4.451255832549387,-118.59,34.14,19.0,1303.0,155.0,450.0,145.0,10.5511,483100.0,<1H OCEAN
10524,median_income,True,True,3.566601175917215,-122.01,37.28,22.0,2038.0,260.0,773.0,281.0,9.1569,500001.0,<1H OCEAN
10541,median_income,True,True,4.6113464722483535,-117.99,33.97,18.0,4078.0,484.0,1490.0,482.0,10.8034,500001.0,<1H OCEAN
10605,median_income,True,False,3.1144387111947314,-118.84,34.15,17.0,3785.0,494.0,1527.0,507.0,8.4443,358500.0,<1H OCEAN
10615,median_income,True,True,5.74511561618062,-122.14,37.43,52.0,1327.0,190.0,467.0,189.0,12.5902,500001.0,NEAR BAY
10649,median_income,True,True,4.873151458137346,-117.91,33.61,36.0,3082.0,455.0,771.0,365.0,11.216,500001.0,<1H OCEAN
10669,median_income,True,True,4.937619190968955,-122.21,37.38,28.0,4518.0,578.0,1489.0,559.0,11.3176,500001.0,NEAR OCEAN
10670,median_income,True,True,7.274257243650046,-122.36,37.56,32.0,4684.0,540.0,1512.0,511.0,15.0001,500001.0,NEAR OCEAN
10688,median_income,True,True,4.532792285983066,-118.49,34.14,28.0,3539.0,441.0,1190.0,421.0,10.6796,500001.0,<1H OCEAN
10714,median_income,True,True,3.988242991533396,-118.33,33.77,33.0,4244.0,595.0,1534.0,557.0,9.8214,500001.0,NEAR OCEAN
10716,median_income,True,True,3.9039146284101593,-119.79,34.4,20.0,3104.0,415.0,1061.0,380.0,9.6885,500001.0,NEAR OCEAN
10717,median_income,True,True,5.603489651928505,-122.08,37.34,28.0,1643.0,216.0,594.0,205.0,12.367,500001.0,<1H OCEAN
10804,median_income,True,False,3.131317074317968,-122.12,37.38,34.0,1443.0,218.0,504.0,200.0,8.4709,500001.0,NEAR BAY
10846,median_income,True,False,3.203208748824082,-118.37,34.11,42.0,5518.0,979.0,1863.0,957.0,8.5842,500001.0,<1H OCEAN
10944,median_income,True,False,3.2093001881467544,-118.4,34.04,43.0,3863.0,537.0,1398.0,511.0,8.5938,500001.0,<1H OCEAN
10948,median_income,True,False,3.3141871589840073,-117.7,33.5,4.0,7474.0,1037.0,2969.0,1007.0,8.7591,434700.0,<1H OCEAN
10976,median_income,True,False,2.8991444026340543,-117.85,34.08,23.0,1160.0,166.0,467.0,178.0,8.105,386200.0,<1H OCEAN
11053,median_income,True,True,4.514898682972718,-122.25,37.39,33.0,370.0,42.0,153.0,53.0,10.6514,500001.0,NEAR OCEAN
11101,median_income,True,False,3.218818062088429,-117.71,33.65,16.0,3774.0,456.0,1587.0,430.0,8.6088,307400.0,<1H OCEAN
11128,median_income,True,True,4.193384901222953,-118.37,33.77,26.0,6339.0,876.0,2540.0,880.0,10.1447,500001.0,NEAR OCEAN
11163,median_income,True,True,4.14960268109125,-117.81,33.66,16.0,1414.0,191.0,635.0,230.0,10.0757,383900.0,<1H OCEAN
11177,median_income,True,False,2.8822660395108186,-117.87,33.77,52.0,2512.0,356.0,978.0,365.0,8.0784,320300.0,<1H OCEAN
11200,median_income,True,True,7.274257243650046,-118.4,34.08,52.0,3815.0,439.0,1266.0,413.0,15.0001,500001.0,<1H OCEAN
11202,median_income,True,True,3.9793596425211657,-117.77,33.8,16.0,3973.0,483.0,1373.0,452.0,9.8074,417000.0,<1H OCEAN
11209,median_income,True,False,2.9347412511759163,-117.64,33.59,4.0,3274.0,383.0,1312.0,390.0,8.1611,348000.0,<1H OCEAN
11268,median_income,True,True,5.184068673565379,-118.12,34.13,52.0,2935.0,341.0,975.0,327.0,11.706,500001.0,<1H OCEAN
11310,median_income,True,False,3.419327939793038,-122.56,37.92,37.0,1926.0,290.0,721.0,298.0,8.9248,500001.0,NEAR BAY
11315,median_income,True,True,6.115424365004703,-117.9,33.61,19.0,2897.0,413.0,860.0,367.0,13.1738,500001.0,<1H OCEAN
11339,median_income,True,True,4.123523706491062,-122.07,37.36,28.0,4612.0,608.0,1686.0,567.0,10.0346,500001.0,<1H OCEAN
11408,median_income,True,False,3.0118994825964247,-117.87,34.15,24.0,5745.0,735.0,2061.0,679.0,8.2827,451400.0,INLAND
11428,median_income,True,True,4.159564722483537,-122.45,37.79,52.0,2196.0,280.0,668.0,291.0,10.0914,500001.0,NEAR BAY
11439,median_income,True,False,3.144705550329257,-121.96,37.22,35.0,4709.0,723.0,1866.0,694.0,8.492,500001.0,<1H OCEAN
11462,median_income,True,True,6.098863264346189,-117.71,33.51,11.0,2198.0,252.0,883.0,281.0,13.1477,487000.0,<1H OCEAN
11482,median_income,True,False,3.2845548447789277,-117.76,33.84,15.0,3764.0,510.0,1448.0,468.0,8.7124,410500.0,<1H OCEAN
11486,median_income,True,True,4.71007855126999,-122.46,37.74,52.0,2053.0,281.0,791.0,287.0,10.959,500001.0,NEAR BAY
11500,median_income,True,False,3.387220978363123,-117.88,33.6,31.0,5488.0,1055.0,1938.0,964.0,8.8742,500001.0,<1H OCEAN
11522,median_income,True,True,4.616232314205079,-117.81,33.82,22.0,2898.0,335.0,1057.0,324.0,10.8111,500001.0,<1H OCEAN
11563,median_income,True,True,4.019588523047976,-122.03,37.83,24.0,5948.0,738.0,1997.0,710.0,9.8708,500001.0,NEAR BAY
11573,median_income,True,False,3.3140602539981185,-122.16,37.89,32.0,1779.0,241.0,721.0,258.0,8.7589,434500.0,NEAR BAY
11610,median_income,True,True,4.1824710724365,-117.88,33.55,27.0,2278.0,316.0,772.0,304.0,10.1275,500001.0,<1H OCEAN
11612,median_income,True,True,3.9858952492944497,-118.06,33.72,22.0,4311.0,531.0,1426.0,533.0,9.8177,500001.0,NEAR OCEAN
11639,median_income,True,True,3.686843650047036,-122.02,37.28,25.0,3437.0,428.0,1198.0,411.0,9.3464,500001.0,<1H OCEAN
11653,median_income,True,True,4.55189148635936,-122.45,37.79,52.0,1457.0,215.0,495.0,208.0,10.7097,500001.0,NEAR BAY
11655,median_income,True,True,5.579504609595484,-121.81,37.38,29.0,570.0,76.0,244.0,72.0,12.3292,416700.0,<1H OCEAN
11693,median_income,True,False,3.213297695202257,-117.86,33.61,15.0,3191.0,482.0,930.0,447.0,8.6001,500001.0,<1H OCEAN
11715,median_income,True,False,3.015452822201316,-122.21,37.37,34.0,1476.0,217.0,613.0,223.0,8.2883,500001.0,NEAR OCEAN
11724,median_income,True,False,3.1427385230479765,-118.06,34.14,40.0,2662.0,379.0,1151.0,387.0,8.4889,500001.0,INLAND
11730,median_income,True,True,7.274257243650046,-122.21,37.46,40.0,1777.0,207.0,577.0,207.0,15.0001,500001.0,NEAR OCEAN
11746,median_income,True,False,3.4824631702728124,-121.99,37.92,14.0,1780.0,224.0,764.0,226.0,9.0243,427700.0,INLAND
11816,median_income,True,True,4.354300423330197,-117.73,33.49,31.0,5112.0,778.0,1530.0,648.0,10.3983,500001.0,<1H OCEAN
11881,median_income,True,False,2.8857559266227657,-121.99,37.83,16.0,2939.0,380.0,1177.0,396.0,8.0839,372000.0,<1H OCEAN
11883,median_income,True,True,5.458627610536218,-122.14,37.36,23.0,11294.0,1377.0,3840.0,1367.0,12.1387,500001.0,NEAR BAY
11903,median_income,True,True,3.5641899811853244,-121.77,37.74,25.0,494.0,81.0,254.0,85.0,9.1531,418800.0,INLAND
11912,median_income,True,True,3.910323330197554,-117.66,33.58,6.0,4186.0,,1794.0,541.0,9.6986,357600.0,<1H OCEAN
11915,median_income,True,False,3.1029538099717775,-121.89,37.21,14.0,5636.0,697.0,2281.0,680.0,8.4262,459200.0,<1H OCEAN
11982,median_income,True,False,3.0819510348071497,-117.79,33.84,9.0,10484.0,1603.0,4005.0,1419.0,8.3931,365300.0,<1H OCEAN
12057,median_income,True,True,7.274257243650046,-118.44,34.09,36.0,3129.0,392.0,862.0,334.0,15.0001,500001.0,<1H OCEAN
12138,median_income,True,True,4.814013734713076,-117.8,33.83,17.0,2971.0,350.0,1180.0,346.0,11.1228,500001.0,<1H OCEAN
12158,median_income,True,False,2.903395719661336,-117.77,33.88,8.0,4874.0,627.0,2070.0,619.0,8.1117,410200.0,<1H OCEAN
12159,median_income,True,False,2.916593838193791,-118.21,34.17,24.0,8590.0,1231.0,3401.0,1178.0,8.1325,472700.0,<1H OCEAN
12200,median_income,True,False,3.3362686265286925,-122.02,37.29,18.0,2550.0,312.0,999.0,320.0,8.7939,500001.0,<1H OCEAN
12206,median_income,True,True,4.148714346190028,-122.33,37.56,50.0,1975.0,245.0,644.0,251.0,10.0743,500001.0,NEAR OCEAN
12226,median_income,True,False,3.3183750235183442,-118.85,34.14,24.0,1999.0,244.0,759.0,247.0,8.7657,366300.0,<1H OCEAN
12298,median_income,True,False,2.909994778927563,-122.27,37.55,15.0,1958.0,282.0,811.0,284.0,8.1221,483300.0,NEAR BAY
12308,median_income,True,False,3.4315108184383822,-118.39,34.1,30.0,6310.0,957.0,1776.0,880.0,8.944,500001.0,<1H OCEAN
12312,median_income,True,True,4.729177751646284,-121.0,39.0,4.0,170.0,23.0,93.0,27.0,10.9891,312500.0,INLAND
12319,median_income,True,False,3.0442602539981185,-121.93,37.66,24.0,3166.0,424.0,1081.0,400.0,8.3337,500001.0,<1H OCEAN
12388,median_income,True,True,4.351698871119472,-122.15,37.46,39.0,906.0,109.0,353.0,112.0,10.3942,500001.0,NEAR BAY
12397,median_income,True,True,3.5817663217309494,-117.78,33.82,12.0,6208.0,750.0,2443.0,739.0,9.1808,413700.0,<1H OCEAN
12403,median_income,True,True,3.743443273753528,-117.43,33.55,8.0,446.0,62.0,188.0,68.0,9.4356,465600.0,<1H OCEAN
12427,median_income,True,True,4.412486359360301,-117.65,33.53,7.0,6814.0,785.0,2175.0,681.0,10.49,500001.0,<1H OCEAN
12446,median_income,True,True,4.744850517403574,-117.81,33.64,16.0,2404.0,349.0,868.0,329.0,11.0138,442100.0,<1H OCEAN
12475,median_income,True,True,7.274257243650046,-121.59,37.19,52.0,220.0,32.0,55.0,26.0,15.0001,131300.0,<1H OCEAN
12476,median_income,True,False,2.8984464252116644,-122.3,37.52,32.0,2297.0,347.0,871.0,342.0,8.1039,382200.0,NEAR OCEAN
12487,median_income,True,True,5.745940498588898,-121.92,37.74,8.0,452.0,51.0,140.0,43.0,12.5915,432400.0,<1H OCEAN
12501,median_income,True,False,2.921162417685794,-118.83,34.17,17.0,4668.0,628.0,1917.0,624.0,8.1397,353900.0,<1H OCEAN
12569,median_income,True,True,4.335201222953904,-117.92,33.61,37.0,1244.0,173.0,394.0,154.0,10.3682,500001.0,<1H OCEAN
12573,median_income,True,False,2.987089557855127,-122.18,37.44,44.0,2237.0,347.0,948.0,346.0,8.2436,500001.0,NEAR OCEAN
12581,median_income,True,True,4.704748541862652,-121.88,37.64,20.0,1309.0,184.0,514.0,172.0,10.9506,475800.0,INLAND
12671,median_income,True,True,4.445735465663217,-118.06,33.73,16.0,4392.0,602.0,1490.0,578.0,10.5424,500001.0,<1H OCEAN
12686,median_income,True,True,5.184322483537159,-122.08,37.84,17.0,1320.0,159.0,1722.0,141.0,11.7064,500001.0,NEAR BAY
12705,median_income,True,False,2.9763026340545617,-122.08,37.36,28.0,2181.0,284.0,728.0,238.0,8.2266,500001.0,NEAR BAY
12723,median_income,True,False,3.4460414393226717,-119.85,36.84,12.0,2272.0,304.0,840.0,305.0,8.9669,213900.0,INLAND
12758,median_income,True,False,3.1101239416745057,-122.19,37.42,47.0,932.0,167.0,295.0,116.0,8.4375,500001.0,NEAR OCEAN
12779,median_income,True,True,4.530952163687676,-118.11,34.12,48.0,2476.0,313.0,900.0,303.0,10.6767,500001.0,<1H OCEAN
12792,median_income,True,True,4.3294270460959545,-122.08,37.35,33.0,2398.0,317.0,832.0,314.0,10.3591,500001.0,NEAR BAY
12918,median_income,True,False,3.1303018344308557,-122.32,37.52,26.0,4042.0,591.0,1611.0,578.0,8.4693,419200.0,NEAR OCEAN
12958,median_income,True,True,4.294972342427093,-117.92,33.61,36.0,1025.0,150.0,316.0,126.0,10.3048,500001.0,<1H OCEAN
12979,median_income,True,False,3.020402116650987,-118.4,34.06,52.0,1871.0,326.0,646.0,284.0,8.2961,500001.0,<1H OCEAN
12986,median_income,True,False,3.258793132643461,-118.37,33.99,32.0,4018.0,564.0,1400.0,568.0,8.6718,439100.0,<1H OCEAN
12990,median_income,True,True,5.281975870178739,-122.22,37.82,39.0,2492.0,310.0,808.0,315.0,11.8603,500001.0,NEAR BAY
13038,median_income,True,True,4.213753151458137,-117.26,32.96,36.0,1721.0,264.0,710.0,282.0,10.1768,500001.0,NEAR OCEAN
13148,median_income,True,True,4.452842144873,-118.46,33.77,28.0,3065.0,406.0,1101.0,391.0,10.5536,500001.0,NEAR OCEAN
13166,median_income,True,False,3.2105057855127,-117.07,33.07,8.0,2756.0,343.0,1045.0,340.0,8.5957,444100.0,<1H OCEAN
13177,median_income,True,False,3.0403261994355595,-117.69,33.55,4.0,1764.0,220.0,705.0,224.0,8.3275,384200.0,<1H OCEAN
13223,median_income,True,True,5.639467215428033,-118.1,34.13,44.0,1917.0,265.0,754.0,257.0,12.4237,500001.0,<1H OCEAN
13237,median_income,True,True,4.247002257761053,-118.54,34.15,26.0,10111.0,1295.0,3599.0,1257.0,10.2292,500001.0,<1H OCEAN
13272,median_income,True,False,3.0090441204139227,-122.2,37.4,37.0,1296.0,194.0,540.0,192.0,8.2782,500001.0,NEAR OCEAN
13279,median_income,True,True,3.7539763875823136,-119.63,34.44,37.0,3188.0,442.0,984.0,376.0,9.4522,500001.0,<1H OCEAN
13290,median_income,True,False,3.0807454374412035,-118.66,34.18,25.0,6612.0,857.0,2519.0,843.0,8.3912,419000.0,<1H OCEAN
13291,median_income,True,False,2.8425447789275635,-122.07,37.33,13.0,2173.0,349.0,891.0,345.0,8.0158,420000.0,<1H OCEAN
13297,median_income,True,True,7.274257243650046,-122.2,37.44,31.0,2328.0,270.0,722.0,247.0,15.0001,500001.0,NEAR OCEAN
13300,median_income,True,False,3.0731311382878648,-121.84,37.21,15.0,5468.0,676.0,2221.0,675.0,8.3792,418300.0,<1H OCEAN
13354,median_income,True,True,5.926653198494825,-118.28,34.12,50.0,2384.0,312.0,836.0,337.0,12.8763,500001.0,<1H OCEAN
13411,median_income,True,False,2.8910224835371587,-121.69,36.52,15.0,4037.0,586.0,1596.0,557.0,8.0922,390100.0,<1H OCEAN
13422,median_income,True,False,3.20612756349953,-122.07,37.35,35.0,1579.0,210.0,570.0,196.0,8.5888,500001.0,<1H OCEAN
13436,median_income,True,True,4.549416839134524,-122.49,37.79,52.0,2488.0,281.0,805.0,295.0,10.7058,500001.0,NEAR BAY
13439,median_income,True,True,6.439285888993414,-118.52,34.04,43.0,2167.0,254.0,761.0,256.0,13.6842,500001.0,<1H OCEAN
13486,median_income,True,False,3.202447318908749,-117.71,33.49,5.0,1680.0,254.0,617.0,231.0,8.583,397700.0,<1H OCEAN
13529,median_income,True,False,3.2641865945437445,-117.1,33.07,16.0,2402.0,336.0,1080.0,365.0,8.6803,347300.0,<1H OCEAN
13595,median_income,True,True,3.6493432267168386,-118.49,34.29,26.0,4516.0,611.0,1714.0,581.0,9.2873,431800.0,<1H OCEAN
13653,median_income,True,False,3.301115945437441,-117.79,33.69,16.0,3067.0,396.0,1275.0,372.0,8.7385,340000.0,<1H OCEAN
13667,median_income,True,True,6.1922653339604885,-121.89,37.82,4.0,11444.0,1355.0,3898.0,1257.0,13.2949,500001.0,INLAND
13679,median_income,True,True,7.274257243650046,-122.27,37.43,33.0,1601.0,223.0,629.0,215.0,15.0001,500001.0,NEAR OCEAN
13686,median_income,True,True,4.770739134524929,-117.79,33.76,25.0,2037.0,252.0,796.0,249.0,11.0546,487200.0,<1H OCEAN
13709,median_income,True,False,2.9000327375352777,-118.85,34.14,16.0,4109.0,543.0,1409.0,560.0,8.1064,423400.0,<1H OCEAN
13715,median_income,True,True,3.952201975540921,-118.69,34.08,23.0,204.0,40.0,117.0,41.0,9.7646,500001.0,NEAR OCEAN
13722,median_income,True,True,4.408361947318908,-117.99,33.95,30.0,2217.0,284.0,851.0,291.0,10.4835,498600.0,<1H OCEAN
13794,median_income,True,True,6.253433537158982,-122.34,37.55,25.0,4470.0,518.0,1507.0,504.0,13.3913,500001.0,NEAR OCEAN
13805,median_income,True,True,4.605191580432737,-118.48,34.07,29.0,4767.0,777.0,1500.0,638.0,10.7937,500001.0,<1H OCEAN
13840,median_income,True,False,2.839689416745061,-122.18,38.29,18.0,1953.0,265.0,658.0,270.0,8.0113,393000.0,NEAR BAY
13851,median_income,True,False,2.8915301034807146,-116.98,32.77,29.0,3558.0,447.0,1097.0,445.0,8.093,379600.0,<1H OCEAN
13865,median_income,True,True,4.146430056444026,-117.24,32.85,22.0,3479.0,448.0,1252.0,440.0,10.0707,500001.0,NEAR OCEAN
13911,median_income,True,False,3.408858278457197,-122.27,37.54,15.0,2126.0,310.0,905.0,306.0,8.9083,500001.0,NEAR BAY
13971,median_income,True,True,3.6699652869238006,-122.19,37.44,38.0,3383.0,456.0,1203.0,465.0,9.3198,500001.0,NEAR OCEAN
14007,median_income,True,False,3.4641888523047975,-122.19,37.44,39.0,4402.0,618.0,1616.0,631.0,8.9955,500001.0,NEAR OCEAN
14026,median_income,True,True,3.9759332079021625,-117.87,33.62,8.0,1266.0,,375.0,183.0,9.802,500001.0,<1H OCEAN
14081,median_income,True,True,4.944408607714017,-122.08,37.24,21.0,427.0,63.0,182.0,70.0,11.3283,500001.0,<1H OCEAN
14085,median_income,True,True,7.274257243650046,-118.49,34.06,42.0,2861.0,360.0,829.0,310.0,15.0001,500001.0,<1H OCEAN
14125,median_income,True,True,3.8015023047977428,-122.0,37.84,16.0,7681.0,946.0,2777.0,908.0,9.5271,500001.0,<1H OCEAN
14170,median_income,True,False,2.864880056444026,-117.22,32.84,19.0,2691.0,347.0,1154.0,366.0,8.051,363600.0,NEAR OCEAN
14178,median_income,True,True,3.6050533866415795,-117.91,33.62,35.0,2426.0,359.0,937.0,387.0,9.2175,500001.0,<1H OCEAN
14187,median_income,True,False,3.409175540921918,-117.78,33.89,7.0,9729.0,1210.0,4160.0,1214.0,8.9088,415300.0,<1H OCEAN
14221,median_income,True,False,3.3789721542803384,-118.51,34.25,24.0,4338.0,558.0,1514.0,549.0,8.8612,500001.0,<1H OCEAN
14253,median_income,True,True,3.87726458137347,-118.65,34.21,5.0,5429.0,665.0,2315.0,687.0,9.6465,500001.0,<1H OCEAN
14260,median_income,True,True,4.71077652869238,-117.81,33.56,24.0,6258.0,1003.0,1730.0,752.0,10.9601,500001.0,<1H OCEAN
14281,median_income,True,True,5.429820178739416,-122.46,37.98,10.0,1325.0,189.0,427.0,162.0,12.0933,500001.0,NEAR BAY
14352,median_income,True,True,4.012037676387582,-117.82,33.64,18.0,1974.0,260.0,808.0,278.0,9.8589,500001.0,<1H OCEAN
14354,median_income,True,False,2.873065428033866,-117.27,32.83,35.0,1420.0,193.0,469.0,177.0,8.0639,500001.0,NEAR OCEAN
14373,median_income,True,False,2.983155503292567,-117.26,32.85,30.0,3652.0,499.0,978.0,462.0,8.2374,500001.0,NEAR OCEAN
14376,median_income,True,True,7.274257243650046,-118.42,34.08,46.0,1399.0,148.0,410.0,152.0,15.0001,500001.0,<1H OCEAN
14391,median_income,True,False,2.8390548918156164,-117.66,34.15,20.0,2524.0,311.0,965.0,285.0,8.0103,395500.0,INLAND
14426,median_income,True,True,4.723720837253056,-118.41,34.04,52.0,1907.0,261.0,681.0,249.0,10.9805,500001.0,<1H OCEAN
14438,median_income,True,False,3.279922812793979,-122.14,37.45,48.0,2074.0,297.0,700.0,279.0,8.7051,500001.0,NEAR BAY
0,median_house_value,True,False,3.170457041116006,-118.41,33.89,31.0,1428.0,320.0,677.0,331.0,7.2316,500001.0,<1H OCEAN
10,median_house_value,True,False,3.170457041116006,-117.18,33.02,15.0,3540.0,453.0,1364.0,425.0,13.6623,500001.0,NEAR OCEAN
26,median_house_value,True,False,3.170457041116006,-117.91,33.61,27.0,1797.0,343.0,435.0,203.0,5.9196,500001.0,<1H OCEAN
67,median_house_value,True,False,3.170457041116006,-122.47,37.79,52.0,437.0,105.0,194.0,87.0,2.8125,500001.0,NEAR BAY
72,median_house_value,True,False,3.170457041116006,-122.25,37.45,34.0,2999.0,365.0,927.0,369.0,10.2811,500001.0,NEAR OCEAN
73,median_house_value,True,False,3.170457041116006,-118.57,34.27,20.0,7384.0,845.0,2795.0,872.0,9.6047,500001.0,<1H OCEAN
178,median_house_value,True,False,3.170457041116006,-118.46,33.98,27.0,2217.0,520.0,806.0,458.0,3.8935,500001.0,<1H OCEAN
217,median_house_value,True,False,3.170457041116006,-118.38,33.81,39.0,2400.0,373.0,877.0,372.0,5.7361,500001.0,NEAR OCEAN
227,median_house_value,True,False,3.170457041116006,-117.25,32.84,19.0,1759.0,214.0,659.0,195.0,10.7751,500001.0,NEAR OCEAN
276,median_house_value,True,False,3.170457041116006,-118.42,34.13,38.0,3830.0,518.0,1292.0,516.0,12.7823,500001.0,<1H OCEAN
294,median_house_value,True,False,3.0832870778267254,-117.88,34.06,23.0,6689.0,1124.0,3081.0,1047.0,5.9254,491200.0,<1H OCEAN
295,median_house_value,True,False,3.170457041116006,-118.13,33.78,31.0,3039.0,739.0,1199.0,697.0,3.7232,500001.0,NEAR OCEAN
325,median_house_value,True,False,3.170457041116006,-118.17,34.14,45.0,2257.0,285.0,759.0,305.0,11.7894,500001.0,<1H OCEAN
351,median_house_value,True,False,3.170457041116006,-118.46,33.97,18.0,9430.0,2473.0,3408.0,2003.0,6.1726,500001.0,<1H OCEAN
393,median_house_value,True,False,3.170457041116006,-122.18,37.47,37.0,2848.0,328.0,852.0,327.0,13.367,500001.0,NEAR BAY
412,median_house_value,True,False,3.170457041116006,-118.66,34.1,12.0,2560.0,365.0,907.0,366.0,10.076,500001.0,NEAR OCEAN
438,median_house_value,True,False,3.170457041116006,-118.51,34.14,28.0,6748.0,904.0,2431.0,876.0,12.8879,500001.0,<1H OCEAN
439,median_house_value,True,False,3.170457041116006,-118.1,34.13,47.0,2234.0,276.0,749.0,260.0,15.0001,500001.0,<1H OCEAN
444,median_house_value,True,False,3.028812041116006,-118.39,34.0,40.0,1565.0,269.0,826.0,268.0,5.2035,485700.0,<1H OCEAN
446,median_house_value,True,False,3.170457041116006,-122.1,37.39,35.0,2471.0,349.0,881.0,342.0,7.6229,500001.0,NEAR BAY
474,median_house_value,True,False,3.170457041116006,-117.27,32.82,35.0,2908.0,595.0,1068.0,529.0,4.1793,500001.0,NEAR OCEAN
482,median_house_value,True,False,3.170457041116006,-118.44,34.06,14.0,520.0,292.0,282.0,213.0,2.2857,500001.0,<1H OCEAN
485,median_house_value,True,False,3.170457041116006,-118.69,34.18,11.0,1177.0,138.0,415.0,119.0,10.0472,500001.0,<1H OCEAN
530,median_house_value,True,False,3.160542584434655,-122.18,37.89,18.0,4845.0,735.0,1634.0,734.0,8.1489,499000.0,NEAR BAY
534,median_house_value,True,False,3.170457041116006,-118.6,34.02,36.0,2043.0,467.0,606.0,326.0,8.4331,500001.0,NEAR OCEAN
550,median_house_value,True,False,3.1704471365638764,-117.61,34.01,25.0,352.0,41.0,99.0,34.0,3.9696,500000.0,INLAND
581,median_house_value,True,False,3.170457041116006,-118.45,34.06,52.0,204.0,34.0,1154.0,28.0,9.337,500001.0,<1H OCEAN
583,median_house_value,True,False,3.170457041116006,-122.27,37.8,52.0,249.0,78.0,396.0,85.0,1.2434,500001.0,NEAR BAY
602,median_house_value,True,False,3.170457041116006,-118.28,34.02,29.0,515.0,229.0,2690.0,217.0,0.4999,500001.0,<1H OCEAN
647,median_house_value,True,False,3.170457041116006,-119.77,34.43,28.0,3318.0,441.0,1604.0,404.0,9.7821,500001.0,NEAR OCEAN
665,median_house_value,True,False,3.0179170337738617,-122.47,37.73,52.0,2134.0,277.0,936.0,285.0,5.9245,484600.0,NEAR OCEAN
670,median_house_value,True,False,3.170457041116006,-118.26,34.18,32.0,14556.0,2077.0,5459.0,2017.0,8.1657,500001.0,<1H OCEAN
694,median_house_value,True,False,3.170457041116006,-118.42,34.12,27.0,2089.0,303.0,654.0,270.0,12.3767,500001.0,<1H OCEAN
702,median_house_value,True,False,3.170457041116006,-122.02,37.24,28.0,2796.0,365.0,1085.0,363.0,10.6834,500001.0,<1H OCEAN
739,median_house_value,True,False,3.170457041116006,-118.46,33.97,19.0,1658.0,427.0,648.0,378.0,3.8698,500001.0,<1H OCEAN
745,median_house_value,True,False,3.170457041116006,-118.03,34.16,39.0,2731.0,366.0,1034.0,338.0,9.8098,500001.0,INLAND
755,median_house_value,True,False,3.170457041116006,-121.98,37.24,35.0,3574.0,485.0,1325.0,476.0,8.5425,500001.0,<1H OCEAN
764,median_house_value,True,False,3.170457041116006,-118.55,34.04,41.0,1482.0,239.0,617.0,242.0,8.8619,500001.0,<1H OCEAN
768,median_house_value,True,False,3.170457041116006,-117.35,33.16,22.0,1331.0,305.0,580.0,193.0,3.975,500001.0,NEAR OCEAN
774,median_house_value,True,False,3.170457041116006,-122.43,37.8,52.0,1380.0,322.0,553.0,288.0,4.0417,500001.0,NEAR BAY
783,median_house_value,True,False,3.170457041116006,-118.78,34.05,28.0,1343.0,215.0,487.0,199.0,6.83,500001.0,NEAR OCEAN
798,median_house_value,True,False,3.170457041116006,-122.34,37.57,52.0,2547.0,373.0,876.0,359.0,8.2598,500001.0,NEAR OCEAN
873,median_house_value,True,False,3.170457041116006,-118.46,34.01,46.0,1379.0,239.0,688.0,269.0,6.8901,500001.0,<1H OCEAN
900,median_house_value,True,False,3.170457041116006,-118.47,34.05,27.0,4401.0,1033.0,1725.0,962.0,4.175,500001.0,<1H OCEAN
931,median_house_value,True,False,2.987212922173274,-118.4,33.89,36.0,2334.0,430.0,1033.0,407.0,6.6321,481500.0,<1H OCEAN
972,median_house_value,True,False,3.170457041116006,-118.34,34.06,52.0,1314.0,170.0,629.0,214.0,7.1669,500001.0,<1H OCEAN
999,median_house_value,True,False,3.170457041116006,-118.07,33.72,32.0,1179.0,250.0,369.0,209.0,5.1824,500001.0,NEAR OCEAN
1055,median_house_value,True,False,3.170457041116006,-118.88,34.02,19.0,15990.0,2611.0,5175.0,2173.0,7.7848,500001.0,NEAR OCEAN
1073,median_house_value,True,False,3.170457041116006,-122.1,37.37,40.0,2224.0,354.0,929.0,345.0,8.1064,500001.0,NEAR BAY
1082,median_house_value,True,False,3.170457041116006,-117.26,32.97,25.0,2582.0,495.0,1088.0,471.0,6.4651,500001.0,NEAR OCEAN
1106,median_house_value,True,False,3.170457041116006,-118.37,34.06,36.0,1661.0,395.0,690.0,365.0,3.3438,500001.0,<1H OCEAN
1113,median_house_value,True,False,3.170457041116006,-118.13,34.12,46.0,3156.0,430.0,1109.0,423.0,10.7397,500001.0,<1H OCEAN
1137,median_house_value,True,False,3.170457041116006,-122.43,37.79,52.0,3020.0,842.0,1294.0,769.0,3.4375,500001.0,NEAR BAY
1145,median_house_value,True,False,3.170457041116006,-122.07,37.34,35.0,1172.0,184.0,512.0,175.0,7.3561,500001.0,<1H OCEAN
1225,median_house_value,True,False,3.170457041116006,-118.39,34.05,42.0,1467.0,203.0,577.0,204.0,6.6368,500001.0,<1H OCEAN
1232,median_house_value,True,False,3.170457041116006,-118.8,34.19,4.0,15572.0,2222.0,5495.0,2152.0,8.6499,500001.0,<1H OCEAN
1276,median_house_value,True,False,3.170457041116006,-118.13,34.13,52.0,2826.0,381.0,924.0,365.0,7.9976,500001.0,<1H OCEAN
1277,median_house_value,True,False,3.170457041116006,-118.46,34.14,34.0,5264.0,771.0,1738.0,753.0,8.8115,500001.0,<1H OCEAN
1279,median_house_value,True,False,3.170457041116006,-122.42,37.78,26.0,812.0,507.0,628.0,445.0,2.3304,500001.0,NEAR BAY
1288,median_house_value,True,False,3.170457041116006,-121.81,36.57,13.0,3030.0,413.0,1027.0,363.0,6.9615,500001.0,<1H OCEAN
1350,median_house_value,True,False,3.170457041116006,-118.54,34.28,10.0,7665.0,999.0,3517.0,998.0,10.8805,500001.0,<1H OCEAN
1363,median_house_value,True,False,3.170457041116006,-122.11,37.31,7.0,189.0,26.0,84.0,29.0,13.8093,500001.0,<1H OCEAN
1365,median_house_value,True,False,3.170457041116006,-118.49,34.05,45.0,1346.0,214.0,415.0,209.0,7.0285,500001.0,<1H OCEAN
1438,median_house_value,True,False,3.170457041116006,-122.42,37.8,52.0,4079.0,1112.0,1466.0,1024.0,4.5913,500001.0,NEAR BAY
1453,median_house_value,True,False,3.170457041116006,-118.44,34.05,22.0,3970.0,871.0,1588.0,791.0,4.8618,500001.0,<1H OCEAN
1463,median_house_value,True,False,3.170457041116006,-118.51,34.04,38.0,4715.0,691.0,1660.0,637.0,10.1882,500001.0,<1H OCEAN
1464,median_house_value,True,False,3.170457041116006,-122.2,37.43,22.0,3294.0,744.0,1337.0,655.0,5.2391,500001.0,NEAR OCEAN
1484,median_house_value,True,False,3.170457041116006,-118.21,34.22,37.0,2260.0,322.0,941.0,303.0,8.3695,500001.0,<1H OCEAN
1512,median_house_value,True,False,3.1704471365638764,-118.38,34.06,25.0,2558.0,661.0,1183.0,636.0,3.5556,500000.0,<1H OCEAN
1555,median_house_value,True,False,3.170457041116006,-118.47,34.06,26.0,6577.0,1789.0,2937.0,1652.0,4.801,500001.0,<1H OCEAN
1557,median_house_value,True,False,3.170457041116006,-118.43,34.13,37.0,4400.0,695.0,1521.0,666.0,8.2954,500001.0,<1H OCEAN
1580,median_house_value,True,False,3.170457041116006,-118.54,34.06,21.0,3755.0,525.0,1493.0,526.0,11.4233,500001.0,<1H OCEAN
1594,median_house_value,True,False,3.170457041116006,-118.34,34.08,52.0,1421.0,163.0,495.0,167.0,10.586,500001.0,<1H OCEAN
1598,median_house_value,True,False,3.0189074889867844,-118.03,34.16,36.0,1401.0,218.0,667.0,225.0,7.1615,484700.0,INLAND
1604,median_house_value,True,False,3.170457041116006,-118.42,34.05,33.0,2921.0,652.0,1124.0,608.0,5.0151,500001.0,<1H OCEAN
1614,median_house_value,True,False,3.170457041116006,-118.37,34.1,37.0,407.0,67.0,100.0,47.0,15.0001,500001.0,<1H OCEAN
1627,median_house_value,True,False,3.170457041116006,-117.94,33.62,25.0,1188.0,264.0,569.0,249.0,3.6607,500001.0,<1H OCEAN
1656,median_house_value,True,False,3.170457041116006,-118.49,34.15,33.0,2829.0,360.0,1010.0,363.0,10.3587,500001.0,<1H OCEAN
1686,median_house_value,True,False,3.170457041116006,-117.95,33.63,29.0,1496.0,282.0,463.0,215.0,6.0516,500001.0,<1H OCEAN
1697,median_house_value,True,False,3.170457041116006,-117.77,33.76,19.0,3532.0,402.0,1200.0,426.0,11.0124,500001.0,<1H OCEAN
1707,median_house_value,True,False,3.170457041116006,-122.49,37.89,23.0,1650.0,403.0,541.0,336.0,6.0238,500001.0,NEAR BAY
1712,median_house_value,True,False,3.170457041116006,-119.61,34.43,16.0,2665.0,391.0,794.0,311.0,9.0267,500001.0,<1H OCEAN
1749,median_house_value,True,False,3.170457041116006,-118.42,34.08,48.0,2413.0,261.0,770.0,248.0,15.0001,500001.0,<1H OCEAN
1756,median_house_value,True,False,3.170457041116006,-122.06,37.33,23.0,4507.0,751.0,2167.0,722.0,7.0102,500001.0,<1H OCEAN
1780,median_house_value,True,False,3.170457041116006,-117.66,33.48,22.0,809.0,180.0,334.0,157.0,2.3846,500001.0,<1H OCEAN
1810,median_house_value,True,False,3.170457041116006,-118.49,34.04,48.0,2381.0,345.0,859.0,306.0,8.0257,500001.0,<1H OCEAN
1817,median_house_value,True,False,3.170457041116006,-122.43,37.79,50.0,3312.0,1095.0,1475.0,997.0,2.7165,500001.0,NEAR BAY
1831,median_house_value,True,False,3.170457041116006,-122.47,37.73,52.0,2151.0,280.0,762.0,274.0,10.7309,500001.0,NEAR OCEAN
1864,median_house_value,True,False,3.170457041116006,-117.58,33.65,4.0,1606.0,498.0,815.0,426.0,3.375,500001.0,<1H OCEAN
1876,median_house_value,True,False,3.170457041116006,-118.01,33.69,3.0,945.0,115.0,337.0,123.0,11.5199,500001.0,<1H OCEAN
1878,median_house_value,True,False,3.1011152716593244,-117.8,33.63,15.0,3236.0,451.0,1289.0,416.0,11.1121,493000.0,<1H OCEAN
1891,median_house_value,True,False,3.170457041116006,-118.33,34.08,52.0,1777.0,454.0,671.0,439.0,3.5083,500001.0,<1H OCEAN
1896,median_house_value,True,False,3.170457041116006,-118.43,33.96,20.0,1901.0,270.0,704.0,254.0,8.7819,500001.0,<1H OCEAN
1906,median_house_value,True,False,3.170457041116006,-122.06,37.3,11.0,5488.0,706.0,1947.0,641.0,10.7326,500001.0,<1H OCEAN
1935,median_house_value,True,False,3.170457041116006,-118.62,34.06,25.0,3546.0,584.0,1530.0,601.0,7.4001,500001.0,NEAR OCEAN
1952,median_house_value,True,False,3.170457041116006,-118.76,34.13,10.0,4355.0,716.0,2030.0,674.0,6.5571,500001.0,NEAR OCEAN
2062,median_house_value,True,False,3.170457041116006,-118.39,34.14,34.0,4624.0,781.0,1572.0,719.0,6.5533,500001.0,<1H OCEAN
2076,median_house_value,True,False,3.170457041116006,-122.33,37.55,51.0,2565.0,332.0,870.0,309.0,9.3694,500001.0,NEAR OCEAN
2085,median_house_value,True,False,3.170457041116006,-118.11,33.73,32.0,1258.0,333.0,645.0,334.0,5.0476,500001.0,NEAR OCEAN
2107,median_house_value,True,False,3.170457041116006,-118.4,34.04,42.0,1298.0,174.0,420.0,190.0,12.8483,500001.0,<1H OCEAN
2161,median_house_value,True,False,3.170457041116006,-122.52,37.95,37.0,350.0,57.0,179.0,69.0,6.2862,500001.0,NEAR BAY
2164,median_house_value,True,False,3.170457041116006,-122.21,37.43,33.0,1606.0,254.0,727.0,271.0,8.6963,500001.0,NEAR OCEAN
2225,median_house_value,True,False,3.170457041116006,-122.46,37.75,52.0,1590.0,236.0,622.0,232.0,5.8151,500001.0,NEAR BAY
2227,median_house_value,True,False,3.170457041116006,-122.4,37.59,22.0,2754.0,477.0,1163.0,479.0,6.2306,500001.0,NEAR OCEAN
2228,median_house_value,True,False,3.170457041116006,-118.94,34.16,3.0,1170.0,148.0,493.0,142.0,8.0428,500001.0,<1H OCEAN
2234,median_house_value,True,False,3.170457041116006,-118.36,34.15,41.0,3545.0,698.0,1221.0,651.0,4.3,500001.0,<1H OCEAN
2247,median_house_value,True,False,3.170457041116006,-117.27,32.84,26.0,3940.0,657.0,1180.0,600.0,6.1025,500001.0,NEAR OCEAN
2252,median_house_value,True,False,3.170457041116006,-122.24,37.85,52.0,3726.0,474.0,1366.0,496.0,9.3959,500001.0,NEAR BAY
2260,median_house_value,True,False,3.170457041116006,-122.36,37.54,23.0,6184.0,747.0,2165.0,700.0,10.1675,500001.0,NEAR OCEAN
2289,median_house_value,True,False,3.170457041116006,-117.55,33.83,6.0,502.0,76.0,228.0,65.0,4.2386,500001.0,INLAND
2299,median_house_value,True,False,3.170457041116006,-122.64,37.96,29.0,377.0,58.0,151.0,67.0,9.5551,500001.0,NEAR OCEAN
2320,median_house_value,True,False,3.170457041116006,-118.05,34.14,39.0,2125.0,295.0,862.0,303.0,8.9728,500001.0,INLAND
2336,median_house_value,True,False,3.170457041116006,-117.7,33.72,6.0,211.0,51.0,125.0,44.0,1.9659,500001.0,<1H OCEAN
2352,median_house_value,True,False,3.170457041116006,-122.25,37.48,45.0,2743.0,390.0,974.0,400.0,7.1621,500001.0,NEAR OCEAN
2360,median_house_value,True,False,3.170457041116006,-122.13,37.44,43.0,3004.0,440.0,1088.0,427.0,9.1508,500001.0,NEAR BAY
2392,median_house_value,True,False,3.170457041116006,-118.46,34.07,42.0,2564.0,460.0,913.0,414.0,9.2225,500001.0,<1H OCEAN
2399,median_house_value,True,False,3.012964757709251,-117.62,33.64,2.0,7826.0,893.0,2985.0,790.0,10.1531,484100.0,<1H OCEAN
2409,median_house_value,True,False,3.170457041116006,-118.16,34.14,27.0,1551.0,254.0,816.0,233.0,8.2435,500001.0,<1H OCEAN
2450,median_house_value,True,False,3.170457041116006,-117.17,32.69,40.0,2236.0,331.0,767.0,316.0,5.3177,500001.0,NEAR OCEAN
2465,median_house_value,True,False,2.9733465491923643,-118.47,34.01,44.0,2017.0,343.0,958.0,382.0,6.1014,480100.0,<1H OCEAN
2501,median_house_value,True,False,3.170457041116006,-122.46,37.79,52.0,2106.0,373.0,743.0,348.0,5.2909,500001.0,NEAR BAY
2512,median_house_value,True,False,3.170457041116006,-117.9,33.61,44.0,1469.0,312.0,507.0,266.0,3.4937,500001.0,<1H OCEAN
2518,median_house_value,True,False,3.170457041116006,-118.32,34.07,52.0,2980.0,366.0,967.0,359.0,11.2185,500001.0,<1H OCEAN
2521,median_house_value,True,False,3.170457041116006,-122.04,37.29,19.0,3625.0,432.0,1252.0,409.0,12.2145,500001.0,<1H OCEAN
2522,median_house_value,True,False,3.170457041116006,-122.47,37.81,45.0,6927.0,1258.0,4715.0,1165.0,3.4051,500001.0,NEAR BAY
2548,median_house_value,True,False,3.170457041116006,-122.02,37.26,34.0,1764.0,243.0,692.0,223.0,8.0331,500001.0,<1H OCEAN
2556,median_house_value,True,False,3.170457041116006,-118.38,34.06,50.0,1509.0,291.0,690.0,259.0,6.2344,500001.0,<1H OCEAN
2560,median_house_value,True,False,3.170457041116006,-118.04,34.11,37.0,1275.0,177.0,598.0,174.0,7.1885,500001.0,INLAND
2561,median_house_value,True,False,3.0694207048458146,-118.43,34.01,43.0,1487.0,242.0,675.0,247.0,5.3403,489800.0,<1H OCEAN
2563,median_house_value,True,False,3.170457041116006,-122.41,37.8,52.0,3697.0,837.0,1446.0,711.0,5.866,500001.0,NEAR BAY
2569,median_house_value,True,False,3.170457041116006,-119.69,34.44,41.0,1989.0,271.0,666.0,269.0,6.8406,500001.0,<1H OCEAN
2578,median_house_value,True,False,3.170457041116006,-122.35,37.56,52.0,1659.0,191.0,519.0,201.0,14.4219,500001.0,NEAR OCEAN
2594,median_house_value,True,False,3.170457041116006,-118.19,34.22,32.0,10626.0,1504.0,4353.0,1482.0,9.8413,500001.0,<1H OCEAN
2603,median_house_value,True,False,3.170457041116006,-117.93,33.9,30.0,2629.0,331.0,956.0,319.0,9.9071,500001.0,<1H OCEAN
2609,median_house_value,True,False,3.170457041116006,-122.26,37.55,17.0,1321.0,425.0,683.0,408.0,4.7045,500001.0,NEAR BAY
2631,median_house_value,True,False,3.170457041116006,-118.35,34.07,52.0,2315.0,356.0,894.0,345.0,4.1328,500001.0,<1H OCEAN
2634,median_house_value,True,False,3.170457041116006,-118.85,34.04,21.0,3837.0,578.0,1509.0,509.0,8.4476,500001.0,NEAR OCEAN
2657,median_house_value,True,False,3.170457041116006,-117.73,33.49,17.0,2168.0,290.0,654.0,279.0,9.8321,500001.0,<1H OCEAN
2663,median_house_value,True,False,3.170457041116006,-122.34,37.56,39.0,3562.0,391.0,1139.0,391.0,12.6417,500001.0,NEAR OCEAN
2674,median_house_value,True,False,3.170457041116006,-122.03,37.25,34.0,2892.0,413.0,903.0,365.0,7.8711,500001.0,<1H OCEAN
2699,median_house_value,True,False,3.170457041116006,-122.14,37.43,52.0,1944.0,308.0,696.0,293.0,8.2664,500001.0,NEAR BAY
2761,median_house_value,True,False,3.170457041116006,-117.31,32.83,38.0,2367.0,480.0,891.0,428.0,4.1477,500001.0,NEAR OCEAN
2789,median_house_value,True,False,3.170457041116006,-122.06,37.35,30.0,2040.0,294.0,787.0,278.0,8.758,500001.0,<1H OCEAN
2812,median_house_value,True,False,3.170457041116006,-118.35,34.15,35.0,2245.0,393.0,783.0,402.0,4.1544,500001.0,<1H OCEAN
2817,median_house_value,True,False,3.170457041116006,-118.16,34.14,41.0,3039.0,482.0,973.0,446.0,7.4817,500001.0,<1H OCEAN
2844,median_house_value,True,False,3.170457041116006,-117.8,33.55,35.0,2067.0,428.0,724.0,377.0,5.8371,500001.0,<1H OCEAN
2872,median_house_value,True,False,3.170457041116006,-117.87,33.62,15.0,2209.0,275.0,735.0,274.0,15.0001,500001.0,<1H OCEAN
2880,median_house_value,True,False,3.170457041116006,-118.46,34.06,20.0,5448.0,1532.0,2202.0,1442.0,4.2554,500001.0,<1H OCEAN
2895,median_house_value,True,False,3.0050411160058736,-117.53,33.69,6.0,454.0,102.0,213.0,43.0,10.9704,483300.0,<1H OCEAN
2920,median_house_value,True,False,3.170457041116006,-122.12,37.29,11.0,436.0,70.0,212.0,75.0,8.6196,500001.0,<1H OCEAN
2974,median_house_value,True,False,3.170457041116006,-118.43,34.02,41.0,2403.0,516.0,1001.0,514.0,4.3906,500001.0,<1H OCEAN
2986,median_house_value,True,False,3.170457041116006,-118.38,34.06,52.0,1311.0,217.0,578.0,205.0,7.6771,500001.0,<1H OCEAN
3041,median_house_value,True,False,3.170457041116006,-118.41,34.06,43.0,4994.0,1057.0,1830.0,969.0,5.5321,500001.0,<1H OCEAN
3052,median_house_value,True,False,3.001079295154185,-117.87,33.6,34.0,3415.0,779.0,1275.0,718.0,4.498,482900.0,<1H OCEAN
3057,median_house_value,True,False,3.170457041116006,-122.45,37.79,46.0,2009.0,464.0,761.0,453.0,3.7188,500001.0,NEAR BAY
3069,median_house_value,True,False,3.170457041116006,-118.4,34.06,37.0,3781.0,873.0,1725.0,838.0,4.1455,500001.0,<1H OCEAN
3074,median_house_value,True,False,3.170457041116006,-122.14,37.43,52.0,1383.0,227.0,551.0,249.0,6.5829,500001.0,NEAR BAY
3087,median_house_value,True,False,3.170457041116006,-122.26,37.38,28.0,1103.0,164.0,415.0,154.0,7.8633,500001.0,NEAR OCEAN
3088,median_house_value,True,False,3.170457041116006,-122.43,37.79,52.0,6186.0,1566.0,2065.0,1374.0,5.8543,500001.0,NEAR BAY
3089,median_house_value,True,False,3.170457041116006,-118.5,34.04,52.0,2233.0,317.0,769.0,277.0,8.3839,500001.0,<1H OCEAN
3096,median_house_value,True,False,3.1704471365638764,-122.44,37.8,52.0,1006.0,291.0,445.0,257.0,2.7717,500000.0,NEAR BAY
3103,median_house_value,True,False,3.170457041116006,-118.4,34.05,43.0,1028.0,145.0,394.0,149.0,10.4519,500001.0,<1H OCEAN
3106,median_house_value,True,False,3.170457041116006,-122.43,37.79,52.0,3219.0,969.0,1152.0,830.0,4.2042,500001.0,NEAR BAY
3145,median_house_value,True,False,3.170457041116006,-118.4,33.87,45.0,2181.0,505.0,965.0,471.0,5.3816,500001.0,<1H OCEAN
3206,median_house_value,True,False,3.170457041116006,-117.69,33.58,8.0,2887.0,351.0,1176.0,351.0,10.3953,500001.0,<1H OCEAN
3267,median_house_value,True,False,3.170457041116006,-118.44,33.95,37.0,2076.0,332.0,771.0,327.0,6.2551,500001.0,<1H OCEAN
3279,median_house_value,True,False,3.170457041116006,-118.32,33.75,37.0,1080.0,135.0,366.0,142.0,11.6677,500001.0,NEAR OCEAN
3311,median_house_value,True,False,3.170457041116006,-118.35,34.07,52.0,2497.0,406.0,1030.0,412.0,4.89,500001.0,<1H OCEAN
3314,median_house_value,True,False,3.170457041116006,-118.43,33.86,34.0,358.0,87.0,162.0,84.0,7.1264,500001.0,NEAR OCEAN
3358,median_house_value,True,False,3.170457041116006,-118.41,33.88,34.0,1471.0,308.0,498.0,264.0,7.0842,500001.0,<1H OCEAN
3364,median_house_value,True,False,3.170457041116006,-118.48,34.04,36.0,2539.0,535.0,979.0,500.0,3.6667,500001.0,<1H OCEAN
3373,median_house_value,True,False,3.170457041116006,-118.43,33.96,13.0,1860.0,345.0,800.0,355.0,5.8864,500001.0,<1H OCEAN
3435,median_house_value,True,False,3.1704471365638764,-119.69,34.41,44.0,1208.0,357.0,603.0,297.0,2.6103,500000.0,<1H OCEAN
3468,median_house_value,True,False,3.170457041116006,-117.19,32.75,52.0,1495.0,230.0,459.0,190.0,8.1548,500001.0,NEAR OCEAN
3506,median_house_value,True,False,3.170457041116006,-122.15,37.41,15.0,2577.0,360.0,979.0,364.0,10.476,500001.0,NEAR BAY
3533,median_house_value,True,False,3.170457041116006,-118.4,33.88,36.0,3022.0,482.0,1278.0,494.0,7.2651,500001.0,<1H OCEAN
3550,median_house_value,True,False,3.170457041116006,-118.4,34.06,47.0,3652.0,967.0,1438.0,887.0,3.6964,500001.0,<1H OCEAN
3607,median_house_value,True,False,3.170457041116006,-118.47,34.06,45.0,1271.0,190.0,419.0,171.0,7.6447,500001.0,<1H OCEAN
3609,median_house_value,True,False,3.170457041116006,-118.34,33.76,34.0,5586.0,674.0,1871.0,636.0,15.0001,500001.0,NEAR OCEAN
3614,median_house_value,True,False,3.170457041116006,-122.46,37.78,52.0,3429.0,773.0,1584.0,696.0,3.7887,500001.0,NEAR BAY
3616,median_house_value,True,False,3.170457041116006,-118.5,34.05,36.0,4152.0,542.0,1461.0,550.0,15.0001,500001.0,<1H OCEAN
3618,median_house_value,True,False,3.170457041116006,-118.41,33.89,34.0,2959.0,639.0,1143.0,593.0,6.348,500001.0,<1H OCEAN
3635,median_house_value,True,False,3.170457041116006,-118.52,34.04,42.0,993.0,130.0,368.0,134.0,10.8082,500001.0,<1H OCEAN
3699,median_house_value,True,False,3.1704471365638764,-118.15,34.12,49.0,1789.0,288.0,848.0,311.0,6.0199,500000.0,<1H OCEAN
3732,median_house_value,True,False,3.170457041116006,-117.67,33.47,22.0,2728.0,616.0,1081.0,566.0,1.6393,500001.0,<1H OCEAN
3766,median_house_value,True,False,3.170457041116006,-118.33,34.06,52.0,1841.0,240.0,693.0,218.0,15.0001,500001.0,<1H OCEAN
3807,median_house_value,True,False,3.170457041116006,-118.4,33.9,37.0,2458.0,400.0,920.0,375.0,7.8924,500001.0,<1H OCEAN
3808,median_house_value,True,False,3.170457041116006,-122.28,37.49,25.0,7335.0,1157.0,2626.0,1049.0,6.5475,500001.0,NEAR OCEAN
3821,median_house_value,True,False,3.170457041116006,-122.15,37.44,52.0,1945.0,293.0,708.0,275.0,6.1655,500001.0,NEAR BAY
3847,median_house_value,True,False,3.170457041116006,-118.3,34.11,52.0,1954.0,245.0,645.0,237.0,6.9391,500001.0,<1H OCEAN
3909,median_house_value,True,False,3.170457041116006,-118.49,34.04,50.0,2597.0,340.0,964.0,339.0,13.3036,500001.0,<1H OCEAN
3931,median_house_value,True,False,3.170457041116006,-117.26,32.82,34.0,5846.0,785.0,1817.0,747.0,8.496,500001.0,NEAR OCEAN
3962,median_house_value,True,False,3.1704471365638764,-122.43,37.8,52.0,1006.0,251.0,349.0,233.0,3.2235,500000.0,NEAR BAY
3969,median_house_value,True,False,3.170457041116006,-118.4,33.89,31.0,2926.0,492.0,1149.0,476.0,7.9611,500001.0,<1H OCEAN
3972,median_house_value,True,False,3.170457041116006,-118.22,34.22,39.0,2686.0,417.0,1094.0,402.0,7.0059,500001.0,<1H OCEAN
3980,median_house_value,True,False,3.170457041116006,-118.36,34.11,35.0,3946.0,695.0,1361.0,620.0,6.5195,500001.0,<1H OCEAN
3983,median_house_value,True,False,3.170457041116006,-118.32,33.75,33.0,2996.0,398.0,1048.0,387.0,9.267,500001.0,NEAR OCEAN
3996,median_house_value,True,False,3.170457041116006,-118.53,34.03,40.0,4350.0,763.0,1551.0,665.0,7.0318,500001.0,<1H OCEAN
4002,median_house_value,True,False,3.170457041116006,-118.52,34.02,24.0,7418.0,1755.0,2713.0,1577.0,5.0867,500001.0,<1H OCEAN
4004,median_house_value,True,False,3.170457041116006,-118.42,34.05,52.0,2533.0,402.0,981.0,386.0,7.8164,500001.0,<1H OCEAN
4007,median_house_value,True,False,3.170457041116006,-122.34,37.57,52.0,2635.0,408.0,967.0,374.0,7.0422,500001.0,NEAR OCEAN
4027,median_house_value,True,False,3.170457041116006,-118.4,34.13,32.0,8262.0,1156.0,2712.0,1125.0,10.5575,500001.0,<1H OCEAN
4058,median_house_value,True,False,3.170457041116006,-117.25,32.83,17.0,2075.0,262.0,704.0,241.0,10.9529,500001.0,NEAR OCEAN
4106,median_house_value,True,False,3.1347907488986784,-117.25,32.72,33.0,1677.0,228.0,629.0,239.0,6.597,496400.0,NEAR OCEAN
4189,median_house_value,True,False,3.170457041116006,-118.04,34.13,35.0,249.0,31.0,268.0,29.0,15.0001,500001.0,INLAND
4226,median_house_value,True,False,3.170457041116006,-117.25,32.86,25.0,2911.0,533.0,1137.0,499.0,5.1023,500001.0,NEAR OCEAN
4289,median_house_value,True,False,3.170457041116006,-118.35,34.11,33.0,7478.0,1678.0,2701.0,1500.0,4.1717,500001.0,<1H OCEAN
4304,median_house_value,True,False,3.170457041116006,-116.55,33.84,28.0,2992.0,562.0,676.0,346.0,5.7613,500001.0,INLAND
4310,median_house_value,True,False,3.170457041116006,-122.12,37.4,32.0,3514.0,473.0,1583.0,480.0,10.3894,500001.0,NEAR BAY
4346,median_house_value,True,False,3.170457041116006,-122.44,37.8,52.0,1603.0,487.0,727.0,464.0,3.9856,500001.0,NEAR BAY
4348,median_house_value,True,False,3.170457041116006,-118.1,34.12,50.0,1835.0,231.0,636.0,211.0,11.6471,500001.0,<1H OCEAN
4380,median_house_value,True,False,3.170457041116006,-118.42,34.06,40.0,2933.0,565.0,1077.0,536.0,6.1527,500001.0,<1H OCEAN
4422,median_house_value,True,False,3.170457041116006,-118.58,34.17,18.0,6476.0,1082.0,2413.0,958.0,5.6327,500001.0,<1H OCEAN
4428,median_house_value,True,False,3.170457041116006,-117.9,33.63,26.0,4486.0,554.0,1598.0,549.0,10.1454,500001.0,<1H OCEAN
4437,median_house_value,True,False,3.170457041116006,-122.45,37.78,52.0,3975.0,716.0,1515.0,691.0,5.0156,500001.0,NEAR BAY
4447,median_house_value,True,False,3.040697503671072,-118.37,34.07,52.0,2203.0,437.0,899.0,384.0,4.25,486900.0,<1H OCEAN
4479,median_house_value,True,False,3.170457041116006,-118.05,34.15,32.0,5131.0,665.0,1877.0,622.0,8.2004,500001.0,INLAND
4503,median_house_value,True,False,3.170457041116006,-118.42,33.75,22.0,17591.0,2604.0,6897.0,2492.0,8.2831,500001.0,NEAR OCEAN
4512,median_house_value,True,False,3.170457041116006,-118.48,34.14,31.0,9320.0,1143.0,2980.0,1109.0,10.3599,500001.0,<1H OCEAN
4525,median_house_value,True,False,3.170457041116006,-118.33,34.12,23.0,1894.0,416.0,769.0,392.0,6.0352,500001.0,<1H OCEAN
4529,median_house_value,True,False,3.170457041116006,-118.41,33.88,43.0,2492.0,449.0,1033.0,437.0,7.9614,500001.0,<1H OCEAN
4541,median_house_value,True,False,3.170457041116006,-122.2,37.46,40.0,1723.0,208.0,976.0,209.0,9.8892,500001.0,NEAR OCEAN
4545,median_house_value,True,False,3.170457041116006,-122.46,37.79,52.0,899.0,96.0,304.0,110.0,14.2959,500001.0,NEAR BAY
4553,median_house_value,True,False,3.0397070484581494,-118.03,34.15,43.0,1694.0,283.0,674.0,267.0,4.1797,486800.0,INLAND
4570,median_house_value,True,False,3.170457041116006,-118.37,33.79,36.0,1596.0,234.0,654.0,223.0,8.2064,500001.0,NEAR OCEAN
4575,median_house_value,True,False,3.170457041116006,-118.1,34.12,49.0,3783.0,579.0,1601.0,539.0,6.3013,500001.0,<1H OCEAN
4589,median_house_value,True,False,3.170457041116006,-118.2,34.21,40.0,1477.0,228.0,609.0,224.0,7.8375,500001.0,<1H OCEAN
4596,median_house_value,True,False,3.170457041116006,-122.14,37.45,52.0,3841.0,537.0,1391.0,540.0,7.8647,500001.0,NEAR BAY
4607,median_house_value,True,False,3.170457041116006,-120.67,35.3,19.0,1540.0,715.0,1799.0,635.0,0.7025,500001.0,NEAR OCEAN
4649,median_house_value,True,False,3.170457041116006,-122.42,37.8,52.0,2852.0,581.0,838.0,510.0,8.0755,500001.0,NEAR BAY
4677,median_house_value,True,False,3.170457041116006,-122.47,37.87,36.0,4471.0,618.0,1315.0,582.0,11.5706,500001.0,NEAR BAY
4694,median_house_value,True,False,3.170457041116006,-122.04,37.26,24.0,4973.0,709.0,1692.0,696.0,7.8627,500001.0,<1H OCEAN
4695,median_house_value,True,False,3.170457041116006,-118.12,33.75,41.0,2072.0,491.0,742.0,414.0,3.9934,500001.0,NEAR OCEAN
4702,median_house_value,True,False,3.170457041116006,-122.41,37.81,25.0,1178.0,545.0,592.0,441.0,3.6728,500001.0,NEAR BAY
4703,median_house_value,True,False,3.170457041116006,-117.94,33.9,27.0,2029.0,242.0,711.0,254.0,9.7956,500001.0,<1H OCEAN
4720,median_house_value,True,False,3.170457041116006,-118.22,34.23,34.0,3296.0,483.0,1268.0,478.0,8.4802,500001.0,<1H OCEAN
4731,median_house_value,True,False,3.1704471365638764,-122.45,37.77,52.0,2296.0,509.0,1039.0,472.0,4.1417,500000.0,NEAR BAY
4768,median_house_value,True,False,3.170457041116006,-121.76,37.26,17.0,250.0,52.0,141.0,51.0,4.6458,500001.0,<1H OCEAN
4773,median_house_value,True,False,3.170457041116006,-122.16,37.42,34.0,4448.0,610.0,2571.0,581.0,11.0492,500001.0,NEAR OCEAN
4780,median_house_value,True,False,3.170457041116006,-122.41,37.81,31.0,3991.0,1311.0,2305.0,1201.0,1.8981,500001.0,NEAR BAY
4836,median_house_value,True,False,3.170457041116006,-122.12,37.39,34.0,3561.0,497.0,1336.0,501.0,8.9172,500001.0,NEAR BAY
4843,median_house_value,True,False,3.170457041116006,-122.01,37.27,27.0,3340.0,451.0,1220.0,447.0,8.8178,500001.0,<1H OCEAN
4872,median_house_value,True,False,3.170457041116006,-121.75,37.35,18.0,1947.0,250.0,605.0,184.0,8.1871,500001.0,<1H OCEAN
4892,median_house_value,True,False,3.170457041116006,-118.19,34.21,41.0,1602.0,228.0,680.0,225.0,6.553,500001.0,<1H OCEAN
4910,median_house_value,True,False,3.170457041116006,-118.34,34.07,52.0,3421.0,598.0,1203.0,564.0,4.1618,500001.0,<1H OCEAN
4916,median_house_value,True,False,3.170457041116006,-122.44,37.79,52.0,1903.0,461.0,831.0,433.0,4.4464,500001.0,NEAR BAY
4928,median_house_value,True,False,3.170457041116006,-117.29,32.81,35.0,1878.0,308.0,598.0,257.0,6.9553,500001.0,NEAR OCEAN
4930,median_house_value,True,False,3.170457041116006,-122.22,37.44,32.0,4281.0,501.0,1318.0,484.0,15.0001,500001.0,NEAR OCEAN
4988,median_house_value,True,False,3.170457041116006,-119.67,34.47,35.0,2700.0,422.0,1995.0,383.0,4.9757,500001.0,<1H OCEAN
4993,median_house_value,True,False,3.170457041116006,-118.45,33.96,24.0,3097.0,791.0,1075.0,639.0,5.723,500001.0,<1H OCEAN
4995,median_house_value,True,False,3.170457041116006,-121.86,37.21,23.0,2552.0,305.0,916.0,316.0,9.1974,500001.0,<1H OCEAN
5030,median_house_value,True,False,3.170457041116006,-122.22,37.82,42.0,2991.0,335.0,1018.0,335.0,13.499,500001.0,NEAR BAY
5035,median_house_value,True,False,3.170457041116006,-122.23,37.82,52.0,3494.0,396.0,1192.0,383.0,12.3804,500001.0,NEAR BAY
5080,median_house_value,True,False,3.170457041116006,-118.34,34.1,29.0,3193.0,1452.0,2039.0,1265.0,1.8209,500001.0,<1H OCEAN
5085,median_house_value,True,False,3.0179170337738617,-117.93,33.62,34.0,2125.0,498.0,1052.0,468.0,5.6315,484600.0,<1H OCEAN
5096,median_house_value,True,False,3.170457041116006,-117.87,33.6,20.0,3212.0,572.0,1064.0,526.0,6.6155,500001.0,<1H OCEAN
5098,median_house_value,True,False,3.170457041116006,-122.35,37.57,52.0,2170.0,269.0,784.0,274.0,10.4286,500001.0,NEAR OCEAN
5105,median_house_value,True,False,3.170457041116006,-122.46,37.73,52.0,2673.0,349.0,876.0,338.0,7.8476,500001.0,NEAR BAY
5125,median_house_value,True,False,3.170457041116006,-118.35,33.74,25.0,8272.0,1132.0,3392.0,1132.0,10.0973,500001.0,NEAR OCEAN
5131,median_house_value,True,False,3.170457041116006,-122.21,37.43,20.0,975.0,134.0,324.0,146.0,9.7796,500001.0,NEAR OCEAN
5151,median_house_value,True,False,3.170457041116006,-122.17,37.45,33.0,1828.0,396.0,766.0,378.0,4.4531,500001.0,NEAR BAY
5157,median_house_value,True,False,3.170457041116006,-118.68,34.13,9.0,11251.0,1594.0,3029.0,1227.0,6.7273,500001.0,<1H OCEAN
5208,median_house_value,True,False,3.170457041116006,-122.56,37.91,52.0,1972.0,327.0,755.0,345.0,7.1924,500001.0,NEAR BAY
5234,median_house_value,True,False,3.170457041116006,-122.11,37.37,49.0,1068.0,190.0,410.0,171.0,7.2045,500001.0,NEAR BAY
5243,median_house_value,True,False,3.170457041116006,-118.49,34.11,27.0,6603.0,879.0,2336.0,868.0,13.2935,500001.0,<1H OCEAN
5247,median_house_value,True,False,3.170457041116006,-118.32,34.06,52.0,983.0,246.0,578.0,204.0,5.7393,500001.0,<1H OCEAN
5256,median_house_value,True,False,3.170457041116006,-122.35,37.57,52.0,2059.0,345.0,800.0,308.0,4.97,500001.0,NEAR OCEAN
5274,median_house_value,True,False,3.170457041116006,-121.89,37.49,9.0,4909.0,577.0,1981.0,591.0,9.7194,500001.0,<1H OCEAN
5279,median_house_value,True,False,3.170457041116006,-122.29,37.41,30.0,6373.0,854.0,2149.0,798.0,10.6868,500001.0,NEAR OCEAN
5282,median_house_value,True,False,3.170457041116006,-122.2,37.35,17.0,3095.0,442.0,1173.0,424.0,13.2986,500001.0,NEAR BAY
5325,median_house_value,True,False,3.170457041116006,-122.44,37.8,52.0,1580.0,470.0,714.0,448.0,3.2447,500001.0,NEAR BAY
5334,median_house_value,True,False,3.170457041116006,-118.4,33.88,35.0,1753.0,296.0,615.0,275.0,7.5,500001.0,<1H OCEAN
5343,median_house_value,True,False,3.170457041116006,-118.34,34.13,45.0,2375.0,417.0,751.0,410.0,6.6739,500001.0,<1H OCEAN
5350,median_house_value,True,False,3.170457041116006,-116.99,33.01,11.0,1412.0,185.0,529.0,166.0,7.7517,500001.0,<1H OCEAN
5422,median_house_value,True,False,3.170457041116006,-122.39,37.59,33.0,2064.0,299.0,813.0,303.0,6.0374,500001.0,NEAR OCEAN
5430,median_house_value,True,False,3.170457041116006,-122.46,37.79,52.0,2059.0,416.0,999.0,402.0,3.7419,500001.0,NEAR BAY
5436,median_house_value,True,False,3.170457041116006,-122.27,37.45,41.0,830.0,136.0,353.0,153.0,6.3824,500001.0,NEAR OCEAN
5442,median_house_value,True,False,3.170457041116006,-121.74,37.19,11.0,1290.0,197.0,881.0,191.0,4.2039,500001.0,<1H OCEAN
5487,median_house_value,True,False,3.170457041116006,-122.21,37.42,28.0,564.0,72.0,191.0,79.0,11.9666,500001.0,NEAR OCEAN
5529,median_house_value,True,False,3.170457041116006,-118.48,34.07,40.0,3351.0,484.0,1564.0,523.0,8.5153,500001.0,<1H OCEAN
5544,median_house_value,True,False,3.170457041116006,-122.41,37.8,52.0,812.0,252.0,629.0,247.0,2.5875,500001.0,NEAR BAY
5561,median_house_value,True,False,3.170457041116006,-122.4,37.8,52.0,1860.0,575.0,679.0,448.0,4.775,500001.0,NEAR BAY
5569,median_house_value,True,False,3.126867107195301,-118.28,34.11,38.0,4453.0,1156.0,1830.0,1099.0,3.6181,495600.0,<1H OCEAN
5579,median_house_value,True,False,3.170457041116006,-118.56,34.14,23.0,9657.0,1189.0,3585.0,1162.0,10.4399,500001.0,<1H OCEAN
5581,median_house_value,True,False,3.170457041116006,-122.06,37.27,16.0,1612.0,221.0,567.0,208.0,10.5793,500001.0,<1H OCEAN
5624,median_house_value,True,False,3.170457041116006,-122.13,37.37,30.0,2139.0,260.0,742.0,242.0,11.806,500001.0,NEAR BAY
5629,median_house_value,True,False,3.170457041116006,-118.43,34.02,38.0,2172.0,437.0,830.0,368.0,3.9091,500001.0,<1H OCEAN
5654,median_house_value,True,False,3.170457041116006,-117.87,33.64,26.0,3521.0,455.0,1336.0,451.0,10.2849,500001.0,<1H OCEAN
5667,median_house_value,True,False,3.1466762114537445,-118.41,34.14,33.0,778.0,143.0,258.0,130.0,5.738,497600.0,<1H OCEAN
5726,median_house_value,True,False,3.0912107195301024,-122.16,37.45,52.0,1135.0,219.0,441.0,200.0,7.5418,492000.0,NEAR BAY
5736,median_house_value,True,False,3.170457041116006,-118.5,34.03,44.0,2146.0,394.0,851.0,355.0,6.48,500001.0,<1H OCEAN
5740,median_house_value,True,False,3.1704471365638764,-122.45,37.76,31.0,5283.0,1330.0,2659.0,1269.0,3.5744,500000.0,NEAR BAY
5741,median_house_value,True,False,3.170457041116006,-117.87,33.59,44.0,2499.0,396.0,910.0,374.0,6.6544,500001.0,<1H OCEAN
5755,median_house_value,True,False,3.170457041116006,-122.53,37.98,32.0,2390.0,336.0,810.0,354.0,8.5759,500001.0,NEAR BAY
5761,median_house_value,True,False,3.170457041116006,-118.5,34.03,52.0,1506.0,208.0,547.0,186.0,7.8705,500001.0,<1H OCEAN
5763,median_house_value,True,False,3.170457041116006,-122.43,37.79,52.0,3522.0,938.0,1319.0,887.0,4.3986,500001.0,NEAR BAY
5786,median_house_value,True,False,3.170457041116006,-118.41,34.04,52.0,2113.0,332.0,800.0,327.0,11.1768,500001.0,<1H OCEAN
5807,median_house_value,True,False,3.170457041116006,-118.48,33.96,16.0,895.0,181.0,237.0,149.0,12.0088,500001.0,<1H OCEAN
5827,median_house_value,True,False,3.170457041116006,-118.39,34.09,41.0,730.0,126.0,230.0,125.0,4.3214,500001.0,<1H OCEAN
5854,median_house_value,True,False,3.170457041116006,-118.39,33.83,32.0,2075.0,539.0,954.0,519.0,5.637,500001.0,NEAR OCEAN
5867,median_house_value,True,False,3.170457041116006,-118.69,34.21,10.0,3663.0,409.0,1179.0,371.0,12.542,500001.0,<1H OCEAN
5883,median_house_value,True,False,3.170457041116006,-118.32,33.77,37.0,627.0,95.0,259.0,106.0,6.887,500001.0,<1H OCEAN
5897,median_house_value,True,False,3.170457041116006,-117.89,33.6,40.0,1639.0,352.0,498.0,278.0,5.6336,500001.0,<1H OCEAN
5923,median_house_value,True,False,3.170457041116006,-122.18,37.9,36.0,4760.0,610.0,1511.0,572.0,9.0064,500001.0,NEAR BAY
5930,median_house_value,True,False,3.061497063142437,-122.54,37.91,48.0,2924.0,489.0,1159.0,505.0,5.6302,489000.0,NEAR BAY
5985,median_house_value,True,False,3.170457041116006,-118.41,33.89,38.0,4166.0,828.0,1600.0,770.0,6.3861,500001.0,<1H OCEAN
5995,median_house_value,True,False,3.170457041116006,-122.53,37.91,37.0,2524.0,398.0,999.0,417.0,7.9892,500001.0,NEAR BAY
6016,median_house_value,True,False,3.170457041116006,-118.38,33.82,34.0,1822.0,364.0,750.0,366.0,5.9907,500001.0,NEAR OCEAN
6036,median_house_value,True,False,3.170457041116006,-122.02,37.26,24.0,2411.0,299.0,847.0,299.0,10.2666,500001.0,<1H OCEAN
6120,median_house_value,True,False,3.170457041116006,-118.18,34.17,43.0,4269.0,591.0,1467.0,582.0,9.0702,500001.0,<1H OCEAN
6178,median_house_value,True,False,3.170457041116006,-122.45,37.77,52.0,3939.0,852.0,1737.0,797.0,4.5052,500001.0,NEAR BAY
6196,median_house_value,True,False,3.170457041116006,-119.55,34.38,17.0,1951.0,368.0,681.0,350.0,2.7275,500001.0,<1H OCEAN
6215,median_house_value,True,False,3.170457041116006,-122.32,37.56,49.0,2016.0,299.0,691.0,288.0,5.549,500001.0,NEAR OCEAN
6252,median_house_value,True,False,3.170457041116006,-118.48,34.16,32.0,2108.0,309.0,769.0,274.0,8.7172,500001.0,<1H OCEAN
6255,median_house_value,True,False,3.170457041116006,-122.02,37.29,25.0,3845.0,492.0,1461.0,475.0,10.3979,500001.0,<1H OCEAN
6331,median_house_value,True,False,3.170457041116006,-122.11,37.38,36.0,3598.0,500.0,1296.0,533.0,7.8177,500001.0,NEAR BAY
6340,median_house_value,True,False,3.1704471365638764,-122.37,37.59,52.0,2272.0,403.0,963.0,376.0,5.7245,500000.0,NEAR OCEAN
6367,median_house_value,True,False,3.170457041116006,-121.99,37.25,22.0,4240.0,532.0,1480.0,514.0,11.2463,500001.0,<1H OCEAN
6382,median_house_value,True,False,3.0050411160058736,-118.5,34.02,28.0,5109.0,1482.0,2313.0,1451.0,3.3266,483300.0,<1H OCEAN
6400,median_house_value,True,False,3.170457041116006,-122.22,37.36,34.0,1559.0,243.0,600.0,242.0,8.7382,500001.0,NEAR OCEAN
6431,median_house_value,True,False,3.170457041116006,-122.0,37.28,33.0,2170.0,311.0,854.0,303.0,8.3605,500001.0,<1H OCEAN
6432,median_house_value,True,False,3.007022026431718,-118.51,34.24,31.0,5297.0,664.0,1986.0,657.0,8.6454,483500.0,<1H OCEAN
6454,median_house_value,True,False,3.0605066079295153,-117.27,32.85,34.0,2105.0,444.0,780.0,406.0,2.3187,488900.0,NEAR OCEAN
6461,median_house_value,True,False,3.170457041116006,-122.14,37.5,46.0,30.0,4.0,13.0,5.0,15.0001,500001.0,NEAR BAY
6462,median_house_value,True,False,3.0466402349486046,-118.39,33.81,35.0,1008.0,165.0,391.0,167.0,3.7778,487500.0,NEAR OCEAN
6474,median_house_value,True,False,3.170457041116006,-122.44,37.8,52.0,3257.0,735.0,1045.0,620.0,4.5523,500001.0,NEAR BAY
6477,median_house_value,True,False,3.170457041116006,-122.42,37.79,48.0,4506.0,1342.0,1980.0,1239.0,4.0156,500001.0,NEAR BAY
6487,median_house_value,True,False,3.170457041116006,-117.72,33.43,5.0,1889.0,359.0,616.0,246.0,3.8992,500001.0,<1H OCEAN
6519,median_house_value,True,False,3.170457041116006,-118.4,33.88,35.0,1060.0,191.0,444.0,196.0,8.0015,500001.0,<1H OCEAN
6520,median_house_value,True,False,3.170457041116006,-122.15,37.45,52.0,568.0,91.0,219.0,75.0,6.1575,500001.0,NEAR BAY
6557,median_house_value,True,False,3.0793252569750367,-118.45,34.14,33.0,1741.0,274.0,588.0,267.0,7.9625,490800.0,<1H OCEAN
6564,median_house_value,True,False,3.0218788546255504,-121.87,37.22,17.0,2825.0,365.0,1052.0,345.0,8.0595,485000.0,<1H OCEAN
6567,median_house_value,True,False,3.170457041116006,-118.43,33.97,16.0,70.0,7.0,17.0,4.0,7.7197,500001.0,<1H OCEAN
6587,median_house_value,True,False,3.170457041116006,-118.41,33.89,31.0,702.0,161.0,236.0,144.0,5.0497,500001.0,<1H OCEAN
6594,median_house_value,True,False,3.170457041116006,-119.64,34.43,32.0,1872.0,318.0,749.0,296.0,4.625,500001.0,<1H OCEAN
6619,median_house_value,True,False,3.170457041116006,-118.48,34.0,52.0,1359.0,395.0,521.0,368.0,2.6736,500001.0,<1H OCEAN
6663,median_house_value,True,False,3.170457041116006,-118.53,34.14,28.0,6920.0,906.0,2515.0,860.0,9.2189,500001.0,<1H OCEAN
6669,median_house_value,True,False,3.170457041116006,-118.44,34.02,32.0,2242.0,490.0,921.0,461.0,4.0429,500001.0,<1H OCEAN
6683,median_house_value,True,False,3.170457041116006,-118.47,34.06,45.0,3030.0,433.0,916.0,399.0,9.4664,500001.0,<1H OCEAN
6693,median_house_value,True,False,3.170457041116006,-118.08,34.15,28.0,238.0,58.0,142.0,31.0,0.4999,500001.0,INLAND
6701,median_house_value,True,False,3.170457041116006,-122.44,37.8,52.0,1724.0,412.0,540.0,319.0,4.2857,500001.0,NEAR BAY
6705,median_house_value,True,False,3.170457041116006,-118.44,33.96,33.0,2799.0,491.0,978.0,447.0,5.6435,500001.0,<1H OCEAN
6712,median_house_value,True,False,3.170457041116006,-122.1,37.38,37.0,4167.0,612.0,1577.0,597.0,7.5655,500001.0,NEAR BAY
6716,median_house_value,True,False,3.170457041116006,-118.06,33.72,14.0,2665.0,331.0,964.0,319.0,15.0001,500001.0,NEAR OCEAN
6750,median_house_value,True,False,3.170457041116006,-117.18,32.68,29.0,1539.0,344.0,556.0,289.0,3.25,500001.0,NEAR OCEAN
6772,median_house_value,True,False,3.170457041116006,-118.18,34.16,34.0,5012.0,746.0,1699.0,715.0,9.4987,500001.0,<1H OCEAN
6786,median_house_value,True,False,3.170457041116006,-118.31,34.12,39.0,3895.0,561.0,1271.0,536.0,8.0073,500001.0,<1H OCEAN
6807,median_house_value,True,False,3.1446953010279,-118.34,34.15,40.0,3068.0,756.0,1190.0,695.0,3.5637,497400.0,<1H OCEAN
6811,median_house_value,True,False,3.170457041116006,-122.44,37.79,52.0,1447.0,186.0,483.0,181.0,15.0001,500001.0,NEAR BAY
6818,median_house_value,True,False,3.170457041116006,-122.47,37.73,50.0,1653.0,252.0,641.0,224.0,10.6605,500001.0,NEAR OCEAN
6821,median_house_value,True,False,3.170457041116006,-118.4,33.89,36.0,2127.0,314.0,807.0,306.0,8.1596,500001.0,<1H OCEAN
6823,median_house_value,True,False,3.170457041116006,-117.08,34.08,34.0,45.0,11.0,39.0,14.0,3.0625,500001.0,INLAND
6850,median_house_value,True,False,3.170457041116006,-122.12,37.4,31.0,2356.0,405.0,921.0,358.0,7.0245,500001.0,NEAR BAY
6874,median_house_value,True,False,3.170457041116006,-118.58,34.12,42.0,718.0,140.0,324.0,131.0,6.4018,500001.0,<1H OCEAN
6902,median_house_value,True,False,3.170457041116006,-117.79,33.75,26.0,2955.0,377.0,1074.0,373.0,9.3845,500001.0,<1H OCEAN
6909,median_house_value,True,False,3.170457041116006,-122.17,37.46,47.0,2312.0,332.0,1044.0,282.0,9.459,500001.0,NEAR BAY
6917,median_house_value,True,False,3.170457041116006,-122.03,37.27,32.0,4350.0,645.0,1551.0,609.0,7.8279,500001.0,<1H OCEAN
6920,median_house_value,True,False,3.170457041116006,-122.23,37.83,52.0,2990.0,379.0,947.0,361.0,7.8772,500001.0,NEAR BAY
6942,median_house_value,True,False,3.170457041116006,-122.0,37.23,36.0,3191.0,430.0,1234.0,440.0,9.0704,500001.0,<1H OCEAN
6953,median_house_value,True,False,3.170457041116006,-118.2,34.19,38.0,2176.0,266.0,798.0,243.0,15.0001,500001.0,<1H OCEAN
6964,median_house_value,True,False,3.170457041116006,-118.39,34.06,39.0,3299.0,831.0,1649.0,759.0,3.3295,500001.0,<1H OCEAN
6974,median_house_value,True,False,3.170457041116006,-118.44,34.05,18.0,4780.0,1192.0,1886.0,1036.0,4.4674,500001.0,<1H OCEAN
6987,median_house_value,True,False,3.170457041116006,-122.13,37.39,27.0,3385.0,427.0,1248.0,409.0,12.0372,500001.0,NEAR BAY
7007,median_house_value,True,False,3.170457041116006,-118.43,34.06,20.0,4600.0,1018.0,1675.0,932.0,5.1999,500001.0,<1H OCEAN
7021,median_house_value,True,False,3.170457041116006,-122.33,37.39,52.0,573.0,102.0,232.0,92.0,6.2263,500001.0,NEAR OCEAN
7026,median_house_value,True,False,3.170457041116006,-122.11,37.37,22.0,1477.0,195.0,520.0,187.0,10.3329,500001.0,NEAR BAY
7053,median_house_value,True,False,3.170457041116006,-118.42,33.9,37.0,1576.0,345.0,662.0,340.0,5.308,500001.0,<1H OCEAN
7065,median_house_value,True,False,3.170457041116006,-122.37,37.58,34.0,2697.0,313.0,810.0,279.0,12.4291,500001.0,NEAR OCEAN
7075,median_house_value,True,False,3.170457041116006,-118.35,34.07,45.0,3312.0,880.0,1157.0,809.0,3.5719,500001.0,<1H OCEAN
7089,median_house_value,True,False,3.170457041116006,-117.89,33.61,44.0,2126.0,423.0,745.0,332.0,5.1923,500001.0,<1H OCEAN
7171,median_house_value,True,False,3.170457041116006,-122.1,37.37,37.0,2511.0,354.0,945.0,348.0,8.3924,500001.0,NEAR BAY
7193,median_house_value,True,False,3.1179530102790016,-118.43,34.04,52.0,2425.0,435.0,962.0,412.0,5.8587,494700.0,<1H OCEAN
7208,median_house_value,True,False,3.170457041116006,-119.66,34.44,26.0,2790.0,413.0,1014.0,397.0,6.5631,500001.0,<1H OCEAN
7210,median_house_value,True,False,3.170457041116006,-117.79,33.75,26.0,2893.0,345.0,983.0,326.0,13.466,500001.0,<1H OCEAN
7217,median_house_value,True,False,3.170457041116006,-122.13,37.45,37.0,2295.0,332.0,933.0,332.0,6.7257,500001.0,NEAR BAY
7222,median_house_value,True,False,3.170457041116006,-118.35,34.06,52.0,3446.0,1360.0,1768.0,1245.0,2.4722,500001.0,<1H OCEAN
7240,median_house_value,True,False,3.170457041116006,-118.47,34.14,36.0,2873.0,420.0,850.0,379.0,8.153,500001.0,<1H OCEAN
7267,median_house_value,True,False,3.170457041116006,-118.83,34.14,16.0,1316.0,194.0,450.0,173.0,10.1597,500001.0,NEAR OCEAN
7278,median_house_value,True,False,3.170457041116006,-118.43,34.07,34.0,3203.0,483.0,949.0,439.0,10.3467,500001.0,<1H OCEAN
7296,median_house_value,True,False,3.0961629955947134,-117.31,33.0,30.0,1631.0,310.0,665.0,297.0,6.8443,492500.0,NEAR OCEAN
7336,median_house_value,True,False,3.170457041116006,-117.26,32.83,24.0,1663.0,199.0,578.0,187.0,10.7721,500001.0,NEAR OCEAN
7340,median_house_value,True,False,3.170457041116006,-118.43,34.14,44.0,1693.0,239.0,498.0,216.0,10.9237,500001.0,<1H OCEAN
7348,median_house_value,True,False,3.170457041116006,-122.0,37.86,18.0,8953.0,1074.0,3011.0,993.0,10.7372,500001.0,<1H OCEAN
7349,median_house_value,True,False,3.170457041116006,-118.47,34.14,34.0,3646.0,610.0,1390.0,607.0,7.629,500001.0,<1H OCEAN
7352,median_house_value,True,False,3.170457041116006,-118.46,34.08,35.0,3247.0,525.0,1065.0,484.0,7.8426,500001.0,<1H OCEAN
7370,median_house_value,True,False,3.170457041116006,-121.87,37.21,18.0,1080.0,122.0,382.0,121.0,9.08,500001.0,<1H OCEAN
7373,median_house_value,True,False,3.170457041116006,-121.97,37.87,4.0,1029.0,126.0,416.0,122.0,13.4883,500001.0,INLAND
7390,median_house_value,True,False,3.170457041116006,-118.54,34.05,33.0,6778.0,1092.0,2540.0,1052.0,8.565,500001.0,<1H OCEAN
7396,median_house_value,True,False,3.0793252569750367,-117.92,33.63,39.0,1469.0,226.0,553.0,225.0,7.8496,490800.0,<1H OCEAN
7442,median_house_value,True,False,3.170457041116006,-118.4,34.06,52.0,2501.0,362.0,748.0,349.0,6.6343,500001.0,<1H OCEAN
7446,median_house_value,True,False,3.1704471365638764,-122.43,37.8,52.0,2696.0,572.0,925.0,552.0,5.0365,500000.0,NEAR BAY
7450,median_house_value,True,False,3.170457041116006,-121.98,37.25,19.0,755.0,93.0,267.0,99.0,15.0,500001.0,<1H OCEAN
7481,median_house_value,True,False,3.0605066079295153,-122.44,37.77,52.0,2002.0,520.0,939.0,501.0,3.2239,488900.0,NEAR BAY
7485,median_house_value,True,False,3.170457041116006,-118.51,34.04,40.0,1382.0,167.0,483.0,178.0,11.7045,500001.0,<1H OCEAN
7490,median_house_value,True,False,3.170457041116006,-118.43,34.06,11.0,3184.0,641.0,911.0,463.0,7.2675,500001.0,<1H OCEAN
7507,median_house_value,True,False,3.170457041116006,-122.45,37.77,52.0,3188.0,708.0,1526.0,664.0,3.3068,500001.0,NEAR BAY
7545,median_house_value,True,False,3.170457041116006,-122.08,37.34,23.0,2597.0,335.0,922.0,338.0,10.5142,500001.0,<1H OCEAN
7566,median_house_value,True,False,3.170457041116006,-118.44,33.81,33.0,3994.0,990.0,1647.0,931.0,5.0106,500001.0,NEAR OCEAN
7576,median_house_value,True,False,3.035745227606461,-118.37,34.07,52.0,2195.0,435.0,884.0,432.0,5.24,486400.0,<1H OCEAN
7596,median_house_value,True,False,3.170457041116006,-118.42,34.14,27.0,3990.0,892.0,1417.0,800.0,4.0439,500001.0,<1H OCEAN
7597,median_house_value,True,False,3.170457041116006,-122.2,37.4,30.0,2612.0,338.0,980.0,324.0,10.0481,500001.0,NEAR OCEAN
7632,median_house_value,True,False,3.170457041116006,-117.77,33.54,28.0,3404.0,497.0,1134.0,466.0,7.2217,500001.0,<1H OCEAN
7645,median_house_value,True,False,3.170457041116006,-118.42,33.78,36.0,2093.0,303.0,802.0,300.0,8.0957,500001.0,NEAR OCEAN
7654,median_house_value,True,False,3.170457041116006,-122.24,37.86,52.0,1668.0,225.0,517.0,214.0,7.8521,500001.0,NEAR BAY
7668,median_house_value,True,False,3.170457041116006,-118.41,34.07,47.0,2979.0,626.0,1076.0,571.0,3.9904,500001.0,<1H OCEAN
7684,median_house_value,True,False,3.170457041116006,-122.42,37.8,52.0,4985.0,1355.0,1848.0,1255.0,4.9211,500001.0,NEAR BAY
7688,median_house_value,True,False,3.170457041116006,-118.38,34.1,39.0,3798.0,586.0,975.0,525.0,9.3092,500001.0,<1H OCEAN
7723,median_house_value,True,False,3.170457041116006,-117.25,32.86,30.0,1670.0,219.0,606.0,202.0,12.4429,500001.0,NEAR OCEAN
7731,median_house_value,True,False,3.170457041116006,-117.85,33.62,13.0,5192.0,658.0,1865.0,662.0,15.0001,500001.0,<1H OCEAN
7767,median_house_value,True,False,3.170457041116006,-122.39,37.8,25.0,4561.0,1474.0,1525.0,1169.0,4.5581,500001.0,NEAR BAY
7793,median_house_value,True,False,3.170457041116006,-122.44,37.79,52.0,1335.0,151.0,402.0,157.0,10.8783,500001.0,NEAR BAY
7806,median_house_value,True,False,3.170457041116006,-118.4,34.04,40.0,2079.0,268.0,720.0,282.0,9.272,500001.0,<1H OCEAN
7865,median_house_value,True,False,3.170457041116006,-118.41,33.77,22.0,7554.0,991.0,2808.0,946.0,10.06,500001.0,NEAR OCEAN
7906,median_house_value,True,False,3.170457041116006,-117.81,33.68,4.0,1545.0,304.0,788.0,296.0,4.5469,500001.0,<1H OCEAN
7910,median_house_value,True,False,3.170457041116006,-118.37,34.06,52.0,2402.0,506.0,878.0,464.0,4.0217,500001.0,<1H OCEAN
7912,median_house_value,True,False,3.170457041116006,-118.39,34.05,42.0,3105.0,559.0,1253.0,531.0,5.222,500001.0,<1H OCEAN
7920,median_house_value,True,False,3.0832870778267254,-122.31,37.5,22.0,14034.0,3020.0,6266.0,2952.0,4.3939,491200.0,NEAR OCEAN
7949,median_house_value,True,False,3.170457041116006,-122.21,37.46,48.0,2560.0,322.0,921.0,301.0,10.8758,500001.0,NEAR OCEAN
7970,median_house_value,True,False,3.170457041116006,-118.34,33.78,25.0,11016.0,1626.0,4168.0,1584.0,8.1782,500001.0,NEAR OCEAN
7985,median_house_value,True,False,3.170457041116006,-118.38,33.77,21.0,11353.0,1537.0,4649.0,1504.0,9.821,500001.0,NEAR OCEAN
7988,median_house_value,True,False,3.170457041116006,-118.42,34.06,44.0,533.0,90.0,291.0,97.0,10.8045,500001.0,<1H OCEAN
7998,median_house_value,True,False,3.1704471365638764,-118.45,34.06,20.0,3367.0,1264.0,2667.0,1131.0,2.2444,500000.0,<1H OCEAN
8024,median_house_value,True,False,3.170457041116006,-118.11,34.12,52.0,2954.0,371.0,1152.0,347.0,11.5609,500001.0,<1H OCEAN
8035,median_house_value,True,False,3.170457041116006,-118.12,34.11,52.0,2787.0,353.0,1057.0,364.0,10.2317,500001.0,<1H OCEAN
8081,median_house_value,True,False,3.1704471365638764,-122.49,37.5,21.0,1209.0,309.0,801.0,259.0,4.5625,500000.0,NEAR OCEAN
8084,median_house_value,True,False,3.1585616740088103,-122.06,37.33,29.0,1945.0,269.0,826.0,275.0,8.248,498800.0,<1H OCEAN
8114,median_house_value,True,False,3.170457041116006,-118.55,34.03,35.0,9075.0,1858.0,3646.0,1724.0,6.0307,500001.0,<1H OCEAN
8117,median_house_value,True,False,3.170457041116006,-118.4,34.41,22.0,4443.0,560.0,1573.0,496.0,10.0285,500001.0,<1H OCEAN
8118,median_house_value,True,False,3.170457041116006,-118.29,34.11,30.0,2774.0,570.0,1076.0,580.0,5.296,500001.0,<1H OCEAN
8138,median_house_value,True,False,3.170457041116006,-118.56,34.24,23.0,2980.0,362.0,1208.0,378.0,8.1714,500001.0,<1H OCEAN
8155,median_house_value,True,False,3.170457041116006,-118.39,34.06,52.0,1213.0,194.0,503.0,194.0,8.0095,500001.0,<1H OCEAN
8182,median_house_value,True,False,3.170457041116006,-117.3,32.96,30.0,1226.0,205.0,380.0,151.0,4.2875,500001.0,NEAR OCEAN
8184,median_house_value,True,False,3.170457041116006,-122.15,37.44,52.0,2063.0,320.0,774.0,309.0,7.2543,500001.0,NEAR BAY
8194,median_house_value,True,False,3.170457041116006,-118.39,33.9,7.0,4314.0,725.0,1699.0,718.0,8.2037,500001.0,<1H OCEAN
8278,median_house_value,True,False,3.170457041116006,-118.09,33.71,19.0,1397.0,271.0,491.0,197.0,8.7397,500001.0,NEAR OCEAN
8287,median_house_value,True,False,3.170457041116006,-122.07,37.34,30.0,1851.0,238.0,631.0,236.0,10.1007,500001.0,<1H OCEAN
8299,median_house_value,True,False,3.170457041116006,-118.48,34.16,30.0,3507.0,536.0,1427.0,525.0,6.7082,500001.0,<1H OCEAN
8308,median_house_value,True,False,3.170457041116006,-118.15,34.15,52.0,275.0,123.0,273.0,111.0,1.1667,500001.0,<1H OCEAN
8351,median_house_value,True,False,3.170457041116006,-118.36,34.06,52.0,2130.0,455.0,921.0,395.0,2.9605,500001.0,<1H OCEAN
8357,median_house_value,True,False,3.170457041116006,-118.15,34.13,30.0,2763.0,520.0,1143.0,465.0,4.7298,500001.0,<1H OCEAN
8369,median_house_value,True,False,3.170457041116006,-118.03,34.16,36.0,1640.0,239.0,693.0,253.0,6.6888,500001.0,INLAND
8385,median_house_value,True,False,3.170457041116006,-118.4,33.88,36.0,1543.0,214.0,474.0,187.0,9.3399,500001.0,<1H OCEAN
8387,median_house_value,True,False,3.170457041116006,-118.16,34.13,36.0,4003.0,647.0,1337.0,631.0,7.723,500001.0,<1H OCEAN
8397,median_house_value,True,False,3.170457041116006,-122.18,37.41,21.0,1034.0,117.0,323.0,117.0,10.7237,500001.0,NEAR OCEAN
8415,median_house_value,True,False,3.170457041116006,-121.89,36.59,32.0,784.0,112.0,262.0,114.0,6.918,500001.0,NEAR OCEAN
8421,median_house_value,True,False,3.170457041116006,-122.12,37.94,22.0,4949.0,626.0,1850.0,590.0,10.4549,500001.0,NEAR BAY
8426,median_house_value,True,False,3.170457041116006,-122.19,37.46,34.0,5419.0,1183.0,2002.0,1138.0,4.1985,500001.0,NEAR BAY
8437,median_house_value,True,False,3.170457041116006,-122.07,37.35,35.0,1447.0,205.0,619.0,206.0,9.8144,500001.0,<1H OCEAN
8562,median_house_value,True,False,3.170457041116006,-121.95,37.21,20.0,2345.0,322.0,890.0,276.0,10.0187,500001.0,<1H OCEAN
8566,median_house_value,True,False,3.170457041116006,-122.06,37.36,34.0,1747.0,250.0,662.0,257.0,6.8268,500001.0,<1H OCEAN
8568,median_house_value,True,False,3.170457041116006,-118.51,34.11,29.0,9013.0,1117.0,2919.0,1061.0,13.947,500001.0,<1H OCEAN
8584,median_house_value,True,False,3.170457041116006,-122.56,37.94,36.0,2023.0,242.0,653.0,241.0,10.6272,500001.0,NEAR BAY
8589,median_house_value,True,False,3.170457041116006,-122.45,37.79,52.0,3069.0,579.0,1107.0,536.0,5.5634,500001.0,NEAR BAY
8591,median_house_value,True,False,3.170457041116006,-122.48,37.86,52.0,3914.0,752.0,1177.0,670.0,6.2113,500001.0,NEAR BAY
8592,median_house_value,True,False,3.170457041116006,-117.18,32.69,52.0,1837.0,313.0,668.0,300.0,5.1009,500001.0,NEAR OCEAN
8605,median_house_value,True,False,3.170457041116006,-118.41,34.07,52.0,3562.0,394.0,1163.0,361.0,15.0001,500001.0,<1H OCEAN
8606,median_house_value,True,False,3.170457041116006,-122.14,37.38,26.0,2859.0,343.0,951.0,336.0,10.4277,500001.0,NEAR BAY
8622,median_house_value,True,False,3.170457041116006,-118.39,34.08,52.0,3759.0,464.0,1407.0,422.0,15.0001,500001.0,<1H OCEAN
8629,median_house_value,True,False,3.170457041116006,-122.13,37.45,41.0,3233.0,540.0,1251.0,506.0,6.6354,500001.0,NEAR BAY
8659,median_house_value,True,False,3.170457041116006,-119.64,34.43,34.0,3045.0,570.0,1002.0,488.0,5.623,500001.0,<1H OCEAN
8667,median_house_value,True,False,3.170457041116006,-118.49,34.07,36.0,2929.0,366.0,1054.0,352.0,13.5728,500001.0,<1H OCEAN
8668,median_house_value,True,False,3.170457041116006,-117.84,33.6,21.0,4281.0,582.0,1443.0,576.0,9.0519,500001.0,<1H OCEAN
8674,median_house_value,True,False,3.170457041116006,-117.23,33.01,18.0,3961.0,511.0,1541.0,470.0,11.1118,500001.0,NEAR OCEAN
8686,median_house_value,True,False,3.170457041116006,-119.68,34.44,23.0,2600.0,398.0,917.0,374.0,8.7394,500001.0,<1H OCEAN
8735,median_house_value,True,False,3.170457041116006,-118.43,34.11,27.0,10806.0,1440.0,3511.0,1352.0,12.7296,500001.0,<1H OCEAN
8765,median_house_value,True,False,3.170457041116006,-121.93,37.22,21.0,4872.0,594.0,1811.0,560.0,9.3834,500001.0,<1H OCEAN
8777,median_house_value,True,False,3.170457041116006,-118.21,34.2,35.0,3646.0,552.0,1409.0,534.0,6.3794,500001.0,<1H OCEAN
8795,median_house_value,True,False,3.170457041116006,-118.39,33.71,18.0,1193.0,233.0,475.0,228.0,7.5594,500001.0,NEAR OCEAN
8820,median_house_value,True,False,3.170457041116006,-122.42,37.8,52.0,2797.0,685.0,1156.0,651.0,4.3472,500001.0,NEAR BAY
8838,median_house_value,True,False,3.170457041116006,-118.34,34.08,52.0,2756.0,542.0,971.0,510.0,5.5871,500001.0,<1H OCEAN
8844,median_house_value,True,False,3.170457041116006,-122.09,37.36,37.0,1550.0,238.0,805.0,250.0,5.0222,500001.0,NEAR BAY
8850,median_house_value,True,False,3.170457041116006,-122.05,37.31,25.0,4111.0,538.0,1585.0,568.0,9.2298,500001.0,<1H OCEAN
8856,median_house_value,True,False,3.170457041116006,-122.11,37.36,34.0,1575.0,183.0,511.0,180.0,13.1867,500001.0,NEAR BAY
8860,median_house_value,True,False,3.170457041116006,-118.42,34.05,38.0,4888.0,1126.0,1698.0,937.0,4.8304,500001.0,<1H OCEAN
8876,median_house_value,True,False,3.128848017621145,-122.71,37.88,21.0,2845.0,552.0,599.0,250.0,4.3125,495800.0,NEAR OCEAN
8896,median_house_value,True,False,3.170457041116006,-118.43,34.17,42.0,777.0,102.0,284.0,113.0,11.2093,500001.0,<1H OCEAN
8900,median_house_value,True,False,3.170457041116006,-122.22,37.4,32.0,2297.0,287.0,814.0,283.0,15.0001,500001.0,NEAR OCEAN
8912,median_house_value,True,False,3.170457041116006,-118.18,34.19,48.0,1371.0,,528.0,155.0,15.0001,500001.0,<1H OCEAN
8923,median_house_value,True,False,3.170457041116006,-118.5,33.97,29.0,2737.0,808.0,1157.0,696.0,5.128,500001.0,<1H OCEAN
8938,median_house_value,True,False,3.170457041116006,-117.31,32.82,42.0,2785.0,389.0,833.0,333.0,11.3074,500001.0,NEAR OCEAN
8998,median_house_value,True,False,3.170457041116006,-122.42,37.8,52.0,2657.0,772.0,1014.0,685.0,4.038,500001.0,NEAR BAY
9009,median_house_value,True,False,3.170457041116006,-117.26,32.95,15.0,1036.0,149.0,395.0,157.0,5.8343,500001.0,NEAR OCEAN
9023,median_house_value,True,False,3.075363436123348,-118.12,34.14,52.0,2337.0,352.0,981.0,328.0,5.8692,490400.0,<1H OCEAN
9041,median_house_value,True,False,3.170457041116006,-118.41,34.03,33.0,1730.0,386.0,994.0,363.0,3.7277,500001.0,<1H OCEAN
9079,median_house_value,True,False,3.170457041116006,-117.86,33.6,30.0,1891.0,364.0,635.0,314.0,6.6265,500001.0,<1H OCEAN
9097,median_house_value,True,False,3.170457041116006,-117.92,33.57,37.0,3355.0,492.0,921.0,366.0,7.2988,500001.0,NEAR OCEAN
9114,median_house_value,True,False,3.170457041116006,-118.42,34.06,52.0,1881.0,334.0,640.0,321.0,6.871,500001.0,<1H OCEAN
9140,median_house_value,True,False,3.170457041116006,-118.41,33.89,35.0,1194.0,292.0,507.0,295.0,9.0812,500001.0,<1H OCEAN
9162,median_house_value,True,False,3.170457041116006,-118.57,34.09,14.0,7970.0,1142.0,2926.0,1096.0,11.2866,500001.0,<1H OCEAN
9173,median_house_value,True,False,3.170457041116006,-119.29,34.24,27.0,4742.0,775.0,1682.0,696.0,6.194,500001.0,NEAR OCEAN
9184,median_house_value,True,False,3.170457041116006,-122.41,37.8,52.0,2583.0,672.0,1335.0,613.0,3.1477,500001.0,NEAR BAY
9185,median_house_value,True,False,3.170457041116006,-122.49,37.85,38.0,240.0,29.0,63.0,34.0,12.2547,500001.0,NEAR BAY
9186,median_house_value,True,False,3.170457041116006,-122.08,37.36,31.0,2717.0,376.0,1001.0,381.0,9.281,500001.0,NEAR BAY
9276,median_house_value,True,False,3.170457041116006,-117.87,33.6,33.0,3120.0,602.0,1155.0,553.0,5.2949,500001.0,<1H OCEAN
9281,median_house_value,True,False,3.170457041116006,-122.04,37.24,24.0,1521.0,209.0,539.0,192.0,11.1557,500001.0,<1H OCEAN
9304,median_house_value,True,False,3.170457041116006,-122.52,37.94,18.0,1804.0,284.0,600.0,241.0,5.9582,500001.0,NEAR BAY
9340,median_house_value,True,False,3.170457041116006,-119.04,34.28,21.0,1856.0,276.0,863.0,255.0,4.5833,500001.0,<1H OCEAN
9357,median_house_value,True,False,3.170457041116006,-116.43,33.75,24.0,2596.0,438.0,473.0,237.0,3.7727,500001.0,INLAND
9368,median_house_value,True,False,3.170457041116006,-122.06,37.38,20.0,3401.0,768.0,1497.0,747.0,4.2188,500001.0,NEAR BAY
9392,median_house_value,True,False,3.170457041116006,-118.41,33.88,34.0,540.0,107.0,213.0,104.0,6.3403,500001.0,<1H OCEAN
9409,median_house_value,True,False,3.170457041116006,-118.37,34.13,28.0,4287.0,627.0,1498.0,615.0,8.5677,500001.0,<1H OCEAN
9416,median_house_value,True,False,3.170457041116006,-121.91,37.81,7.0,3477.0,416.0,1216.0,395.0,13.1499,500001.0,INLAND
9431,median_house_value,True,False,3.1704471365638764,-118.48,34.0,29.0,1727.0,479.0,741.0,431.0,3.6121,500000.0,<1H OCEAN
9434,median_house_value,True,False,3.170457041116006,-118.35,34.15,52.0,1680.0,238.0,493.0,211.0,9.042,500001.0,<1H OCEAN
9456,median_house_value,True,False,3.170457041116006,-118.57,34.17,31.0,1950.0,383.0,870.0,357.0,3.1875,500001.0,<1H OCEAN
9504,median_house_value,True,False,3.170457041116006,-122.03,37.28,29.0,3752.0,468.0,1320.0,471.0,9.8937,500001.0,<1H OCEAN
9545,median_house_value,True,False,3.170457041116006,-122.07,37.34,33.0,1208.0,198.0,495.0,216.0,5.4659,500001.0,<1H OCEAN
9611,median_house_value,True,False,3.170457041116006,-122.15,37.46,52.0,1803.0,257.0,683.0,259.0,10.9508,500001.0,NEAR BAY
9633,median_house_value,True,False,3.170457041116006,-118.34,34.07,52.0,1621.0,284.0,588.0,272.0,6.2223,500001.0,<1H OCEAN
9650,median_house_value,True,False,3.170457041116006,-118.48,34.05,48.0,3623.0,528.0,1282.0,516.0,9.5221,500001.0,<1H OCEAN
9668,median_house_value,True,False,3.170457041116006,-122.06,37.37,18.0,3058.0,661.0,1377.0,675.0,6.1299,500001.0,<1H OCEAN
9680,median_house_value,True,False,3.170457041116006,-117.89,33.61,41.0,1790.0,361.0,540.0,284.0,6.0247,500001.0,<1H OCEAN
9684,median_house_value,True,False,3.170457041116006,-121.9,37.39,42.0,42.0,14.0,26.0,14.0,1.7361,500001.0,<1H OCEAN
9685,median_house_value,True,False,3.0218788546255504,-118.38,34.08,25.0,4625.0,1307.0,1739.0,1191.0,3.3989,485000.0,<1H OCEAN
9689,median_house_value,True,False,3.170457041116006,-122.08,37.82,4.0,2045.0,237.0,830.0,252.0,11.3421,500001.0,NEAR BAY
9703,median_house_value,True,False,3.0931916299559474,-118.4,33.9,34.0,2674.0,435.0,1087.0,431.0,7.3151,492200.0,<1H OCEAN
9727,median_house_value,True,False,3.170457041116006,-117.79,33.56,36.0,2057.0,329.0,658.0,309.0,7.866,500001.0,<1H OCEAN
9769,median_house_value,True,False,3.170457041116006,-118.42,33.9,43.0,1394.0,321.0,552.0,296.0,5.9596,500001.0,<1H OCEAN
9781,median_house_value,True,False,3.170457041116006,-121.96,37.85,10.0,3209.0,379.0,1199.0,392.0,12.2478,500001.0,INLAND
9790,median_house_value,True,False,3.170457041116006,-122.41,37.79,52.0,3302.0,869.0,1178.0,727.0,3.3681,500001.0,NEAR BAY
9811,median_house_value,True,False,3.170457041116006,-117.92,33.61,23.0,1808.0,408.0,539.0,300.0,3.5682,500001.0,<1H OCEAN
9860,median_house_value,True,False,3.170457041116006,-122.49,37.79,52.0,3146.0,478.0,1143.0,455.0,6.1407,500001.0,NEAR BAY
9866,median_house_value,True,False,3.170457041116006,-122.32,37.55,50.0,2501.0,433.0,1050.0,410.0,4.6406,500001.0,NEAR OCEAN
9877,median_house_value,True,False,3.170457041116006,-118.56,34.25,31.0,1962.0,243.0,697.0,242.0,8.565,500001.0,<1H OCEAN
9882,median_house_value,True,False,3.170457041116006,-122.39,37.58,36.0,6026.0,852.0,2314.0,892.0,7.8997,500001.0,NEAR OCEAN
9893,median_house_value,True,False,3.170457041116006,-122.57,37.96,52.0,3458.0,468.0,1449.0,471.0,9.1834,500001.0,NEAR BAY
9911,median_house_value,True,False,3.170457041116006,-118.15,33.76,36.0,2916.0,785.0,1183.0,749.0,3.5985,500001.0,NEAR OCEAN
9945,median_house_value,True,False,3.170457041116006,-122.47,37.74,52.0,2055.0,265.0,735.0,252.0,8.1189,500001.0,NEAR BAY
9949,median_house_value,True,False,3.170457041116006,-122.1,37.36,35.0,2063.0,266.0,676.0,252.0,8.5294,500001.0,NEAR BAY
9956,median_house_value,True,False,3.170457041116006,-118.31,34.07,20.0,3264.0,1248.0,2919.0,1191.0,2.3674,500001.0,<1H OCEAN
9962,median_house_value,True,False,3.109038913362702,-122.62,37.85,30.0,833.0,164.0,358.0,143.0,6.8198,493800.0,NEAR OCEAN
9975,median_house_value,True,False,3.170457041116006,-118.94,34.24,5.0,10018.0,1233.0,4253.0,1120.0,8.9063,500001.0,<1H OCEAN
10004,median_house_value,True,False,3.170457041116006,-122.11,37.4,31.0,2836.0,490.0,1138.0,481.0,4.9519,500001.0,NEAR BAY
10040,median_house_value,True,False,3.170457041116006,-117.91,33.6,37.0,2088.0,510.0,673.0,390.0,5.1048,500001.0,<1H OCEAN
10049,median_house_value,True,False,3.170457041116006,-118.1,33.74,32.0,2035.0,,934.0,512.0,4.2287,500001.0,NEAR OCEAN
10057,median_house_value,True,False,3.170457041116006,-122.07,37.31,24.0,4401.0,698.0,1818.0,685.0,7.2986,500001.0,<1H OCEAN
10074,median_house_value,True,False,3.170457041116006,-118.36,34.12,26.0,3902.0,610.0,1468.0,632.0,8.5136,500001.0,<1H OCEAN
10121,median_house_value,True,False,3.170457041116006,-122.44,37.79,52.0,3640.0,840.0,1525.0,796.0,4.4375,500001.0,NEAR BAY
10168,median_house_value,True,False,3.170457041116006,-122.44,37.8,52.0,2869.0,594.0,500.0,335.0,5.0376,500001.0,NEAR BAY
10170,median_house_value,True,False,3.1704471365638764,-118.44,34.05,32.0,1880.0,435.0,798.0,417.0,4.7109,500000.0,<1H OCEAN
10174,median_house_value,True,False,3.170457041116006,-118.49,34.05,42.0,1918.0,216.0,632.0,224.0,15.0001,500001.0,<1H OCEAN
10217,median_house_value,True,False,3.170457041116006,-118.34,34.08,52.0,1430.0,186.0,547.0,178.0,10.3661,500001.0,<1H OCEAN
10233,median_house_value,True,False,3.170457041116006,-122.03,37.27,25.0,4460.0,553.0,1608.0,561.0,10.7958,500001.0,<1H OCEAN
10249,median_house_value,True,False,3.1704471365638764,-118.14,33.77,52.0,2208.0,409.0,791.0,408.0,5.8408,500000.0,NEAR OCEAN
10257,median_house_value,True,False,3.170457041116006,-117.86,33.65,4.0,3618.0,767.0,1326.0,714.0,5.4284,500001.0,<1H OCEAN
10270,median_house_value,True,False,3.170457041116006,-118.43,34.09,27.0,1613.0,200.0,497.0,197.0,7.9835,500001.0,<1H OCEAN
10282,median_house_value,True,False,3.170457041116006,-118.11,33.78,16.0,3985.0,567.0,1327.0,564.0,7.9767,500001.0,<1H OCEAN
10298,median_house_value,True,False,3.170457041116006,-118.39,33.82,30.0,3433.0,918.0,1526.0,828.0,4.5817,500001.0,NEAR OCEAN
10321,median_house_value,True,False,3.170457041116006,-118.49,34.16,37.0,3333.0,488.0,1171.0,485.0,6.4958,500001.0,<1H OCEAN
10352,median_house_value,True,False,3.170457041116006,-118.34,34.06,52.0,2089.0,309.0,883.0,281.0,7.4574,500001.0,<1H OCEAN
10364,median_house_value,True,False,3.170457041116006,-117.97,34.15,33.0,2474.0,472.0,1268.0,437.0,6.4576,500001.0,INLAND
10428,median_house_value,True,False,3.170457041116006,-119.59,34.43,28.0,2718.0,542.0,1066.0,442.0,4.2059,500001.0,<1H OCEAN
10436,median_house_value,True,False,3.170457041116006,-118.4,33.78,24.0,4787.0,562.0,1653.0,548.0,12.9758,500001.0,NEAR OCEAN
10441,median_house_value,True,False,3.170457041116006,-118.9,34.19,26.0,1582.0,196.0,573.0,182.0,10.0595,500001.0,<1H OCEAN
10507,median_house_value,True,False,3.170457041116006,-122.45,37.77,52.0,3095.0,682.0,1269.0,639.0,3.575,500001.0,NEAR BAY
10516,median_house_value,True,False,3.003060205580029,-118.59,34.14,19.0,1303.0,155.0,450.0,145.0,10.5511,483100.0,<1H OCEAN
10524,median_house_value,True,False,3.170457041116006,-122.01,37.28,22.0,2038.0,260.0,773.0,281.0,9.1569,500001.0,<1H OCEAN
10541,median_house_value,True,False,3.170457041116006,-117.99,33.97,18.0,4078.0,484.0,1490.0,482.0,10.8034,500001.0,<1H OCEAN
10547,median_house_value,True,False,3.170457041116006,-122.44,37.8,52.0,2865.0,593.0,1029.0,577.0,5.2539,500001.0,NEAR BAY
10565,median_house_value,True,False,3.170457041116006,-118.43,34.07,38.0,3251.0,656.0,1251.0,593.0,7.7382,500001.0,<1H OCEAN
10612,median_house_value,True,False,3.170457041116006,-122.15,37.44,52.0,1400.0,217.0,522.0,227.0,4.9861,500001.0,NEAR BAY
10615,median_house_value,True,False,3.170457041116006,-122.14,37.43,52.0,1327.0,190.0,467.0,189.0,12.5902,500001.0,NEAR BAY
10649,median_house_value,True,False,3.170457041116006,-117.91,33.61,36.0,3082.0,455.0,771.0,365.0,11.216,500001.0,<1H OCEAN
10650,median_house_value,True,False,3.170457041116006,-118.44,34.07,26.0,3535.0,748.0,1322.0,666.0,7.1674,500001.0,<1H OCEAN
10669,median_house_value,True,False,3.170457041116006,-122.21,37.38,28.0,4518.0,578.0,1489.0,559.0,11.3176,500001.0,NEAR OCEAN
10670,median_house_value,True,False,3.170457041116006,-122.36,37.56,32.0,4684.0,540.0,1512.0,511.0,15.0001,500001.0,NEAR OCEAN
10671,median_house_value,True,False,3.170457041116006,-122.45,37.76,50.0,2518.0,507.0,979.0,516.0,4.6912,500001.0,NEAR BAY
10688,median_house_value,True,False,3.170457041116006,-118.49,34.14,28.0,3539.0,441.0,1190.0,421.0,10.6796,500001.0,<1H OCEAN
10690,median_house_value,True,False,3.170457041116006,-121.98,37.22,46.0,10088.0,1910.0,3728.0,1781.0,5.2321,500001.0,<1H OCEAN
10714,median_house_value,True,False,3.170457041116006,-118.33,33.77,33.0,4244.0,595.0,1534.0,557.0,9.8214,500001.0,NEAR OCEAN
10716,median_house_value,True,False,3.170457041116006,-119.79,34.4,20.0,3104.0,415.0,1061.0,380.0,9.6885,500001.0,NEAR OCEAN
10717,median_house_value,True,False,3.170457041116006,-122.08,37.34,28.0,1643.0,216.0,594.0,205.0,12.367,500001.0,<1H OCEAN
10721,median_house_value,True,False,3.170457041116006,-117.26,33.09,22.0,2398.0,407.0,349.0,169.0,7.0423,500001.0,NEAR OCEAN
10723,median_house_value,True,False,3.170457041116006,-117.26,32.95,15.0,1882.0,233.0,704.0,219.0,6.9794,500001.0,NEAR OCEAN
10735,median_house_value,True,False,3.170457041116006,-118.38,33.98,25.0,7105.0,1012.0,2519.0,1004.0,6.8112,500001.0,<1H OCEAN
10748,median_house_value,True,False,3.170457041116006,-118.41,34.05,16.0,9728.0,2211.0,3026.0,1899.0,5.8758,500001.0,<1H OCEAN
10804,median_house_value,True,False,3.170457041116006,-122.12,37.38,34.0,1443.0,218.0,504.0,200.0,8.4709,500001.0,NEAR BAY
10805,median_house_value,True,False,3.170457041116006,-118.11,33.74,43.0,1222.0,303.0,565.0,309.0,4.8482,500001.0,NEAR OCEAN
10812,median_house_value,True,False,3.1258766519823786,-118.1,33.74,33.0,2119.0,524.0,872.0,465.0,4.537,495500.0,NEAR OCEAN
10820,median_house_value,True,False,3.170457041116006,-121.92,36.55,52.0,2616.0,483.0,582.0,313.0,3.275,500001.0,NEAR OCEAN
10846,median_house_value,True,False,3.170457041116006,-118.37,34.11,42.0,5518.0,979.0,1863.0,957.0,8.5842,500001.0,<1H OCEAN
10863,median_house_value,True,False,3.170457041116006,-117.93,33.62,37.0,2204.0,428.0,807.0,410.0,7.0516,500001.0,<1H OCEAN
10870,median_house_value,True,False,3.170457041116006,-118.38,34.07,48.0,2799.0,596.0,1235.0,561.0,4.4896,500001.0,<1H OCEAN
10944,median_house_value,True,False,3.170457041116006,-118.4,34.04,43.0,3863.0,537.0,1398.0,511.0,8.5938,500001.0,<1H OCEAN
10952,median_house_value,True,False,3.170457041116006,-122.39,37.59,32.0,4497.0,,1846.0,715.0,6.1323,500001.0,NEAR OCEAN
11001,median_house_value,True,False,3.170457041116006,-118.06,33.72,17.0,4573.0,937.0,1619.0,796.0,5.7704,500001.0,NEAR OCEAN
11017,median_house_value,True,False,3.170457041116006,-118.38,33.75,23.0,8277.0,1290.0,3176.0,1159.0,7.6986,500001.0,NEAR OCEAN
11051,median_house_value,True,False,3.170457041116006,-119.7,34.47,32.0,3725.0,569.0,1304.0,527.0,7.7261,500001.0,<1H OCEAN
11053,median_house_value,True,False,3.170457041116006,-122.25,37.39,33.0,370.0,42.0,153.0,53.0,10.6514,500001.0,NEAR OCEAN
11107,median_house_value,True,False,3.170457041116006,-118.48,34.04,40.0,1395.0,285.0,610.0,262.0,3.9659,500001.0,<1H OCEAN
11122,median_house_value,True,False,3.170457041116006,-122.44,37.79,52.0,3785.0,808.0,1371.0,799.0,6.4209,500001.0,NEAR BAY
11128,median_house_value,True,False,3.170457041116006,-118.37,33.77,26.0,6339.0,876.0,2540.0,880.0,10.1447,500001.0,NEAR OCEAN
11189,median_house_value,True,False,3.170457041116006,-122.44,37.77,52.0,3225.0,667.0,1494.0,619.0,4.4875,500001.0,NEAR BAY
11200,median_house_value,True,False,3.170457041116006,-118.4,34.08,52.0,3815.0,439.0,1266.0,413.0,15.0001,500001.0,<1H OCEAN
11260,median_house_value,True,False,3.170457041116006,-117.9,33.6,25.0,2465.0,585.0,906.0,472.0,3.6538,500001.0,<1H OCEAN
11268,median_house_value,True,False,3.170457041116006,-118.12,34.13,52.0,2935.0,341.0,975.0,327.0,11.706,500001.0,<1H OCEAN
11295,median_house_value,True,False,3.00801248164464,-118.38,33.81,33.0,2349.0,407.0,954.0,373.0,6.4956,483600.0,NEAR OCEAN
11299,median_house_value,True,False,3.170457041116006,-117.63,33.38,12.0,5744.0,1054.0,2104.0,847.0,5.1482,500001.0,NEAR OCEAN
11305,median_house_value,True,False,3.170457041116006,-122.44,37.8,52.0,3161.0,472.0,842.0,410.0,7.9761,500001.0,NEAR BAY
11310,median_house_value,True,False,3.170457041116006,-122.56,37.92,37.0,1926.0,290.0,721.0,298.0,8.9248,500001.0,NEAR BAY
11315,median_house_value,True,False,3.170457041116006,-117.9,33.61,19.0,2897.0,413.0,860.0,367.0,13.1738,500001.0,<1H OCEAN
11339,median_house_value,True,False,3.170457041116006,-122.07,37.36,28.0,4612.0,608.0,1686.0,567.0,10.0346,500001.0,<1H OCEAN
11345,median_house_value,True,False,3.009993392070484,-118.38,34.14,40.0,1965.0,354.0,666.0,357.0,6.0876,483800.0,<1H OCEAN
11411,median_house_value,True,False,3.170457041116006,-117.8,33.53,41.0,2017.0,489.0,783.0,403.0,4.1591,500001.0,<1H OCEAN
11428,median_house_value,True,False,3.170457041116006,-122.45,37.79,52.0,2196.0,280.0,668.0,291.0,10.0914,500001.0,NEAR BAY
11439,median_house_value,True,False,3.170457041116006,-121.96,37.22,35.0,4709.0,723.0,1866.0,694.0,8.492,500001.0,<1H OCEAN
11440,median_house_value,True,False,3.170457041116006,-122.55,37.97,52.0,2232.0,291.0,731.0,253.0,7.1155,500001.0,NEAR BAY
11462,median_house_value,True,False,3.041687958883994,-117.71,33.51,11.0,2198.0,252.0,883.0,281.0,13.1477,487000.0,<1H OCEAN
11466,median_house_value,True,False,2.980279735682819,-122.32,37.52,17.0,6645.0,1034.0,2557.0,1032.0,6.3892,480800.0,NEAR OCEAN
11484,median_house_value,True,False,3.170457041116006,-122.23,37.42,16.0,1945.0,320.0,512.0,300.0,7.4542,500001.0,NEAR OCEAN
11486,median_house_value,True,False,3.170457041116006,-122.46,37.74,52.0,2053.0,281.0,791.0,287.0,10.959,500001.0,NEAR BAY
11500,median_house_value,True,False,3.170457041116006,-117.88,33.6,31.0,5488.0,1055.0,1938.0,964.0,8.8742,500001.0,<1H OCEAN
11505,median_house_value,True,False,3.1704471365638764,-117.38,33.19,26.0,4123.0,1145.0,1703.0,895.0,1.9891,500000.0,NEAR OCEAN
11522,median_house_value,True,False,3.170457041116006,-117.81,33.82,22.0,2898.0,335.0,1057.0,324.0,10.8111,500001.0,<1H OCEAN
11563,median_house_value,True,False,3.170457041116006,-122.03,37.83,24.0,5948.0,738.0,1997.0,710.0,9.8708,500001.0,NEAR BAY
11610,median_house_value,True,False,3.170457041116006,-117.88,33.55,27.0,2278.0,316.0,772.0,304.0,10.1275,500001.0,<1H OCEAN
11612,median_house_value,True,False,3.170457041116006,-118.06,33.72,22.0,4311.0,531.0,1426.0,533.0,9.8177,500001.0,NEAR OCEAN
11639,median_house_value,True,False,3.170457041116006,-122.02,37.28,25.0,3437.0,428.0,1198.0,411.0,9.3464,500001.0,<1H OCEAN
11653,median_house_value,True,False,3.170457041116006,-122.45,37.79,52.0,1457.0,215.0,495.0,208.0,10.7097,500001.0,NEAR BAY
11693,median_house_value,True,False,3.170457041116006,-117.86,33.61,15.0,3191.0,482.0,930.0,447.0,8.6001,500001.0,<1H OCEAN
11711,median_house_value,True,False,3.170457041116006,-122.43,37.76,52.0,2242.0,459.0,751.0,464.0,4.75,500001.0,NEAR BAY
11715,median_house_value,True,False,3.170457041116006,-122.21,37.37,34.0,1476.0,217.0,613.0,223.0,8.2883,500001.0,NEAR OCEAN
11717,median_house_value,True,False,3.170457041116006,-119.75,34.4,31.0,1997.0,299.0,826.0,301.0,6.8927,500001.0,NEAR OCEAN
11724,median_house_value,True,False,3.170457041116006,-118.06,34.14,40.0,2662.0,379.0,1151.0,387.0,8.4889,500001.0,INLAND
11730,median_house_value,True,False,3.170457041116006,-122.21,37.46,40.0,1777.0,207.0,577.0,207.0,15.0001,500001.0,NEAR OCEAN
11733,median_house_value,True,False,3.0090029368575624,-118.19,34.2,41.0,2031.0,294.0,859.0,302.0,7.419,483700.0,<1H OCEAN
11756,median_house_value,True,False,3.170457041116006,-118.51,34.03,37.0,4072.0,905.0,1468.0,923.0,3.8571,500001.0,<1H OCEAN
11767,median_house_value,True,False,3.111019823788546,-122.03,37.86,25.0,3004.0,393.0,1145.0,376.0,7.2655,494000.0,NEAR BAY
11769,median_house_value,True,False,3.0228693098384727,-118.43,34.04,52.0,1782.0,308.0,735.0,307.0,5.2954,485100.0,<1H OCEAN
11794,median_house_value,True,False,3.170457041116006,-117.24,32.71,32.0,4164.0,701.0,1277.0,607.0,6.6661,500001.0,NEAR OCEAN
11816,median_house_value,True,False,3.170457041116006,-117.73,33.49,31.0,5112.0,778.0,1530.0,648.0,10.3983,500001.0,<1H OCEAN
11875,median_house_value,True,False,3.170457041116006,-118.46,34.01,48.0,1640.0,322.0,664.0,301.0,4.0,500001.0,<1H OCEAN
11883,median_house_value,True,False,3.170457041116006,-122.14,37.36,23.0,11294.0,1377.0,3840.0,1367.0,12.1387,500001.0,NEAR BAY
12007,median_house_value,True,False,3.1258766519823786,-118.39,33.88,33.0,2543.0,439.0,1098.0,416.0,5.9683,495500.0,<1H OCEAN
12009,median_house_value,True,False,3.1575712187958884,-118.31,34.13,40.0,2822.0,443.0,907.0,414.0,7.2692,498700.0,<1H OCEAN
12010,median_house_value,True,False,3.170457041116006,-119.66,34.43,27.0,5509.0,1059.0,2591.0,979.0,3.8456,500001.0,<1H OCEAN
12057,median_house_value,True,False,3.170457041116006,-118.44,34.09,36.0,3129.0,392.0,862.0,334.0,15.0001,500001.0,<1H OCEAN
12138,median_house_value,True,False,3.170457041116006,-117.8,33.83,17.0,2971.0,350.0,1180.0,346.0,11.1228,500001.0,<1H OCEAN
12200,median_house_value,True,False,3.170457041116006,-122.02,37.29,18.0,2550.0,312.0,999.0,320.0,8.7939,500001.0,<1H OCEAN
12206,median_house_value,True,False,3.170457041116006,-122.33,37.56,50.0,1975.0,245.0,644.0,251.0,10.0743,500001.0,NEAR OCEAN
12271,median_house_value,True,False,3.170457041116006,-122.44,37.79,52.0,1979.0,359.0,648.0,370.0,5.3124,500001.0,NEAR BAY
12276,median_house_value,True,False,3.170457041116006,-121.88,36.49,28.0,2830.0,458.0,898.0,370.0,5.8142,500001.0,NEAR OCEAN
12298,median_house_value,True,False,3.0050411160058736,-122.27,37.55,15.0,1958.0,282.0,811.0,284.0,8.1221,483300.0,NEAR BAY
12302,median_house_value,True,False,3.170457041116006,-122.48,37.85,42.0,6297.0,1307.0,2096.0,1205.0,6.4752,500001.0,NEAR BAY
12308,median_house_value,True,False,3.170457041116006,-118.39,34.1,30.0,6310.0,957.0,1776.0,880.0,8.944,500001.0,<1H OCEAN
12309,median_house_value,True,False,3.170457041116006,-122.25,37.87,52.0,609.0,236.0,1349.0,250.0,1.1696,500001.0,NEAR BAY
12316,median_house_value,True,False,3.170457041116006,-122.33,37.56,34.0,6394.0,1619.0,2400.0,1496.0,3.4902,500001.0,NEAR OCEAN
12319,median_house_value,True,False,3.170457041116006,-121.93,37.66,24.0,3166.0,424.0,1081.0,400.0,8.3337,500001.0,<1H OCEAN
12328,median_house_value,True,False,3.1704471365638764,-122.37,37.58,52.0,2188.0,361.0,917.0,357.0,4.4,500000.0,NEAR OCEAN
12349,median_house_value,True,False,3.170457041116006,-118.49,34.04,31.0,4066.0,951.0,1532.0,868.0,4.8125,500001.0,<1H OCEAN
12388,median_house_value,True,False,3.170457041116006,-122.15,37.46,39.0,906.0,109.0,353.0,112.0,10.3942,500001.0,NEAR BAY
12394,median_house_value,True,False,3.170457041116006,-118.39,34.04,45.0,2089.0,312.0,834.0,305.0,7.3028,500001.0,<1H OCEAN
12427,median_house_value,True,False,3.170457041116006,-117.65,33.53,7.0,6814.0,785.0,2175.0,681.0,10.49,500001.0,<1H OCEAN
12453,median_house_value,True,False,3.170457041116006,-118.39,34.06,43.0,1879.0,397.0,873.0,382.0,3.8158,500001.0,<1H OCEAN
12464,median_house_value,True,False,3.170457041116006,-122.55,37.92,52.0,2303.0,350.0,859.0,359.0,6.1085,500001.0,NEAR BAY
12507,median_house_value,True,False,3.170457041116006,-118.45,34.08,52.0,1500.0,176.0,384.0,145.0,7.1576,500001.0,<1H OCEAN
12546,median_house_value,True,False,3.1704471365638764,-122.44,37.79,52.0,1726.0,384.0,614.0,356.0,3.6812,500000.0,NEAR BAY
12560,median_house_value,True,False,3.170457041116006,-118.41,34.06,43.0,2665.0,556.0,1015.0,506.0,4.1411,500001.0,<1H OCEAN
12569,median_house_value,True,False,3.170457041116006,-117.92,33.61,37.0,1244.0,173.0,394.0,154.0,10.3682,500001.0,<1H OCEAN
12573,median_house_value,True,False,3.170457041116006,-122.18,37.44,44.0,2237.0,347.0,948.0,346.0,8.2436,500001.0,NEAR OCEAN
12582,median_house_value,True,False,3.1704471365638764,-121.89,36.6,19.0,656.0,200.0,248.0,173.0,1.2656,500000.0,<1H OCEAN
12671,median_house_value,True,False,3.170457041116006,-118.06,33.73,16.0,4392.0,602.0,1490.0,578.0,10.5424,500001.0,<1H OCEAN
12686,median_house_value,True,False,3.170457041116006,-122.08,37.84,17.0,1320.0,159.0,1722.0,141.0,11.7064,500001.0,NEAR BAY
12705,median_house_value,True,False,3.170457041116006,-122.08,37.36,28.0,2181.0,284.0,728.0,238.0,8.2266,500001.0,NEAR BAY
12709,median_house_value,True,False,3.170457041116006,-118.37,34.09,31.0,2697.0,706.0,1059.0,689.0,2.8942,500001.0,<1H OCEAN
12722,median_house_value,True,False,3.170457041116006,-117.22,33.87,16.0,56.0,7.0,39.0,14.0,2.625,500001.0,INLAND
12731,median_house_value,True,False,3.1149816446402347,-122.45,37.78,52.0,1345.0,291.0,560.0,294.0,3.7159,494400.0,NEAR BAY
12758,median_house_value,True,False,3.170457041116006,-122.19,37.42,47.0,932.0,167.0,295.0,116.0,8.4375,500001.0,NEAR OCEAN
12759,median_house_value,True,False,3.154599853157122,-118.27,34.18,52.0,3034.0,406.0,1158.0,399.0,6.2976,498400.0,<1H OCEAN
12774,median_house_value,True,False,3.170457041116006,-118.32,34.13,34.0,1856.0,273.0,540.0,264.0,4.0833,500001.0,<1H OCEAN
12779,median_house_value,True,False,3.170457041116006,-118.11,34.12,48.0,2476.0,313.0,900.0,303.0,10.6767,500001.0,<1H OCEAN
12782,median_house_value,True,False,3.170457041116006,-117.26,32.95,34.0,1651.0,273.0,650.0,271.0,5.6582,500001.0,NEAR OCEAN
12792,median_house_value,True,False,3.170457041116006,-122.08,37.35,33.0,2398.0,317.0,832.0,314.0,10.3591,500001.0,NEAR BAY
12837,median_house_value,True,False,3.170457041116006,-122.43,37.81,52.0,4309.0,942.0,1297.0,798.0,4.6781,500001.0,NEAR BAY
12858,median_house_value,True,False,3.170457041116006,-118.56,34.17,35.0,2987.0,391.0,1244.0,387.0,7.1322,500001.0,<1H OCEAN
12898,median_house_value,True,False,3.170457041116006,-119.51,34.46,28.0,3506.0,563.0,1362.0,483.0,6.091,500001.0,<1H OCEAN
12958,median_house_value,True,False,3.170457041116006,-117.92,33.61,36.0,1025.0,150.0,316.0,126.0,10.3048,500001.0,<1H OCEAN
12962,median_house_value,True,False,3.170457041116006,-120.04,34.72,13.0,3942.0,585.0,1542.0,515.0,6.6054,500001.0,NEAR OCEAN
12979,median_house_value,True,False,3.170457041116006,-118.4,34.06,52.0,1871.0,326.0,646.0,284.0,8.2961,500001.0,<1H OCEAN
12990,median_house_value,True,False,3.170457041116006,-122.22,37.82,39.0,2492.0,310.0,808.0,315.0,11.8603,500001.0,NEAR BAY
13012,median_house_value,True,False,3.0426784140969163,-121.94,36.55,30.0,2722.0,584.0,628.0,384.0,3.4048,487100.0,NEAR OCEAN
13019,median_house_value,True,False,3.170457041116006,-117.32,33.51,4.0,966.0,133.0,311.0,92.0,5.2066,500001.0,<1H OCEAN
13023,median_house_value,True,False,3.170457041116006,-118.46,33.98,19.0,2520.0,726.0,964.0,663.0,3.8068,500001.0,<1H OCEAN
13038,median_house_value,True,False,3.170457041116006,-117.26,32.96,36.0,1721.0,264.0,710.0,282.0,10.1768,500001.0,NEAR OCEAN
13083,median_house_value,True,False,3.170457041116006,-118.47,33.99,24.0,1438.0,454.0,665.0,416.0,2.975,500001.0,<1H OCEAN
13089,median_house_value,True,False,3.170457041116006,-118.85,34.27,50.0,187.0,33.0,130.0,35.0,3.3438,500001.0,<1H OCEAN
13100,median_house_value,True,False,3.170457041116006,-118.39,34.07,45.0,3143.0,553.0,1153.0,564.0,5.7762,500001.0,<1H OCEAN
13137,median_house_value,True,False,3.170457041116006,-121.83,37.23,7.0,5389.0,903.0,2232.0,825.0,6.6659,500001.0,<1H OCEAN
13148,median_house_value,True,False,3.170457041116006,-118.46,33.77,28.0,3065.0,406.0,1101.0,391.0,10.5536,500001.0,NEAR OCEAN
13185,median_house_value,True,False,3.0218788546255504,-118.07,33.72,24.0,1240.0,296.0,513.0,254.0,4.9044,485000.0,NEAR OCEAN
13191,median_house_value,True,False,3.170457041116006,-118.5,33.99,22.0,3484.0,975.0,1268.0,952.0,3.2609,500001.0,<1H OCEAN
13199,median_house_value,True,False,3.170457041116006,-122.47,37.79,52.0,2844.0,623.0,1380.0,596.0,4.75,500001.0,NEAR BAY
13200,median_house_value,True,False,3.170457041116006,-118.08,34.13,35.0,1897.0,279.0,733.0,291.0,7.4185,500001.0,INLAND
13202,median_house_value,True,False,2.9941461086637298,-118.37,33.81,33.0,5057.0,790.0,2021.0,748.0,6.8553,482200.0,NEAR OCEAN
13223,median_house_value,True,False,3.170457041116006,-118.1,34.13,44.0,1917.0,265.0,754.0,257.0,12.4237,500001.0,<1H OCEAN
13237,median_house_value,True,False,3.170457041116006,-118.54,34.15,26.0,10111.0,1295.0,3599.0,1257.0,10.2292,500001.0,<1H OCEAN
13246,median_house_value,True,False,2.999098384728341,-117.19,32.69,35.0,2921.0,438.0,1042.0,415.0,6.3612,482700.0,NEAR OCEAN
13251,median_house_value,True,False,3.170457041116006,-120.16,34.61,17.0,921.0,189.0,434.0,219.0,3.0185,500001.0,NEAR OCEAN
13255,median_house_value,True,False,3.170457041116006,-122.34,37.46,21.0,1799.0,293.0,576.0,277.0,7.439,500001.0,NEAR OCEAN
13264,median_house_value,True,False,3.170457041116006,-117.89,33.61,45.0,1883.0,419.0,653.0,328.0,4.2222,500001.0,<1H OCEAN
13270,median_house_value,True,False,3.170457041116006,-119.23,34.17,18.0,6171.0,1490.0,2164.0,1210.0,3.6875,500001.0,NEAR OCEAN
13272,median_house_value,True,False,3.170457041116006,-122.2,37.4,37.0,1296.0,194.0,540.0,192.0,8.2782,500001.0,NEAR OCEAN
13278,median_house_value,True,False,3.170457041116006,-122.01,37.26,14.0,2561.0,404.0,1172.0,378.0,7.6107,500001.0,<1H OCEAN
13279,median_house_value,True,False,3.170457041116006,-119.63,34.44,37.0,3188.0,442.0,984.0,376.0,9.4522,500001.0,<1H OCEAN
13297,median_house_value,True,False,3.170457041116006,-122.2,37.44,31.0,2328.0,270.0,722.0,247.0,15.0001,500001.0,NEAR OCEAN
13354,median_house_value,True,False,3.170457041116006,-118.28,34.12,50.0,2384.0,312.0,836.0,337.0,12.8763,500001.0,<1H OCEAN
13380,median_house_value,True,False,3.170457041116006,-117.89,33.6,36.0,1496.0,247.0,441.0,203.0,7.8164,500001.0,<1H OCEAN
13404,median_house_value,True,False,3.170457041116006,-122.01,37.29,31.0,3136.0,431.0,1190.0,412.0,7.5,500001.0,<1H OCEAN
13405,median_house_value,True,False,3.170457041116006,-118.37,34.06,52.0,1608.0,289.0,630.0,252.0,5.5596,500001.0,<1H OCEAN
13422,median_house_value,True,False,3.170457041116006,-122.07,37.35,35.0,1579.0,210.0,570.0,196.0,8.5888,500001.0,<1H OCEAN
13436,median_house_value,True,False,3.170457041116006,-122.49,37.79,52.0,2488.0,281.0,805.0,295.0,10.7058,500001.0,NEAR BAY
13439,median_house_value,True,False,3.170457041116006,-118.52,34.04,43.0,2167.0,254.0,761.0,256.0,13.6842,500001.0,<1H OCEAN
13495,median_house_value,True,False,3.170457041116006,-118.27,34.17,52.0,2287.0,295.0,829.0,296.0,7.8383,500001.0,<1H OCEAN
13518,median_house_value,True,False,3.170457041116006,-118.48,34.05,36.0,2143.0,434.0,751.0,396.0,6.7496,500001.0,<1H OCEAN
13523,median_house_value,True,False,3.170457041116006,-118.39,34.06,37.0,2975.0,705.0,1291.0,654.0,5.3316,500001.0,<1H OCEAN
13569,median_house_value,True,False,3.1704471365638764,-118.16,33.72,29.0,2743.0,708.0,1059.0,651.0,3.625,500000.0,NEAR OCEAN
13573,median_house_value,True,False,3.170457041116006,-118.41,34.03,36.0,3053.0,635.0,1234.0,577.0,5.1637,500001.0,<1H OCEAN
13663,median_house_value,True,False,3.170457041116006,-118.52,34.05,45.0,1814.0,325.0,709.0,311.0,4.825,500001.0,<1H OCEAN
13667,median_house_value,True,False,3.170457041116006,-121.89,37.82,4.0,11444.0,1355.0,3898.0,1257.0,13.2949,500001.0,INLAND
13679,median_house_value,True,False,3.170457041116006,-122.27,37.43,33.0,1601.0,223.0,629.0,215.0,15.0001,500001.0,NEAR OCEAN
13682,median_house_value,True,False,3.104086637298091,-117.22,33.48,5.0,1585.0,247.0,510.0,181.0,6.9136,493300.0,<1H OCEAN
13686,median_house_value,True,False,3.0436688693098386,-117.79,33.76,25.0,2037.0,252.0,796.0,249.0,11.0546,487200.0,<1H OCEAN
13697,median_house_value,True,False,3.170457041116006,-122.42,37.81,52.0,1314.0,317.0,473.0,250.0,4.3472,500001.0,NEAR BAY
13715,median_house_value,True,False,3.170457041116006,-118.69,34.08,23.0,204.0,40.0,117.0,41.0,9.7646,500001.0,NEAR OCEAN
13720,median_house_value,True,False,3.0961629955947134,-118.35,34.0,30.0,1879.0,226.0,740.0,266.0,6.431,492500.0,<1H OCEAN
13722,median_house_value,True,False,3.156580763582966,-117.99,33.95,30.0,2217.0,284.0,851.0,291.0,10.4835,498600.0,<1H OCEAN
13765,median_house_value,True,False,3.170457041116006,-122.43,37.8,52.0,2520.0,649.0,959.0,607.0,5.7934,500001.0,NEAR BAY
13794,median_house_value,True,False,3.170457041116006,-122.34,37.55,25.0,4470.0,518.0,1507.0,504.0,13.3913,500001.0,NEAR OCEAN
13805,median_house_value,True,False,3.170457041116006,-118.48,34.07,29.0,4767.0,777.0,1500.0,638.0,10.7937,500001.0,<1H OCEAN
13834,median_house_value,True,False,3.170457041116006,-122.44,37.79,52.0,1817.0,535.0,800.0,487.0,3.975,500001.0,NEAR BAY
13865,median_house_value,True,False,3.170457041116006,-117.24,32.85,22.0,3479.0,448.0,1252.0,440.0,10.0707,500001.0,NEAR OCEAN
13902,median_house_value,True,False,3.170457041116006,-122.46,37.79,52.0,2005.0,359.0,847.0,356.0,4.1029,500001.0,NEAR BAY
13911,median_house_value,True,False,3.170457041116006,-122.27,37.54,15.0,2126.0,310.0,905.0,306.0,8.9083,500001.0,NEAR BAY
13927,median_house_value,True,False,3.170457041116006,-122.42,37.78,27.0,1728.0,884.0,1211.0,752.0,0.8543,500001.0,NEAR BAY
13971,median_house_value,True,False,3.170457041116006,-122.19,37.44,38.0,3383.0,456.0,1203.0,465.0,9.3198,500001.0,NEAR OCEAN
13982,median_house_value,True,False,3.170457041116006,-122.54,37.96,33.0,2534.0,495.0,996.0,449.0,4.3083,500001.0,NEAR BAY
14007,median_house_value,True,False,3.170457041116006,-122.19,37.44,39.0,4402.0,618.0,1616.0,631.0,8.9955,500001.0,NEAR OCEAN
14018,median_house_value,True,False,3.170457041116006,-118.41,33.88,40.0,925.0,254.0,371.0,227.0,5.2533,500001.0,<1H OCEAN
14026,median_house_value,True,False,3.170457041116006,-117.87,33.62,8.0,1266.0,,375.0,183.0,9.802,500001.0,<1H OCEAN
14039,median_house_value,True,False,3.170457041116006,-118.17,33.74,36.0,2006.0,453.0,807.0,426.0,3.7838,500001.0,NEAR OCEAN
14053,median_house_value,True,False,3.1704471365638764,-121.94,36.58,23.0,4911.0,693.0,1480.0,606.0,6.777,500000.0,NEAR OCEAN
14081,median_house_value,True,False,3.170457041116006,-122.08,37.24,21.0,427.0,63.0,182.0,70.0,11.3283,500001.0,<1H OCEAN
14085,median_house_value,True,False,3.170457041116006,-118.49,34.06,42.0,2861.0,360.0,829.0,310.0,15.0001,500001.0,<1H OCEAN
14095,median_house_value,True,False,3.170457041116006,-122.15,37.45,52.0,2117.0,353.0,734.0,328.0,6.767,500001.0,NEAR BAY
14125,median_house_value,True,False,3.170457041116006,-122.0,37.84,16.0,7681.0,946.0,2777.0,908.0,9.5271,500001.0,<1H OCEAN
14164,median_house_value,True,False,3.170457041116006,-118.46,33.99,35.0,1214.0,300.0,478.0,265.0,4.0156,500001.0,<1H OCEAN
14178,median_house_value,True,False,3.170457041116006,-117.91,33.62,35.0,2426.0,359.0,937.0,387.0,9.2175,500001.0,<1H OCEAN
14186,median_house_value,True,False,3.170457041116006,-118.46,34.06,46.0,1302.0,215.0,482.0,226.0,7.0674,500001.0,<1H OCEAN
14192,median_house_value,True,False,3.170457041116006,-117.91,33.62,32.0,1997.0,427.0,944.0,426.0,4.4063,500001.0,<1H OCEAN
14221,median_house_value,True,False,3.170457041116006,-118.51,34.25,24.0,4338.0,558.0,1514.0,549.0,8.8612,500001.0,<1H OCEAN
14253,median_house_value,True,False,3.170457041116006,-118.65,34.21,5.0,5429.0,665.0,2315.0,687.0,9.6465,500001.0,<1H OCEAN
14260,median_house_value,True,False,3.170457041116006,-117.81,33.56,24.0,6258.0,1003.0,1730.0,752.0,10.9601,500001.0,<1H OCEAN
14264,median_house_value,True,False,3.170457041116006,-118.49,34.0,32.0,3407.0,1071.0,1463.0,986.0,3.0369,500001.0,<1H OCEAN
14266,median_house_value,True,False,3.170457041116006,-119.17,34.31,21.0,259.0,38.0,142.0,45.0,5.2681,500001.0,NEAR OCEAN
14276,median_house_value,True,False,3.170457041116006,-118.46,34.07,43.0,2511.0,456.0,808.0,407.0,6.7703,500001.0,<1H OCEAN
14281,median_house_value,True,False,3.170457041116006,-122.46,37.98,10.0,1325.0,189.0,427.0,162.0,12.0933,500001.0,NEAR BAY
14306,median_house_value,True,False,3.170457041116006,-122.34,37.55,44.0,2465.0,328.0,843.0,324.0,6.9533,500001.0,NEAR OCEAN
14315,median_house_value,True,False,3.0743729809104257,-118.2,33.83,35.0,3737.0,613.0,1305.0,583.0,7.2096,490300.0,NEAR OCEAN
14336,median_house_value,True,False,3.170457041116006,-118.9,34.14,35.0,1503.0,263.0,576.0,216.0,5.1457,500001.0,<1H OCEAN
14343,median_house_value,True,False,3.170457041116006,-122.24,37.43,36.0,2410.0,361.0,934.0,377.0,7.652,500001.0,NEAR OCEAN
14352,median_house_value,True,False,3.170457041116006,-117.82,33.64,18.0,1974.0,260.0,808.0,278.0,9.8589,500001.0,<1H OCEAN
14354,median_house_value,True,False,3.170457041116006,-117.27,32.83,35.0,1420.0,193.0,469.0,177.0,8.0639,500001.0,NEAR OCEAN
14356,median_house_value,True,False,3.170457041116006,-122.45,37.77,52.0,1722.0,465.0,885.0,437.0,3.0906,500001.0,NEAR BAY
14373,median_house_value,True,False,3.170457041116006,-117.26,32.85,30.0,3652.0,499.0,978.0,462.0,8.2374,500001.0,NEAR OCEAN
14376,median_house_value,True,False,3.170457041116006,-118.42,34.08,46.0,1399.0,148.0,410.0,152.0,15.0001,500001.0,<1H OCEAN
14425,median_house_value,True,False,3.170457041116006,-122.42,37.8,52.0,741.0,170.0,277.0,165.0,4.4712,500001.0,NEAR BAY
14426,median_house_value,True,False,3.170457041116006,-118.41,34.04,52.0,1907.0,261.0,681.0,249.0,10.9805,500001.0,<1H OCEAN
14438,median_house_value,True,False,3.170457041116006,-122.14,37.45,48.0,2074.0,297.0,700.0,279.0,8.7051,500001.0,NEAR BAY
